part_id,part_name,invoice_date,unit_price,quantity,currency,project_code,project,oem,segment,project_volume,project_localisation,vendor_code,vendor,vendor_origin,vendor_import_dependency,vendor_reprice_months,category_code,category,material,complexity_tier,annual_part_volume,weight_kg,po_id
KDQ-FST-00005,Fasteners A03 - SKODA Kodiaq (JBM Auto),2023-07-06,42.9362,50,INR,KDQ,SKODA Kodiaq,SKODA,Full-size SUV (CKD),4200,0.35,JBM,JBM Auto,domestic,0.14,12,FST,Fasteners,Steel,A,3578,0.751,PO-KDQ-FST-00005-202307-1
KDQ-FST-00005,Fasteners A03 - SKODA Kodiaq (JBM Auto),2023-08-06,43.2942,8,INR,KDQ,SKODA Kodiaq,SKODA,Full-size SUV (CKD),4200,0.35,JBM,JBM Auto,domestic,0.14,12,FST,Fasteners,Steel,A,3578,0.751,PO-KDQ-FST-00005-202308-1
KDQ-FST-00005,Fasteners A03 - SKODA Kodiaq (JBM Auto),2023-08-13,43.1406,2,INR,KDQ,SKODA Kodiaq,SKODA,Full-size SUV (CKD),4200,0.35,JBM,JBM Auto,domestic,0.14,12,FST,Fasteners,Steel,A,3578,0.751,PO-KDQ-FST-00005-202308-2
KDQ-FST-00005,Fasteners A03 - SKODA Kodiaq (JBM Auto),2023-08-20,43.2442,40,INR,KDQ,SKODA Kodiaq,SKODA,Full-size SUV (CKD),4200,0.35,JBM,JBM Auto,domestic,0.14,12,FST,Fasteners,Steel,A,3578,0.751,PO-KDQ-FST-00005-202308-3
KDQ-FST-00005,Fasteners A03 - SKODA Kodiaq (JBM Auto),2023-09-06,44.8811,1,INR,KDQ,SKODA Kodiaq,SKODA,Full-size SUV (CKD),4200,0.35,JBM,JBM Auto,domestic,0.14,12,FST,Fasteners,Steel,A,3578,0.751,PO-KDQ-FST-00005-202309-1
KDQ-FST-00005,Fasteners A03 - SKODA Kodiaq (JBM Auto),2023-09-13,44.6464,19,INR,KDQ,SKODA Kodiaq,SKODA,Full-size SUV (CKD),4200,0.35,JBM,JBM Auto,domestic,0.14,12,FST,Fasteners,Steel,A,3578,0.751,PO-KDQ-FST-00005-202309-2
KDQ-FST-00005,Fasteners A03 - SKODA Kodiaq (JBM Auto),2023-09-20,44.1742,30,INR,KDQ,SKODA Kodiaq,SKODA,Full-size SUV (CKD),4200,0.35,JBM,JBM Auto,domestic,0.14,12,FST,Fasteners,Steel,A,3578,0.751,PO-KDQ-FST-00005-202309-3
KDQ-FST-00005,Fasteners A03 - SKODA Kodiaq (JBM Auto),2023-10-06,43.7251,11,INR,KDQ,SKODA Kodiaq,SKODA,Full-size SUV (CKD),4200,0.35,JBM,JBM Auto,domestic,0.14,12,FST,Fasteners,Steel,A,3578,0.751,PO-KDQ-FST-00005-202310-1
KDQ-FST-00005,Fasteners A03 - SKODA Kodiaq (JBM Auto),2023-10-13,43.4027,39,INR,KDQ,SKODA Kodiaq,SKODA,Full-size SUV (CKD),4200,0.35,JBM,JBM Auto,domestic,0.14,12,FST,Fasteners,Steel,A,3578,0.751,PO-KDQ-FST-00005-202310-2
KDQ-FST-00005,Fasteners A03 - SKODA Kodiaq (JBM Auto),2023-11-06,44.1981,50,INR,KDQ,SKODA Kodiaq,SKODA,Full-size SUV (CKD),4200,0.35,JBM,JBM Auto,domestic,0.14,12,FST,Fasteners,Steel,A,3578,0.751,PO-KDQ-FST-00005-202311-1
KDQ-FST-00005,Fasteners A03 - SKODA Kodiaq (JBM Auto),2023-12-06,41.9479,27,INR,KDQ,SKODA Kodiaq,SKODA,Full-size SUV (CKD),4200,0.35,JBM,JBM Auto,domestic,0.14,12,FST,Fasteners,Steel,A,3578,0.751,PO-KDQ-FST-00005-202312-1
KDQ-FST-00005,Fasteners A03 - SKODA Kodiaq (JBM Auto),2023-12-13,41.8921,14,INR,KDQ,SKODA Kodiaq,SKODA,Full-size SUV (CKD),4200,0.35,JBM,JBM Auto,domestic,0.14,12,FST,Fasteners,Steel,A,3578,0.751,PO-KDQ-FST-00005-202312-2
KDQ-FST-00005,Fasteners A03 - SKODA Kodiaq (JBM Auto),2023-12-20,41.9079,9,INR,KDQ,SKODA Kodiaq,SKODA,Full-size SUV (CKD),4200,0.35,JBM,JBM Auto,domestic,0.14,12,FST,Fasteners,Steel,A,3578,0.751,PO-KDQ-FST-00005-202312-3
KDQ-FST-00005,Fasteners A03 - SKODA Kodiaq (JBM Auto),2024-01-06,42.8492,8,INR,KDQ,SKODA Kodiaq,SKODA,Full-size SUV (CKD),4200,0.35,JBM,JBM Auto,domestic,0.14,12,FST,Fasteners,Steel,A,3578,0.751,PO-KDQ-FST-00005-202401-1
KDQ-FST-00005,Fasteners A03 - SKODA Kodiaq (JBM Auto),2024-01-13,43.3425,27,INR,KDQ,SKODA Kodiaq,SKODA,Full-size SUV (CKD),4200,0.35,JBM,JBM Auto,domestic,0.14,12,FST,Fasteners,Steel,A,3578,0.751,PO-KDQ-FST-00005-202401-2
KDQ-FST-00005,Fasteners A03 - SKODA Kodiaq (JBM Auto),2024-01-20,43.5195,15,INR,KDQ,SKODA Kodiaq,SKODA,Full-size SUV (CKD),4200,0.35,JBM,JBM Auto,domestic,0.14,12,FST,Fasteners,Steel,A,3578,0.751,PO-KDQ-FST-00005-202401-3
KDQ-FST-00005,Fasteners A03 - SKODA Kodiaq (JBM Auto),2024-02-06,43.8068,11,INR,KDQ,SKODA Kodiaq,SKODA,Full-size SUV (CKD),4200,0.35,JBM,JBM Auto,domestic,0.14,12,FST,Fasteners,Steel,A,3578,0.751,PO-KDQ-FST-00005-202402-1
KDQ-FST-00005,Fasteners A03 - SKODA Kodiaq (JBM Auto),2024-02-13,43.8391,10,INR,KDQ,SKODA Kodiaq,SKODA,Full-size SUV (CKD),4200,0.35,JBM,JBM Auto,domestic,0.14,12,FST,Fasteners,Steel,A,3578,0.751,PO-KDQ-FST-00005-202402-2
KDQ-FST-00005,Fasteners A03 - SKODA Kodiaq (JBM Auto),2024-02-20,43.7694,28,INR,KDQ,SKODA Kodiaq,SKODA,Full-size SUV (CKD),4200,0.35,JBM,JBM Auto,domestic,0.14,12,FST,Fasteners,Steel,A,3578,0.751,PO-KDQ-FST-00005-202402-3
KDQ-FST-00005,Fasteners A03 - SKODA Kodiaq (JBM Auto),2024-03-06,43.7227,25,INR,KDQ,SKODA Kodiaq,SKODA,Full-size SUV (CKD),4200,0.35,JBM,JBM Auto,domestic,0.14,12,FST,Fasteners,Steel,A,3578,0.751,PO-KDQ-FST-00005-202403-1
KDQ-FST-00005,Fasteners A03 - SKODA Kodiaq (JBM Auto),2024-03-13,43.4977,20,INR,KDQ,SKODA Kodiaq,SKODA,Full-size SUV (CKD),4200,0.35,JBM,JBM Auto,domestic,0.14,12,FST,Fasteners,Steel,A,3578,0.751,PO-KDQ-FST-00005-202403-2
KDQ-FST-00005,Fasteners A03 - SKODA Kodiaq (JBM Auto),2024-03-20,43.6558,5,INR,KDQ,SKODA Kodiaq,SKODA,Full-size SUV (CKD),4200,0.35,JBM,JBM Auto,domestic,0.14,12,FST,Fasteners,Steel,A,3578,0.751,PO-KDQ-FST-00005-202403-3
KDQ-FST-00005,Fasteners A03 - SKODA Kodiaq (JBM Auto),2024-04-06,44.2876,1,INR,KDQ,SKODA Kodiaq,SKODA,Full-size SUV (CKD),4200,0.35,JBM,JBM Auto,domestic,0.14,12,FST,Fasteners,Steel,A,3578,0.751,PO-KDQ-FST-00005-202404-1
KDQ-FST-00005,Fasteners A03 - SKODA Kodiaq (JBM Auto),2024-04-13,44.6954,6,INR,KDQ,SKODA Kodiaq,SKODA,Full-size SUV (CKD),4200,0.35,JBM,JBM Auto,domestic,0.14,12,FST,Fasteners,Steel,A,3578,0.751,PO-KDQ-FST-00005-202404-2
KDQ-FST-00005,Fasteners A03 - SKODA Kodiaq (JBM Auto),2024-04-20,44.6414,44,INR,KDQ,SKODA Kodiaq,SKODA,Full-size SUV (CKD),4200,0.35,JBM,JBM Auto,domestic,0.14,12,FST,Fasteners,Steel,A,3578,0.751,PO-KDQ-FST-00005-202404-3
KDQ-FST-00005,Fasteners A03 - SKODA Kodiaq (JBM Auto),2024-05-06,44.1024,37,INR,KDQ,SKODA Kodiaq,SKODA,Full-size SUV (CKD),4200,0.35,JBM,JBM Auto,domestic,0.14,12,FST,Fasteners,Steel,A,3578,0.751,PO-KDQ-FST-00005-202405-1
KDQ-FST-00005,Fasteners A03 - SKODA Kodiaq (JBM Auto),2024-05-13,44.754,13,INR,KDQ,SKODA Kodiaq,SKODA,Full-size SUV (CKD),4200,0.35,JBM,JBM Auto,domestic,0.14,12,FST,Fasteners,Steel,A,3578,0.751,PO-KDQ-FST-00005-202405-2
KDQ-FST-00005,Fasteners A03 - SKODA Kodiaq (JBM Auto),2024-06-06,44.1474,11,INR,KDQ,SKODA Kodiaq,SKODA,Full-size SUV (CKD),4200,0.35,JBM,JBM Auto,domestic,0.14,12,FST,Fasteners,Steel,A,3578,0.751,PO-KDQ-FST-00005-202406-1
KDQ-FST-00005,Fasteners A03 - SKODA Kodiaq (JBM Auto),2024-06-13,44.2968,39,INR,KDQ,SKODA Kodiaq,SKODA,Full-size SUV (CKD),4200,0.35,JBM,JBM Auto,domestic,0.14,12,FST,Fasteners,Steel,A,3578,0.751,PO-KDQ-FST-00005-202406-2
KDQ-FST-00005,Fasteners A03 - SKODA Kodiaq (JBM Auto),2024-07-06,43.6479,50,INR,KDQ,SKODA Kodiaq,SKODA,Full-size SUV (CKD),4200,0.35,JBM,JBM Auto,domestic,0.14,12,FST,Fasteners,Steel,A,3578,0.751,PO-KDQ-FST-00005-202407-1
KDQ-FST-00005,Fasteners A03 - SKODA Kodiaq (JBM Auto),2024-08-06,42.1853,30,INR,KDQ,SKODA Kodiaq,SKODA,Full-size SUV (CKD),4200,0.35,JBM,JBM Auto,domestic,0.14,12,FST,Fasteners,Steel,A,3578,0.751,PO-KDQ-FST-00005-202408-1
KDQ-FST-00005,Fasteners A03 - SKODA Kodiaq (JBM Auto),2024-08-13,41.8188,20,INR,KDQ,SKODA Kodiaq,SKODA,Full-size SUV (CKD),4200,0.35,JBM,JBM Auto,domestic,0.14,12,FST,Fasteners,Steel,A,3578,0.751,PO-KDQ-FST-00005-202408-2
KDQ-FST-00005,Fasteners A03 - SKODA Kodiaq (JBM Auto),2024-09-06,42.6188,50,INR,KDQ,SKODA Kodiaq,SKODA,Full-size SUV (CKD),4200,0.35,JBM,JBM Auto,domestic,0.14,12,FST,Fasteners,Steel,A,3578,0.751,PO-KDQ-FST-00005-202409-1
KDQ-FST-00005,Fasteners A03 - SKODA Kodiaq (JBM Auto),2024-10-06,44.2933,50,INR,KDQ,SKODA Kodiaq,SKODA,Full-size SUV (CKD),4200,0.35,JBM,JBM Auto,domestic,0.14,12,FST,Fasteners,Steel,A,3578,0.751,PO-KDQ-FST-00005-202410-1
KDQ-FST-00005,Fasteners A03 - SKODA Kodiaq (JBM Auto),2024-11-06,42.4212,50,INR,KDQ,SKODA Kodiaq,SKODA,Full-size SUV (CKD),4200,0.35,JBM,JBM Auto,domestic,0.14,12,FST,Fasteners,Steel,A,3578,0.751,PO-KDQ-FST-00005-202411-1
KDQ-FST-00005,Fasteners A03 - SKODA Kodiaq (JBM Auto),2024-12-06,42.5336,34,INR,KDQ,SKODA Kodiaq,SKODA,Full-size SUV (CKD),4200,0.35,JBM,JBM Auto,domestic,0.14,12,FST,Fasteners,Steel,A,3578,0.751,PO-KDQ-FST-00005-202412-1
KDQ-FST-00005,Fasteners A03 - SKODA Kodiaq (JBM Auto),2024-12-13,42.6358,16,INR,KDQ,SKODA Kodiaq,SKODA,Full-size SUV (CKD),4200,0.35,JBM,JBM Auto,domestic,0.14,12,FST,Fasteners,Steel,A,3578,0.751,PO-KDQ-FST-00005-202412-2
KDQ-FST-00005,Fasteners A03 - SKODA Kodiaq (JBM Auto),2025-01-06,43.9305,50,INR,KDQ,SKODA Kodiaq,SKODA,Full-size SUV (CKD),4200,0.35,JBM,JBM Auto,domestic,0.14,12,FST,Fasteners,Steel,A,3578,0.751,PO-KDQ-FST-00005-202501-1
KDQ-FST-00005,Fasteners A03 - SKODA Kodiaq (JBM Auto),2025-02-06,45.7646,50,INR,KDQ,SKODA Kodiaq,SKODA,Full-size SUV (CKD),4200,0.35,JBM,JBM Auto,domestic,0.14,12,FST,Fasteners,Steel,A,3578,0.751,PO-KDQ-FST-00005-202502-1
KDQ-FST-00005,Fasteners A03 - SKODA Kodiaq (JBM Auto),2025-03-06,45.8542,27,INR,KDQ,SKODA Kodiaq,SKODA,Full-size SUV (CKD),4200,0.35,JBM,JBM Auto,domestic,0.14,12,FST,Fasteners,Steel,A,3578,0.751,PO-KDQ-FST-00005-202503-1
KDQ-FST-00005,Fasteners A03 - SKODA Kodiaq (JBM Auto),2025-03-13,45.9807,18,INR,KDQ,SKODA Kodiaq,SKODA,Full-size SUV (CKD),4200,0.35,JBM,JBM Auto,domestic,0.14,12,FST,Fasteners,Steel,A,3578,0.751,PO-KDQ-FST-00005-202503-2
KDQ-FST-00005,Fasteners A03 - SKODA Kodiaq (JBM Auto),2025-03-20,45.3889,5,INR,KDQ,SKODA Kodiaq,SKODA,Full-size SUV (CKD),4200,0.35,JBM,JBM Auto,domestic,0.14,12,FST,Fasteners,Steel,A,3578,0.751,PO-KDQ-FST-00005-202503-3
KDQ-FST-00005,Fasteners A03 - SKODA Kodiaq (JBM Auto),2025-04-06,44.5634,50,INR,KDQ,SKODA Kodiaq,SKODA,Full-size SUV (CKD),4200,0.35,JBM,JBM Auto,domestic,0.14,12,FST,Fasteners,Steel,A,3578,0.751,PO-KDQ-FST-00005-202504-1
KDQ-FST-00005,Fasteners A03 - SKODA Kodiaq (JBM Auto),2025-05-06,46.4491,12,INR,KDQ,SKODA Kodiaq,SKODA,Full-size SUV (CKD),4200,0.35,JBM,JBM Auto,domestic,0.14,12,FST,Fasteners,Steel,A,3578,0.751,PO-KDQ-FST-00005-202505-1
KDQ-FST-00005,Fasteners A03 - SKODA Kodiaq (JBM Auto),2025-05-13,47.0742,38,INR,KDQ,SKODA Kodiaq,SKODA,Full-size SUV (CKD),4200,0.35,JBM,JBM Auto,domestic,0.14,12,FST,Fasteners,Steel,A,3578,0.751,PO-KDQ-FST-00005-202505-2
KDQ-FST-00005,Fasteners A03 - SKODA Kodiaq (JBM Auto),2025-06-06,45.4452,25,INR,KDQ,SKODA Kodiaq,SKODA,Full-size SUV (CKD),4200,0.35,JBM,JBM Auto,domestic,0.14,12,FST,Fasteners,Steel,A,3578,0.751,PO-KDQ-FST-00005-202506-1
KDQ-FST-00005,Fasteners A03 - SKODA Kodiaq (JBM Auto),2025-06-13,45.174,10,INR,KDQ,SKODA Kodiaq,SKODA,Full-size SUV (CKD),4200,0.35,JBM,JBM Auto,domestic,0.14,12,FST,Fasteners,Steel,A,3578,0.751,PO-KDQ-FST-00005-202506-2
KDQ-FST-00005,Fasteners A03 - SKODA Kodiaq (JBM Auto),2025-06-20,45.3965,15,INR,KDQ,SKODA Kodiaq,SKODA,Full-size SUV (CKD),4200,0.35,JBM,JBM Auto,domestic,0.14,12,FST,Fasteners,Steel,A,3578,0.751,PO-KDQ-FST-00005-202506-3
KDQ-FST-00005,Fasteners A03 - SKODA Kodiaq (JBM Auto),2025-07-06,46.6415,50,INR,KDQ,SKODA Kodiaq,SKODA,Full-size SUV (CKD),4200,0.35,JBM,JBM Auto,domestic,0.14,12,FST,Fasteners,Steel,A,3578,0.751,PO-KDQ-FST-00005-202507-1
KDQ-FST-00005,Fasteners A03 - SKODA Kodiaq (JBM Auto),2025-08-06,44.2916,35,INR,KDQ,SKODA Kodiaq,SKODA,Full-size SUV (CKD),4200,0.35,JBM,JBM Auto,domestic,0.14,12,FST,Fasteners,Steel,A,3578,0.751,PO-KDQ-FST-00005-202508-1
KDQ-FST-00005,Fasteners A03 - SKODA Kodiaq (JBM Auto),2025-08-13,44.8359,15,INR,KDQ,SKODA Kodiaq,SKODA,Full-size SUV (CKD),4200,0.35,JBM,JBM Auto,domestic,0.14,12,FST,Fasteners,Steel,A,3578,0.751,PO-KDQ-FST-00005-202508-2
KDQ-FST-00005,Fasteners A03 - SKODA Kodiaq (JBM Auto),2025-09-06,46.6806,44,INR,KDQ,SKODA Kodiaq,SKODA,Full-size SUV (CKD),4200,0.35,JBM,JBM Auto,domestic,0.14,12,FST,Fasteners,Steel,A,3578,0.751,PO-KDQ-FST-00005-202509-1
KDQ-FST-00005,Fasteners A03 - SKODA Kodiaq (JBM Auto),2025-09-13,46.0017,6,INR,KDQ,SKODA Kodiaq,SKODA,Full-size SUV (CKD),4200,0.35,JBM,JBM Auto,domestic,0.14,12,FST,Fasteners,Steel,A,3578,0.751,PO-KDQ-FST-00005-202509-2
KDQ-FST-00005,Fasteners A03 - SKODA Kodiaq (JBM Auto),2025-10-06,45.7016,10,INR,KDQ,SKODA Kodiaq,SKODA,Full-size SUV (CKD),4200,0.35,JBM,JBM Auto,domestic,0.14,12,FST,Fasteners,Steel,A,3578,0.751,PO-KDQ-FST-00005-202510-1
KDQ-FST-00005,Fasteners A03 - SKODA Kodiaq (JBM Auto),2025-10-13,45.512,34,INR,KDQ,SKODA Kodiaq,SKODA,Full-size SUV (CKD),4200,0.35,JBM,JBM Auto,domestic,0.14,12,FST,Fasteners,Steel,A,3578,0.751,PO-KDQ-FST-00005-202510-2
KDQ-FST-00005,Fasteners A03 - SKODA Kodiaq (JBM Auto),2025-10-20,45.3391,6,INR,KDQ,SKODA Kodiaq,SKODA,Full-size SUV (CKD),4200,0.35,JBM,JBM Auto,domestic,0.14,12,FST,Fasteners,Steel,A,3578,0.751,PO-KDQ-FST-00005-202510-3
KDQ-FST-00005,Fasteners A03 - SKODA Kodiaq (JBM Auto),2025-11-06,44.1519,27,INR,KDQ,SKODA Kodiaq,SKODA,Full-size SUV (CKD),4200,0.35,JBM,JBM Auto,domestic,0.14,12,FST,Fasteners,Steel,A,3578,0.751,PO-KDQ-FST-00005-202511-1
KDQ-FST-00005,Fasteners A03 - SKODA Kodiaq (JBM Auto),2025-11-13,43.8022,8,INR,KDQ,SKODA Kodiaq,SKODA,Full-size SUV (CKD),4200,0.35,JBM,JBM Auto,domestic,0.14,12,FST,Fasteners,Steel,A,3578,0.751,PO-KDQ-FST-00005-202511-2
KDQ-FST-00005,Fasteners A03 - SKODA Kodiaq (JBM Auto),2025-11-20,44.515,15,INR,KDQ,SKODA Kodiaq,SKODA,Full-size SUV (CKD),4200,0.35,JBM,JBM Auto,domestic,0.14,12,FST,Fasteners,Steel,A,3578,0.751,PO-KDQ-FST-00005-202511-3
KDQ-FST-00005,Fasteners A03 - SKODA Kodiaq (JBM Auto),2025-12-06,44.8164,50,INR,KDQ,SKODA Kodiaq,SKODA,Full-size SUV (CKD),4200,0.35,JBM,JBM Auto,domestic,0.14,12,FST,Fasteners,Steel,A,3578,0.751,PO-KDQ-FST-00005-202512-1
KDQ-FST-00005,Fasteners A03 - SKODA Kodiaq (JBM Auto),2026-01-06,46.7551,43,INR,KDQ,SKODA Kodiaq,SKODA,Full-size SUV (CKD),4200,0.35,JBM,JBM Auto,domestic,0.14,12,FST,Fasteners,Steel,A,3578,0.751,PO-KDQ-FST-00005-202601-1
KDQ-FST-00005,Fasteners A03 - SKODA Kodiaq (JBM Auto),2026-01-13,47.0928,7,INR,KDQ,SKODA Kodiaq,SKODA,Full-size SUV (CKD),4200,0.35,JBM,JBM Auto,domestic,0.14,12,FST,Fasteners,Steel,A,3578,0.751,PO-KDQ-FST-00005-202601-2
KDQ-FST-00005,Fasteners A03 - SKODA Kodiaq (JBM Auto),2026-02-06,45.3235,39,INR,KDQ,SKODA Kodiaq,SKODA,Full-size SUV (CKD),4200,0.35,JBM,JBM Auto,domestic,0.14,12,FST,Fasteners,Steel,A,3578,0.751,PO-KDQ-FST-00005-202602-1
KDQ-FST-00005,Fasteners A03 - SKODA Kodiaq (JBM Auto),2026-02-13,46.2088,11,INR,KDQ,SKODA Kodiaq,SKODA,Full-size SUV (CKD),4200,0.35,JBM,JBM Auto,domestic,0.14,12,FST,Fasteners,Steel,A,3578,0.751,PO-KDQ-FST-00005-202602-2
KDQ-FST-00005,Fasteners A03 - SKODA Kodiaq (JBM Auto),2026-03-06,47.784,21,INR,KDQ,SKODA Kodiaq,SKODA,Full-size SUV (CKD),4200,0.35,JBM,JBM Auto,domestic,0.14,12,FST,Fasteners,Steel,A,3578,0.751,PO-KDQ-FST-00005-202603-1
KDQ-FST-00005,Fasteners A03 - SKODA Kodiaq (JBM Auto),2026-03-13,47.4395,28,INR,KDQ,SKODA Kodiaq,SKODA,Full-size SUV (CKD),4200,0.35,JBM,JBM Auto,domestic,0.14,12,FST,Fasteners,Steel,A,3578,0.751,PO-KDQ-FST-00005-202603-2
KDQ-FST-00005,Fasteners A03 - SKODA Kodiaq (JBM Auto),2026-03-20,47.3199,1,INR,KDQ,SKODA Kodiaq,SKODA,Full-size SUV (CKD),4200,0.35,JBM,JBM Auto,domestic,0.14,12,FST,Fasteners,Steel,A,3578,0.751,PO-KDQ-FST-00005-202603-3
KDQ-FST-00005,Fasteners A03 - SKODA Kodiaq (JBM Auto),2026-04-06,46.1927,50,INR,KDQ,SKODA Kodiaq,SKODA,Full-size SUV (CKD),4200,0.35,JBM,JBM Auto,domestic,0.14,12,FST,Fasteners,Steel,A,3578,0.751,PO-KDQ-FST-00005-202604-1
KDQ-FST-00005,Fasteners A03 - SKODA Kodiaq (JBM Auto),2026-05-06,47.8777,18,INR,KDQ,SKODA Kodiaq,SKODA,Full-size SUV (CKD),4200,0.35,JBM,JBM Auto,domestic,0.14,12,FST,Fasteners,Steel,A,3578,0.751,PO-KDQ-FST-00005-202605-1
KDQ-FST-00005,Fasteners A03 - SKODA Kodiaq (JBM Auto),2026-05-13,47.2592,32,INR,KDQ,SKODA Kodiaq,SKODA,Full-size SUV (CKD),4200,0.35,JBM,JBM Auto,domestic,0.14,12,FST,Fasteners,Steel,A,3578,0.751,PO-KDQ-FST-00005-202605-2
KDQ-FST-00005,Fasteners A03 - SKODA Kodiaq (JBM Auto),2026-06-06,46.905,4,INR,KDQ,SKODA Kodiaq,SKODA,Full-size SUV (CKD),4200,0.35,JBM,JBM Auto,domestic,0.14,12,FST,Fasteners,Steel,A,3578,0.751,PO-KDQ-FST-00005-202606-1
KDQ-FST-00005,Fasteners A03 - SKODA Kodiaq (JBM Auto),2026-06-13,46.9957,27,INR,KDQ,SKODA Kodiaq,SKODA,Full-size SUV (CKD),4200,0.35,JBM,JBM Auto,domestic,0.14,12,FST,Fasteners,Steel,A,3578,0.751,PO-KDQ-FST-00005-202606-2
KDQ-FST-00005,Fasteners A03 - SKODA Kodiaq (JBM Auto),2026-06-20,48.0749,20,INR,KDQ,SKODA Kodiaq,SKODA,Full-size SUV (CKD),4200,0.35,JBM,JBM Auto,domestic,0.14,12,FST,Fasteners,Steel,A,3578,0.751,PO-KDQ-FST-00005-202606-3
KDQ-BDY-00011,Body Stampings A34 - SKODA Kodiaq (Bharat Forge),2023-07-06,666.7885,50,INR,KDQ,SKODA Kodiaq,SKODA,Full-size SUV (CKD),4200,0.35,BFL,Bharat Forge,domestic,0.18,6,BDY,Body Stampings,Steel,A,4472,1.089,PO-KDQ-BDY-00011-202307-1
KDQ-BDY-00011,Body Stampings A34 - SKODA Kodiaq (Bharat Forge),2023-08-06,683.0872,6,INR,KDQ,SKODA Kodiaq,SKODA,Full-size SUV (CKD),4200,0.35,BFL,Bharat Forge,domestic,0.18,6,BDY,Body Stampings,Steel,A,4472,1.089,PO-KDQ-BDY-00011-202308-1
KDQ-BDY-00011,Body Stampings A34 - SKODA Kodiaq (Bharat Forge),2023-08-13,679.7306,5,INR,KDQ,SKODA Kodiaq,SKODA,Full-size SUV (CKD),4200,0.35,BFL,Bharat Forge,domestic,0.18,6,BDY,Body Stampings,Steel,A,4472,1.089,PO-KDQ-BDY-00011-202308-2
KDQ-BDY-00011,Body Stampings A34 - SKODA Kodiaq (Bharat Forge),2023-08-20,685.7484,38,INR,KDQ,SKODA Kodiaq,SKODA,Full-size SUV (CKD),4200,0.35,BFL,Bharat Forge,domestic,0.18,6,BDY,Body Stampings,Steel,A,4472,1.089,PO-KDQ-BDY-00011-202308-3
KDQ-BDY-00011,Body Stampings A34 - SKODA Kodiaq (Bharat Forge),2023-09-06,673.571,22,INR,KDQ,SKODA Kodiaq,SKODA,Full-size SUV (CKD),4200,0.35,BFL,Bharat Forge,domestic,0.18,6,BDY,Body Stampings,Steel,A,4472,1.089,PO-KDQ-BDY-00011-202309-1
KDQ-BDY-00011,Body Stampings A34 - SKODA Kodiaq (Bharat Forge),2023-09-13,672.0715,28,INR,KDQ,SKODA Kodiaq,SKODA,Full-size SUV (CKD),4200,0.35,BFL,Bharat Forge,domestic,0.18,6,BDY,Body Stampings,Steel,A,4472,1.089,PO-KDQ-BDY-00011-202309-2
KDQ-BDY-00011,Body Stampings A34 - SKODA Kodiaq (Bharat Forge),2023-10-06,668.1587,50,INR,KDQ,SKODA Kodiaq,SKODA,Full-size SUV (CKD),4200,0.35,BFL,Bharat Forge,domestic,0.18,6,BDY,Body Stampings,Steel,A,4472,1.089,PO-KDQ-BDY-00011-202310-1
KDQ-BDY-00011,Body Stampings A34 - SKODA Kodiaq (Bharat Forge),2023-11-06,681.6398,50,INR,KDQ,SKODA Kodiaq,SKODA,Full-size SUV (CKD),4200,0.35,BFL,Bharat Forge,domestic,0.18,6,BDY,Body Stampings,Steel,A,4472,1.089,PO-KDQ-BDY-00011-202311-1
KDQ-BDY-00011,Body Stampings A34 - SKODA Kodiaq (Bharat Forge),2023-12-06,680.0624,2,INR,KDQ,SKODA Kodiaq,SKODA,Full-size SUV (CKD),4200,0.35,BFL,Bharat Forge,domestic,0.18,6,BDY,Body Stampings,Steel,A,4472,1.089,PO-KDQ-BDY-00011-202312-1
KDQ-BDY-00011,Body Stampings A34 - SKODA Kodiaq (Bharat Forge),2023-12-13,679.2729,30,INR,KDQ,SKODA Kodiaq,SKODA,Full-size SUV (CKD),4200,0.35,BFL,Bharat Forge,domestic,0.18,6,BDY,Body Stampings,Steel,A,4472,1.089,PO-KDQ-BDY-00011-202312-2
KDQ-BDY-00011,Body Stampings A34 - SKODA Kodiaq (Bharat Forge),2023-12-20,695.8607,18,INR,KDQ,SKODA Kodiaq,SKODA,Full-size SUV (CKD),4200,0.35,BFL,Bharat Forge,domestic,0.18,6,BDY,Body Stampings,Steel,A,4472,1.089,PO-KDQ-BDY-00011-202312-3
KDQ-BDY-00011,Body Stampings A34 - SKODA Kodiaq (Bharat Forge),2024-01-06,699.1302,50,INR,KDQ,SKODA Kodiaq,SKODA,Full-size SUV (CKD),4200,0.35,BFL,Bharat Forge,domestic,0.18,6,BDY,Body Stampings,Steel,A,4472,1.089,PO-KDQ-BDY-00011-202401-1
KDQ-BDY-00011,Body Stampings A34 - SKODA Kodiaq (Bharat Forge),2024-02-06,700.4899,3,INR,KDQ,SKODA Kodiaq,SKODA,Full-size SUV (CKD),4200,0.35,BFL,Bharat Forge,domestic,0.18,6,BDY,Body Stampings,Steel,A,4472,1.089,PO-KDQ-BDY-00011-202402-1
KDQ-BDY-00011,Body Stampings A34 - SKODA Kodiaq (Bharat Forge),2024-02-13,709.1711,42,INR,KDQ,SKODA Kodiaq,SKODA,Full-size SUV (CKD),4200,0.35,BFL,Bharat Forge,domestic,0.18,6,BDY,Body Stampings,Steel,A,4472,1.089,PO-KDQ-BDY-00011-202402-2
KDQ-BDY-00011,Body Stampings A34 - SKODA Kodiaq (Bharat Forge),2024-02-20,703.3127,5,INR,KDQ,SKODA Kodiaq,SKODA,Full-size SUV (CKD),4200,0.35,BFL,Bharat Forge,domestic,0.18,6,BDY,Body Stampings,Steel,A,4472,1.089,PO-KDQ-BDY-00011-202402-3
KDQ-BDY-00011,Body Stampings A34 - SKODA Kodiaq (Bharat Forge),2024-03-06,721.7766,48,INR,KDQ,SKODA Kodiaq,SKODA,Full-size SUV (CKD),4200,0.35,BFL,Bharat Forge,domestic,0.18,6,BDY,Body Stampings,Steel,A,4472,1.089,PO-KDQ-BDY-00011-202403-1
KDQ-BDY-00011,Body Stampings A34 - SKODA Kodiaq (Bharat Forge),2024-03-13,714.2572,2,INR,KDQ,SKODA Kodiaq,SKODA,Full-size SUV (CKD),4200,0.35,BFL,Bharat Forge,domestic,0.18,6,BDY,Body Stampings,Steel,A,4472,1.089,PO-KDQ-BDY-00011-202403-2
KDQ-BDY-00011,Body Stampings A34 - SKODA Kodiaq (Bharat Forge),2024-04-06,714.2815,48,INR,KDQ,SKODA Kodiaq,SKODA,Full-size SUV (CKD),4200,0.35,BFL,Bharat Forge,domestic,0.18,6,BDY,Body Stampings,Steel,A,4472,1.089,PO-KDQ-BDY-00011-202404-1
KDQ-BDY-00011,Body Stampings A34 - SKODA Kodiaq (Bharat Forge),2024-04-13,709.7397,2,INR,KDQ,SKODA Kodiaq,SKODA,Full-size SUV (CKD),4200,0.35,BFL,Bharat Forge,domestic,0.18,6,BDY,Body Stampings,Steel,A,4472,1.089,PO-KDQ-BDY-00011-202404-2
KDQ-BDY-00011,Body Stampings A34 - SKODA Kodiaq (Bharat Forge),2024-05-06,705.2661,5,INR,KDQ,SKODA Kodiaq,SKODA,Full-size SUV (CKD),4200,0.35,BFL,Bharat Forge,domestic,0.18,6,BDY,Body Stampings,Steel,A,4472,1.089,PO-KDQ-BDY-00011-202405-1
KDQ-BDY-00011,Body Stampings A34 - SKODA Kodiaq (Bharat Forge),2024-05-13,713.0047,31,INR,KDQ,SKODA Kodiaq,SKODA,Full-size SUV (CKD),4200,0.35,BFL,Bharat Forge,domestic,0.18,6,BDY,Body Stampings,Steel,A,4472,1.089,PO-KDQ-BDY-00011-202405-2
KDQ-BDY-00011,Body Stampings A34 - SKODA Kodiaq (Bharat Forge),2024-05-20,710.069,14,INR,KDQ,SKODA Kodiaq,SKODA,Full-size SUV (CKD),4200,0.35,BFL,Bharat Forge,domestic,0.18,6,BDY,Body Stampings,Steel,A,4472,1.089,PO-KDQ-BDY-00011-202405-3
KDQ-BDY-00011,Body Stampings A34 - SKODA Kodiaq (Bharat Forge),2024-06-06,709.8025,21,INR,KDQ,SKODA Kodiaq,SKODA,Full-size SUV (CKD),4200,0.35,BFL,Bharat Forge,domestic,0.18,6,BDY,Body Stampings,Steel,A,4472,1.089,PO-KDQ-BDY-00011-202406-1
KDQ-BDY-00011,Body Stampings A34 - SKODA Kodiaq (Bharat Forge),2024-06-13,714.3218,29,INR,KDQ,SKODA Kodiaq,SKODA,Full-size SUV (CKD),4200,0.35,BFL,Bharat Forge,domestic,0.18,6,BDY,Body Stampings,Steel,A,4472,1.089,PO-KDQ-BDY-00011-202406-2
KDQ-BDY-00011,Body Stampings A34 - SKODA Kodiaq (Bharat Forge),2024-07-06,701.2778,49,INR,KDQ,SKODA Kodiaq,SKODA,Full-size SUV (CKD),4200,0.35,BFL,Bharat Forge,domestic,0.18,6,BDY,Body Stampings,Steel,A,4472,1.089,PO-KDQ-BDY-00011-202407-1
KDQ-BDY-00011,Body Stampings A34 - SKODA Kodiaq (Bharat Forge),2024-07-13,700.9087,1,INR,KDQ,SKODA Kodiaq,SKODA,Full-size SUV (CKD),4200,0.35,BFL,Bharat Forge,domestic,0.18,6,BDY,Body Stampings,Steel,A,4472,1.089,PO-KDQ-BDY-00011-202407-2
KDQ-BDY-00011,Body Stampings A34 - SKODA Kodiaq (Bharat Forge),2024-08-06,680.3422,50,INR,KDQ,SKODA Kodiaq,SKODA,Full-size SUV (CKD),4200,0.35,BFL,Bharat Forge,domestic,0.18,6,BDY,Body Stampings,Steel,A,4472,1.089,PO-KDQ-BDY-00011-202408-1
KDQ-BDY-00011,Body Stampings A34 - SKODA Kodiaq (Bharat Forge),2024-09-06,675.8326,27,INR,KDQ,SKODA Kodiaq,SKODA,Full-size SUV (CKD),4200,0.35,BFL,Bharat Forge,domestic,0.18,6,BDY,Body Stampings,Steel,A,4472,1.089,PO-KDQ-BDY-00011-202409-1
KDQ-BDY-00011,Body Stampings A34 - SKODA Kodiaq (Bharat Forge),2024-09-13,669.4594,4,INR,KDQ,SKODA Kodiaq,SKODA,Full-size SUV (CKD),4200,0.35,BFL,Bharat Forge,domestic,0.18,6,BDY,Body Stampings,Steel,A,4472,1.089,PO-KDQ-BDY-00011-202409-2
KDQ-BDY-00011,Body Stampings A34 - SKODA Kodiaq (Bharat Forge),2024-09-20,674.1889,19,INR,KDQ,SKODA Kodiaq,SKODA,Full-size SUV (CKD),4200,0.35,BFL,Bharat Forge,domestic,0.18,6,BDY,Body Stampings,Steel,A,4472,1.089,PO-KDQ-BDY-00011-202409-3
KDQ-BDY-00011,Body Stampings A34 - SKODA Kodiaq (Bharat Forge),2024-10-06,677.4654,31,INR,KDQ,SKODA Kodiaq,SKODA,Full-size SUV (CKD),4200,0.35,BFL,Bharat Forge,domestic,0.18,6,BDY,Body Stampings,Steel,A,4472,1.089,PO-KDQ-BDY-00011-202410-1
KDQ-BDY-00011,Body Stampings A34 - SKODA Kodiaq (Bharat Forge),2024-10-13,677.8739,19,INR,KDQ,SKODA Kodiaq,SKODA,Full-size SUV (CKD),4200,0.35,BFL,Bharat Forge,domestic,0.18,6,BDY,Body Stampings,Steel,A,4472,1.089,PO-KDQ-BDY-00011-202410-2
KDQ-BDY-00011,Body Stampings A34 - SKODA Kodiaq (Bharat Forge),2024-11-06,683.7616,22,INR,KDQ,SKODA Kodiaq,SKODA,Full-size SUV (CKD),4200,0.35,BFL,Bharat Forge,domestic,0.18,6,BDY,Body Stampings,Steel,A,4472,1.089,PO-KDQ-BDY-00011-202411-1
KDQ-BDY-00011,Body Stampings A34 - SKODA Kodiaq (Bharat Forge),2024-11-13,681.8531,28,INR,KDQ,SKODA Kodiaq,SKODA,Full-size SUV (CKD),4200,0.35,BFL,Bharat Forge,domestic,0.18,6,BDY,Body Stampings,Steel,A,4472,1.089,PO-KDQ-BDY-00011-202411-2
KDQ-BDY-00011,Body Stampings A34 - SKODA Kodiaq (Bharat Forge),2024-12-06,699.5133,50,INR,KDQ,SKODA Kodiaq,SKODA,Full-size SUV (CKD),4200,0.35,BFL,Bharat Forge,domestic,0.18,6,BDY,Body Stampings,Steel,A,4472,1.089,PO-KDQ-BDY-00011-202412-1
KDQ-BDY-00011,Body Stampings A34 - SKODA Kodiaq (Bharat Forge),2025-01-06,704.1423,50,INR,KDQ,SKODA Kodiaq,SKODA,Full-size SUV (CKD),4200,0.35,BFL,Bharat Forge,domestic,0.18,6,BDY,Body Stampings,Steel,A,4472,1.089,PO-KDQ-BDY-00011-202501-1
KDQ-BDY-00011,Body Stampings A34 - SKODA Kodiaq (Bharat Forge),2025-02-06,742.3201,12,INR,KDQ,SKODA Kodiaq,SKODA,Full-size SUV (CKD),4200,0.35,BFL,Bharat Forge,domestic,0.18,6,BDY,Body Stampings,Steel,A,4472,1.089,PO-KDQ-BDY-00011-202502-1
KDQ-BDY-00011,Body Stampings A34 - SKODA Kodiaq (Bharat Forge),2025-02-13,718.6606,38,INR,KDQ,SKODA Kodiaq,SKODA,Full-size SUV (CKD),4200,0.35,BFL,Bharat Forge,domestic,0.18,6,BDY,Body Stampings,Steel,A,4472,1.089,PO-KDQ-BDY-00011-202502-2
KDQ-BDY-00011,Body Stampings A34 - SKODA Kodiaq (Bharat Forge),2025-03-06,732.9772,7,INR,KDQ,SKODA Kodiaq,SKODA,Full-size SUV (CKD),4200,0.35,BFL,Bharat Forge,domestic,0.18,6,BDY,Body Stampings,Steel,A,4472,1.089,PO-KDQ-BDY-00011-202503-1
KDQ-BDY-00011,Body Stampings A34 - SKODA Kodiaq (Bharat Forge),2025-03-13,737.3603,43,INR,KDQ,SKODA Kodiaq,SKODA,Full-size SUV (CKD),4200,0.35,BFL,Bharat Forge,domestic,0.18,6,BDY,Body Stampings,Steel,A,4472,1.089,PO-KDQ-BDY-00011-202503-2
KDQ-BDY-00011,Body Stampings A34 - SKODA Kodiaq (Bharat Forge),2025-04-06,729.6776,46,INR,KDQ,SKODA Kodiaq,SKODA,Full-size SUV (CKD),4200,0.35,BFL,Bharat Forge,domestic,0.18,6,BDY,Body Stampings,Steel,A,4472,1.089,PO-KDQ-BDY-00011-202504-1
KDQ-BDY-00011,Body Stampings A34 - SKODA Kodiaq (Bharat Forge),2025-04-13,731.0965,4,INR,KDQ,SKODA Kodiaq,SKODA,Full-size SUV (CKD),4200,0.35,BFL,Bharat Forge,domestic,0.18,6,BDY,Body Stampings,Steel,A,4472,1.089,PO-KDQ-BDY-00011-202504-2
KDQ-BDY-00011,Body Stampings A34 - SKODA Kodiaq (Bharat Forge),2025-05-06,748.9785,22,INR,KDQ,SKODA Kodiaq,SKODA,Full-size SUV (CKD),4200,0.35,BFL,Bharat Forge,domestic,0.18,6,BDY,Body Stampings,Steel,A,4472,1.089,PO-KDQ-BDY-00011-202505-1
KDQ-BDY-00011,Body Stampings A34 - SKODA Kodiaq (Bharat Forge),2025-05-13,744.2687,28,INR,KDQ,SKODA Kodiaq,SKODA,Full-size SUV (CKD),4200,0.35,BFL,Bharat Forge,domestic,0.18,6,BDY,Body Stampings,Steel,A,4472,1.089,PO-KDQ-BDY-00011-202505-2
KDQ-BDY-00011,Body Stampings A34 - SKODA Kodiaq (Bharat Forge),2025-06-06,747.2655,50,INR,KDQ,SKODA Kodiaq,SKODA,Full-size SUV (CKD),4200,0.35,BFL,Bharat Forge,domestic,0.18,6,BDY,Body Stampings,Steel,A,4472,1.089,PO-KDQ-BDY-00011-202506-1
KDQ-BDY-00011,Body Stampings A34 - SKODA Kodiaq (Bharat Forge),2025-07-06,754.7082,11,INR,KDQ,SKODA Kodiaq,SKODA,Full-size SUV (CKD),4200,0.35,BFL,Bharat Forge,domestic,0.18,6,BDY,Body Stampings,Steel,A,4472,1.089,PO-KDQ-BDY-00011-202507-1
KDQ-BDY-00011,Body Stampings A34 - SKODA Kodiaq (Bharat Forge),2025-07-13,761.012,2,INR,KDQ,SKODA Kodiaq,SKODA,Full-size SUV (CKD),4200,0.35,BFL,Bharat Forge,domestic,0.18,6,BDY,Body Stampings,Steel,A,4472,1.089,PO-KDQ-BDY-00011-202507-2
KDQ-BDY-00011,Body Stampings A34 - SKODA Kodiaq (Bharat Forge),2025-07-20,758.4992,37,INR,KDQ,SKODA Kodiaq,SKODA,Full-size SUV (CKD),4200,0.35,BFL,Bharat Forge,domestic,0.18,6,BDY,Body Stampings,Steel,A,4472,1.089,PO-KDQ-BDY-00011-202507-3
KDQ-BDY-00011,Body Stampings A34 - SKODA Kodiaq (Bharat Forge),2025-08-06,757.8321,14,INR,KDQ,SKODA Kodiaq,SKODA,Full-size SUV (CKD),4200,0.35,BFL,Bharat Forge,domestic,0.18,6,BDY,Body Stampings,Steel,A,4472,1.089,PO-KDQ-BDY-00011-202508-1
KDQ-BDY-00011,Body Stampings A34 - SKODA Kodiaq (Bharat Forge),2025-08-13,750.8881,36,INR,KDQ,SKODA Kodiaq,SKODA,Full-size SUV (CKD),4200,0.35,BFL,Bharat Forge,domestic,0.18,6,BDY,Body Stampings,Steel,A,4472,1.089,PO-KDQ-BDY-00011-202508-2
KDQ-BDY-00011,Body Stampings A34 - SKODA Kodiaq (Bharat Forge),2025-09-06,723.5531,50,INR,KDQ,SKODA Kodiaq,SKODA,Full-size SUV (CKD),4200,0.35,BFL,Bharat Forge,domestic,0.18,6,BDY,Body Stampings,Steel,A,4472,1.089,PO-KDQ-BDY-00011-202509-1
KDQ-BDY-00011,Body Stampings A34 - SKODA Kodiaq (Bharat Forge),2025-10-06,732.5832,48,INR,KDQ,SKODA Kodiaq,SKODA,Full-size SUV (CKD),4200,0.35,BFL,Bharat Forge,domestic,0.18,6,BDY,Body Stampings,Steel,A,4472,1.089,PO-KDQ-BDY-00011-202510-1
KDQ-BDY-00011,Body Stampings A34 - SKODA Kodiaq (Bharat Forge),2025-10-13,719.5947,2,INR,KDQ,SKODA Kodiaq,SKODA,Full-size SUV (CKD),4200,0.35,BFL,Bharat Forge,domestic,0.18,6,BDY,Body Stampings,Steel,A,4472,1.089,PO-KDQ-BDY-00011-202510-2
KDQ-BDY-00011,Body Stampings A34 - SKODA Kodiaq (Bharat Forge),2025-11-06,752.7247,8,INR,KDQ,SKODA Kodiaq,SKODA,Full-size SUV (CKD),4200,0.35,BFL,Bharat Forge,domestic,0.18,6,BDY,Body Stampings,Steel,A,4472,1.089,PO-KDQ-BDY-00011-202511-1
KDQ-BDY-00011,Body Stampings A34 - SKODA Kodiaq (Bharat Forge),2025-11-13,751.4553,17,INR,KDQ,SKODA Kodiaq,SKODA,Full-size SUV (CKD),4200,0.35,BFL,Bharat Forge,domestic,0.18,6,BDY,Body Stampings,Steel,A,4472,1.089,PO-KDQ-BDY-00011-202511-2
KDQ-BDY-00011,Body Stampings A34 - SKODA Kodiaq (Bharat Forge),2025-11-20,749.3843,24,INR,KDQ,SKODA Kodiaq,SKODA,Full-size SUV (CKD),4200,0.35,BFL,Bharat Forge,domestic,0.18,6,BDY,Body Stampings,Steel,A,4472,1.089,PO-KDQ-BDY-00011-202511-3
KDQ-BDY-00011,Body Stampings A34 - SKODA Kodiaq (Bharat Forge),2025-12-06,757.5238,6,INR,KDQ,SKODA Kodiaq,SKODA,Full-size SUV (CKD),4200,0.35,BFL,Bharat Forge,domestic,0.18,6,BDY,Body Stampings,Steel,A,4472,1.089,PO-KDQ-BDY-00011-202512-1
KDQ-BDY-00011,Body Stampings A34 - SKODA Kodiaq (Bharat Forge),2025-12-13,733.3365,38,INR,KDQ,SKODA Kodiaq,SKODA,Full-size SUV (CKD),4200,0.35,BFL,Bharat Forge,domestic,0.18,6,BDY,Body Stampings,Steel,A,4472,1.089,PO-KDQ-BDY-00011-202512-2
KDQ-BDY-00011,Body Stampings A34 - SKODA Kodiaq (Bharat Forge),2025-12-20,747.2913,5,INR,KDQ,SKODA Kodiaq,SKODA,Full-size SUV (CKD),4200,0.35,BFL,Bharat Forge,domestic,0.18,6,BDY,Body Stampings,Steel,A,4472,1.089,PO-KDQ-BDY-00011-202512-3
KDQ-BDY-00011,Body Stampings A34 - SKODA Kodiaq (Bharat Forge),2026-01-06,755.6877,29,INR,KDQ,SKODA Kodiaq,SKODA,Full-size SUV (CKD),4200,0.35,BFL,Bharat Forge,domestic,0.18,6,BDY,Body Stampings,Steel,A,4472,1.089,PO-KDQ-BDY-00011-202601-1
KDQ-BDY-00011,Body Stampings A34 - SKODA Kodiaq (Bharat Forge),2026-01-13,764.1254,7,INR,KDQ,SKODA Kodiaq,SKODA,Full-size SUV (CKD),4200,0.35,BFL,Bharat Forge,domestic,0.18,6,BDY,Body Stampings,Steel,A,4472,1.089,PO-KDQ-BDY-00011-202601-2
KDQ-BDY-00011,Body Stampings A34 - SKODA Kodiaq (Bharat Forge),2026-01-20,744.4613,13,INR,KDQ,SKODA Kodiaq,SKODA,Full-size SUV (CKD),4200,0.35,BFL,Bharat Forge,domestic,0.18,6,BDY,Body Stampings,Steel,A,4472,1.089,PO-KDQ-BDY-00011-202601-3
KDQ-BDY-00011,Body Stampings A34 - SKODA Kodiaq (Bharat Forge),2026-02-06,768.143,23,INR,KDQ,SKODA Kodiaq,SKODA,Full-size SUV (CKD),4200,0.35,BFL,Bharat Forge,domestic,0.18,6,BDY,Body Stampings,Steel,A,4472,1.089,PO-KDQ-BDY-00011-202602-1
KDQ-BDY-00011,Body Stampings A34 - SKODA Kodiaq (Bharat Forge),2026-02-13,762.0466,27,INR,KDQ,SKODA Kodiaq,SKODA,Full-size SUV (CKD),4200,0.35,BFL,Bharat Forge,domestic,0.18,6,BDY,Body Stampings,Steel,A,4472,1.089,PO-KDQ-BDY-00011-202602-2
KDQ-BDY-00011,Body Stampings A34 - SKODA Kodiaq (Bharat Forge),2026-03-06,767.3402,50,INR,KDQ,SKODA Kodiaq,SKODA,Full-size SUV (CKD),4200,0.35,BFL,Bharat Forge,domestic,0.18,6,BDY,Body Stampings,Steel,A,4472,1.089,PO-KDQ-BDY-00011-202603-1
KDQ-BDY-00011,Body Stampings A34 - SKODA Kodiaq (Bharat Forge),2026-04-06,789.7394,50,INR,KDQ,SKODA Kodiaq,SKODA,Full-size SUV (CKD),4200,0.35,BFL,Bharat Forge,domestic,0.18,6,BDY,Body Stampings,Steel,A,4472,1.089,PO-KDQ-BDY-00011-202604-1
KDQ-BDY-00011,Body Stampings A34 - SKODA Kodiaq (Bharat Forge),2026-05-06,763.6853,29,INR,KDQ,SKODA Kodiaq,SKODA,Full-size SUV (CKD),4200,0.35,BFL,Bharat Forge,domestic,0.18,6,BDY,Body Stampings,Steel,A,4472,1.089,PO-KDQ-BDY-00011-202605-1
KDQ-BDY-00011,Body Stampings A34 - SKODA Kodiaq (Bharat Forge),2026-05-13,756.86,21,INR,KDQ,SKODA Kodiaq,SKODA,Full-size SUV (CKD),4200,0.35,BFL,Bharat Forge,domestic,0.18,6,BDY,Body Stampings,Steel,A,4472,1.089,PO-KDQ-BDY-00011-202605-2
KDQ-BDY-00011,Body Stampings A34 - SKODA Kodiaq (Bharat Forge),2026-06-06,771.409,12,INR,KDQ,SKODA Kodiaq,SKODA,Full-size SUV (CKD),4200,0.35,BFL,Bharat Forge,domestic,0.18,6,BDY,Body Stampings,Steel,A,4472,1.089,PO-KDQ-BDY-00011-202606-1
KDQ-BDY-00011,Body Stampings A34 - SKODA Kodiaq (Bharat Forge),2026-06-13,758.1355,38,INR,KDQ,SKODA Kodiaq,SKODA,Full-size SUV (CKD),4200,0.35,BFL,Bharat Forge,domestic,0.18,6,BDY,Body Stampings,Steel,A,4472,1.089,PO-KDQ-BDY-00011-202606-2
KDQ-CHS-00017,Chassis B22 - SKODA Kodiaq (Gabriel India),2023-07-06,1745.554,49,INR,KDQ,SKODA Kodiaq,SKODA,Full-size SUV (CKD),4200,0.35,GAB,Gabriel India,domestic,0.16,6,CHS,Chassis,Steel,B,4634,0.993,PO-KDQ-CHS-00017-202307-1
KDQ-CHS-00017,Chassis B22 - SKODA Kodiaq (Gabriel India),2023-07-13,1739.7381,1,INR,KDQ,SKODA Kodiaq,SKODA,Full-size SUV (CKD),4200,0.35,GAB,Gabriel India,domestic,0.16,6,CHS,Chassis,Steel,B,4634,0.993,PO-KDQ-CHS-00017-202307-2
KDQ-CHS-00017,Chassis B22 - SKODA Kodiaq (Gabriel India),2023-08-06,1786.3127,30,INR,KDQ,SKODA Kodiaq,SKODA,Full-size SUV (CKD),4200,0.35,GAB,Gabriel India,domestic,0.16,6,CHS,Chassis,Steel,B,4634,0.993,PO-KDQ-CHS-00017-202308-1
KDQ-CHS-00017,Chassis B22 - SKODA Kodiaq (Gabriel India),2023-08-13,1770.5125,1,INR,KDQ,SKODA Kodiaq,SKODA,Full-size SUV (CKD),4200,0.35,GAB,Gabriel India,domestic,0.16,6,CHS,Chassis,Steel,B,4634,0.993,PO-KDQ-CHS-00017-202308-2
KDQ-CHS-00017,Chassis B22 - SKODA Kodiaq (Gabriel India),2023-08-20,1779.8596,19,INR,KDQ,SKODA Kodiaq,SKODA,Full-size SUV (CKD),4200,0.35,GAB,Gabriel India,domestic,0.16,6,CHS,Chassis,Steel,B,4634,0.993,PO-KDQ-CHS-00017-202308-3
KDQ-CHS-00017,Chassis B22 - SKODA Kodiaq (Gabriel India),2023-09-06,1737.7521,30,INR,KDQ,SKODA Kodiaq,SKODA,Full-size SUV (CKD),4200,0.35,GAB,Gabriel India,domestic,0.16,6,CHS,Chassis,Steel,B,4634,0.993,PO-KDQ-CHS-00017-202309-1
KDQ-CHS-00017,Chassis B22 - SKODA Kodiaq (Gabriel India),2023-09-13,1752.4195,20,INR,KDQ,SKODA Kodiaq,SKODA,Full-size SUV (CKD),4200,0.35,GAB,Gabriel India,domestic,0.16,6,CHS,Chassis,Steel,B,4634,0.993,PO-KDQ-CHS-00017-202309-2
KDQ-CHS-00017,Chassis B22 - SKODA Kodiaq (Gabriel India),2023-10-06,1754.3581,49,INR,KDQ,SKODA Kodiaq,SKODA,Full-size SUV (CKD),4200,0.35,GAB,Gabriel India,domestic,0.16,6,CHS,Chassis,Steel,B,4634,0.993,PO-KDQ-CHS-00017-202310-1
KDQ-CHS-00017,Chassis B22 - SKODA Kodiaq (Gabriel India),2023-10-13,1766.1643,1,INR,KDQ,SKODA Kodiaq,SKODA,Full-size SUV (CKD),4200,0.35,GAB,Gabriel India,domestic,0.16,6,CHS,Chassis,Steel,B,4634,0.993,PO-KDQ-CHS-00017-202310-2
KDQ-CHS-00017,Chassis B22 - SKODA Kodiaq (Gabriel India),2023-11-06,1785.7075,50,INR,KDQ,SKODA Kodiaq,SKODA,Full-size SUV (CKD),4200,0.35,GAB,Gabriel India,domestic,0.16,6,CHS,Chassis,Steel,B,4634,0.993,PO-KDQ-CHS-00017-202311-1
KDQ-CHS-00017,Chassis B22 - SKODA Kodiaq (Gabriel India),2023-12-06,1809.3558,24,INR,KDQ,SKODA Kodiaq,SKODA,Full-size SUV (CKD),4200,0.35,GAB,Gabriel India,domestic,0.16,6,CHS,Chassis,Steel,B,4634,0.993,PO-KDQ-CHS-00017-202312-1
KDQ-CHS-00017,Chassis B22 - SKODA Kodiaq (Gabriel India),2023-12-13,1756.7762,26,INR,KDQ,SKODA Kodiaq,SKODA,Full-size SUV (CKD),4200,0.35,GAB,Gabriel India,domestic,0.16,6,CHS,Chassis,Steel,B,4634,0.993,PO-KDQ-CHS-00017-202312-2
KDQ-CHS-00017,Chassis B22 - SKODA Kodiaq (Gabriel India),2024-01-06,1774.0557,50,INR,KDQ,SKODA Kodiaq,SKODA,Full-size SUV (CKD),4200,0.35,GAB,Gabriel India,domestic,0.16,6,CHS,Chassis,Steel,B,4634,0.993,PO-KDQ-CHS-00017-202401-1
KDQ-CHS-00017,Chassis B22 - SKODA Kodiaq (Gabriel India),2024-02-06,1834.7313,6,INR,KDQ,SKODA Kodiaq,SKODA,Full-size SUV (CKD),4200,0.35,GAB,Gabriel India,domestic,0.16,6,CHS,Chassis,Steel,B,4634,0.993,PO-KDQ-CHS-00017-202402-1
KDQ-CHS-00017,Chassis B22 - SKODA Kodiaq (Gabriel India),2024-02-13,1855.1491,40,INR,KDQ,SKODA Kodiaq,SKODA,Full-size SUV (CKD),4200,0.35,GAB,Gabriel India,domestic,0.16,6,CHS,Chassis,Steel,B,4634,0.993,PO-KDQ-CHS-00017-202402-2
KDQ-CHS-00017,Chassis B22 - SKODA Kodiaq (Gabriel India),2024-02-20,1858.9048,5,INR,KDQ,SKODA Kodiaq,SKODA,Full-size SUV (CKD),4200,0.35,GAB,Gabriel India,domestic,0.16,6,CHS,Chassis,Steel,B,4634,0.993,PO-KDQ-CHS-00017-202402-3
KDQ-CHS-00017,Chassis B22 - SKODA Kodiaq (Gabriel India),2024-03-06,1833.7532,36,INR,KDQ,SKODA Kodiaq,SKODA,Full-size SUV (CKD),4200,0.35,GAB,Gabriel India,domestic,0.16,6,CHS,Chassis,Steel,B,4634,0.993,PO-KDQ-CHS-00017-202403-1
KDQ-CHS-00017,Chassis B22 - SKODA Kodiaq (Gabriel India),2024-03-13,1833.6798,7,INR,KDQ,SKODA Kodiaq,SKODA,Full-size SUV (CKD),4200,0.35,GAB,Gabriel India,domestic,0.16,6,CHS,Chassis,Steel,B,4634,0.993,PO-KDQ-CHS-00017-202403-2
KDQ-CHS-00017,Chassis B22 - SKODA Kodiaq (Gabriel India),2024-03-20,1841.551,7,INR,KDQ,SKODA Kodiaq,SKODA,Full-size SUV (CKD),4200,0.35,GAB,Gabriel India,domestic,0.16,6,CHS,Chassis,Steel,B,4634,0.993,PO-KDQ-CHS-00017-202403-3
KDQ-CHS-00017,Chassis B22 - SKODA Kodiaq (Gabriel India),2024-04-06,1852.1438,25,INR,KDQ,SKODA Kodiaq,SKODA,Full-size SUV (CKD),4200,0.35,GAB,Gabriel India,domestic,0.16,6,CHS,Chassis,Steel,B,4634,0.993,PO-KDQ-CHS-00017-202404-1
KDQ-CHS-00017,Chassis B22 - SKODA Kodiaq (Gabriel India),2024-04-13,1819.5612,20,INR,KDQ,SKODA Kodiaq,SKODA,Full-size SUV (CKD),4200,0.35,GAB,Gabriel India,domestic,0.16,6,CHS,Chassis,Steel,B,4634,0.993,PO-KDQ-CHS-00017-202404-2
KDQ-CHS-00017,Chassis B22 - SKODA Kodiaq (Gabriel India),2024-04-20,1818.4093,5,INR,KDQ,SKODA Kodiaq,SKODA,Full-size SUV (CKD),4200,0.35,GAB,Gabriel India,domestic,0.16,6,CHS,Chassis,Steel,B,4634,0.993,PO-KDQ-CHS-00017-202404-3
KDQ-CHS-00017,Chassis B22 - SKODA Kodiaq (Gabriel India),2024-05-06,1844.7262,21,INR,KDQ,SKODA Kodiaq,SKODA,Full-size SUV (CKD),4200,0.35,GAB,Gabriel India,domestic,0.16,6,CHS,Chassis,Steel,B,4634,0.993,PO-KDQ-CHS-00017-202405-1
KDQ-CHS-00017,Chassis B22 - SKODA Kodiaq (Gabriel India),2024-05-13,1837.8314,29,INR,KDQ,SKODA Kodiaq,SKODA,Full-size SUV (CKD),4200,0.35,GAB,Gabriel India,domestic,0.16,6,CHS,Chassis,Steel,B,4634,0.993,PO-KDQ-CHS-00017-202405-2
KDQ-CHS-00017,Chassis B22 - SKODA Kodiaq (Gabriel India),2024-06-06,1847.1533,9,INR,KDQ,SKODA Kodiaq,SKODA,Full-size SUV (CKD),4200,0.35,GAB,Gabriel India,domestic,0.16,6,CHS,Chassis,Steel,B,4634,0.993,PO-KDQ-CHS-00017-202406-1
KDQ-CHS-00017,Chassis B22 - SKODA Kodiaq (Gabriel India),2024-06-13,1820.5348,9,INR,KDQ,SKODA Kodiaq,SKODA,Full-size SUV (CKD),4200,0.35,GAB,Gabriel India,domestic,0.16,6,CHS,Chassis,Steel,B,4634,0.993,PO-KDQ-CHS-00017-202406-2
KDQ-CHS-00017,Chassis B22 - SKODA Kodiaq (Gabriel India),2024-06-20,1873.9354,31,INR,KDQ,SKODA Kodiaq,SKODA,Full-size SUV (CKD),4200,0.35,GAB,Gabriel India,domestic,0.16,6,CHS,Chassis,Steel,B,4634,0.993,PO-KDQ-CHS-00017-202406-3
KDQ-CHS-00017,Chassis B22 - SKODA Kodiaq (Gabriel India),2024-07-06,1853.1026,50,INR,KDQ,SKODA Kodiaq,SKODA,Full-size SUV (CKD),4200,0.35,GAB,Gabriel India,domestic,0.16,6,CHS,Chassis,Steel,B,4634,0.993,PO-KDQ-CHS-00017-202407-1
KDQ-CHS-00017,Chassis B22 - SKODA Kodiaq (Gabriel India),2024-08-06,1811.5376,10,INR,KDQ,SKODA Kodiaq,SKODA,Full-size SUV (CKD),4200,0.35,GAB,Gabriel India,domestic,0.16,6,CHS,Chassis,Steel,B,4634,0.993,PO-KDQ-CHS-00017-202408-1
KDQ-CHS-00017,Chassis B22 - SKODA Kodiaq (Gabriel India),2024-08-13,1829.5321,18,INR,KDQ,SKODA Kodiaq,SKODA,Full-size SUV (CKD),4200,0.35,GAB,Gabriel India,domestic,0.16,6,CHS,Chassis,Steel,B,4634,0.993,PO-KDQ-CHS-00017-202408-2
KDQ-CHS-00017,Chassis B22 - SKODA Kodiaq (Gabriel India),2024-08-20,1830.7653,22,INR,KDQ,SKODA Kodiaq,SKODA,Full-size SUV (CKD),4200,0.35,GAB,Gabriel India,domestic,0.16,6,CHS,Chassis,Steel,B,4634,0.993,PO-KDQ-CHS-00017-202408-3
KDQ-CHS-00017,Chassis B22 - SKODA Kodiaq (Gabriel India),2024-09-06,1872.6675,6,INR,KDQ,SKODA Kodiaq,SKODA,Full-size SUV (CKD),4200,0.35,GAB,Gabriel India,domestic,0.16,6,CHS,Chassis,Steel,B,4634,0.993,PO-KDQ-CHS-00017-202409-1
KDQ-CHS-00017,Chassis B22 - SKODA Kodiaq (Gabriel India),2024-09-13,1864.2695,10,INR,KDQ,SKODA Kodiaq,SKODA,Full-size SUV (CKD),4200,0.35,GAB,Gabriel India,domestic,0.16,6,CHS,Chassis,Steel,B,4634,0.993,PO-KDQ-CHS-00017-202409-2
KDQ-CHS-00017,Chassis B22 - SKODA Kodiaq (Gabriel India),2024-09-20,1873.5342,34,INR,KDQ,SKODA Kodiaq,SKODA,Full-size SUV (CKD),4200,0.35,GAB,Gabriel India,domestic,0.16,6,CHS,Chassis,Steel,B,4634,0.993,PO-KDQ-CHS-00017-202409-3
KDQ-CHS-00017,Chassis B22 - SKODA Kodiaq (Gabriel India),2024-10-06,1857.1776,36,INR,KDQ,SKODA Kodiaq,SKODA,Full-size SUV (CKD),4200,0.35,GAB,Gabriel India,domestic,0.16,6,CHS,Chassis,Steel,B,4634,0.993,PO-KDQ-CHS-00017-202410-1
KDQ-CHS-00017,Chassis B22 - SKODA Kodiaq (Gabriel India),2024-10-13,1862.7778,2,INR,KDQ,SKODA Kodiaq,SKODA,Full-size SUV (CKD),4200,0.35,GAB,Gabriel India,domestic,0.16,6,CHS,Chassis,Steel,B,4634,0.993,PO-KDQ-CHS-00017-202410-2
KDQ-CHS-00017,Chassis B22 - SKODA Kodiaq (Gabriel India),2024-10-20,1872.0585,12,INR,KDQ,SKODA Kodiaq,SKODA,Full-size SUV (CKD),4200,0.35,GAB,Gabriel India,domestic,0.16,6,CHS,Chassis,Steel,B,4634,0.993,PO-KDQ-CHS-00017-202410-3
KDQ-CHS-00017,Chassis B22 - SKODA Kodiaq (Gabriel India),2024-11-06,1852.7913,50,INR,KDQ,SKODA Kodiaq,SKODA,Full-size SUV (CKD),4200,0.35,GAB,Gabriel India,domestic,0.16,6,CHS,Chassis,Steel,B,4634,0.993,PO-KDQ-CHS-00017-202411-1
KDQ-CHS-00017,Chassis B22 - SKODA Kodiaq (Gabriel India),2024-12-06,1885.2517,1,INR,KDQ,SKODA Kodiaq,SKODA,Full-size SUV (CKD),4200,0.35,GAB,Gabriel India,domestic,0.16,6,CHS,Chassis,Steel,B,4634,0.993,PO-KDQ-CHS-00017-202412-1
KDQ-CHS-00017,Chassis B22 - SKODA Kodiaq (Gabriel India),2024-12-13,1882.4214,7,INR,KDQ,SKODA Kodiaq,SKODA,Full-size SUV (CKD),4200,0.35,GAB,Gabriel India,domestic,0.16,6,CHS,Chassis,Steel,B,4634,0.993,PO-KDQ-CHS-00017-202412-2
KDQ-CHS-00017,Chassis B22 - SKODA Kodiaq (Gabriel India),2024-12-20,1869.4455,42,INR,KDQ,SKODA Kodiaq,SKODA,Full-size SUV (CKD),4200,0.35,GAB,Gabriel India,domestic,0.16,6,CHS,Chassis,Steel,B,4634,0.993,PO-KDQ-CHS-00017-202412-3
KDQ-CHS-00017,Chassis B22 - SKODA Kodiaq (Gabriel India),2025-01-06,1956.6405,50,INR,KDQ,SKODA Kodiaq,SKODA,Full-size SUV (CKD),4200,0.35,GAB,Gabriel India,domestic,0.16,6,CHS,Chassis,Steel,B,4634,0.993,PO-KDQ-CHS-00017-202501-1
KDQ-CHS-00017,Chassis B22 - SKODA Kodiaq (Gabriel India),2025-02-06,1967.8996,50,INR,KDQ,SKODA Kodiaq,SKODA,Full-size SUV (CKD),4200,0.35,GAB,Gabriel India,domestic,0.16,6,CHS,Chassis,Steel,B,4634,0.993,PO-KDQ-CHS-00017-202502-1
KDQ-CHS-00017,Chassis B22 - SKODA Kodiaq (Gabriel India),2025-03-06,1956.2837,3,INR,KDQ,SKODA Kodiaq,SKODA,Full-size SUV (CKD),4200,0.35,GAB,Gabriel India,domestic,0.16,6,CHS,Chassis,Steel,B,4634,0.993,PO-KDQ-CHS-00017-202503-1
KDQ-CHS-00017,Chassis B22 - SKODA Kodiaq (Gabriel India),2025-03-13,1979.0206,31,INR,KDQ,SKODA Kodiaq,SKODA,Full-size SUV (CKD),4200,0.35,GAB,Gabriel India,domestic,0.16,6,CHS,Chassis,Steel,B,4634,0.993,PO-KDQ-CHS-00017-202503-2
KDQ-CHS-00017,Chassis B22 - SKODA Kodiaq (Gabriel India),2025-03-20,1959.2629,16,INR,KDQ,SKODA Kodiaq,SKODA,Full-size SUV (CKD),4200,0.35,GAB,Gabriel India,domestic,0.16,6,CHS,Chassis,Steel,B,4634,0.993,PO-KDQ-CHS-00017-202503-3
KDQ-CHS-00017,Chassis B22 - SKODA Kodiaq (Gabriel India),2025-04-06,1912.4149,23,INR,KDQ,SKODA Kodiaq,SKODA,Full-size SUV (CKD),4200,0.35,GAB,Gabriel India,domestic,0.16,6,CHS,Chassis,Steel,B,4634,0.993,PO-KDQ-CHS-00017-202504-1
KDQ-CHS-00017,Chassis B22 - SKODA Kodiaq (Gabriel India),2025-04-13,1920.5834,5,INR,KDQ,SKODA Kodiaq,SKODA,Full-size SUV (CKD),4200,0.35,GAB,Gabriel India,domestic,0.16,6,CHS,Chassis,Steel,B,4634,0.993,PO-KDQ-CHS-00017-202504-2
KDQ-CHS-00017,Chassis B22 - SKODA Kodiaq (Gabriel India),2025-04-20,1938.4823,22,INR,KDQ,SKODA Kodiaq,SKODA,Full-size SUV (CKD),4200,0.35,GAB,Gabriel India,domestic,0.16,6,CHS,Chassis,Steel,B,4634,0.993,PO-KDQ-CHS-00017-202504-3
KDQ-CHS-00017,Chassis B22 - SKODA Kodiaq (Gabriel India),2025-05-06,1905.951,42,INR,KDQ,SKODA Kodiaq,SKODA,Full-size SUV (CKD),4200,0.35,GAB,Gabriel India,domestic,0.16,6,CHS,Chassis,Steel,B,4634,0.993,PO-KDQ-CHS-00017-202505-1
KDQ-CHS-00017,Chassis B22 - SKODA Kodiaq (Gabriel India),2025-05-13,1929.2488,8,INR,KDQ,SKODA Kodiaq,SKODA,Full-size SUV (CKD),4200,0.35,GAB,Gabriel India,domestic,0.16,6,CHS,Chassis,Steel,B,4634,0.993,PO-KDQ-CHS-00017-202505-2
KDQ-CHS-00017,Chassis B22 - SKODA Kodiaq (Gabriel India),2025-06-06,1959.7288,40,INR,KDQ,SKODA Kodiaq,SKODA,Full-size SUV (CKD),4200,0.35,GAB,Gabriel India,domestic,0.16,6,CHS,Chassis,Steel,B,4634,0.993,PO-KDQ-CHS-00017-202506-1
KDQ-CHS-00017,Chassis B22 - SKODA Kodiaq (Gabriel India),2025-06-13,1960.8489,6,INR,KDQ,SKODA Kodiaq,SKODA,Full-size SUV (CKD),4200,0.35,GAB,Gabriel India,domestic,0.16,6,CHS,Chassis,Steel,B,4634,0.993,PO-KDQ-CHS-00017-202506-2
KDQ-CHS-00017,Chassis B22 - SKODA Kodiaq (Gabriel India),2025-06-20,1952.407,3,INR,KDQ,SKODA Kodiaq,SKODA,Full-size SUV (CKD),4200,0.35,GAB,Gabriel India,domestic,0.16,6,CHS,Chassis,Steel,B,4634,0.993,PO-KDQ-CHS-00017-202506-3
KDQ-CHS-00017,Chassis B22 - SKODA Kodiaq (Gabriel India),2025-07-06,1982.138,10,INR,KDQ,SKODA Kodiaq,SKODA,Full-size SUV (CKD),4200,0.35,GAB,Gabriel India,domestic,0.16,6,CHS,Chassis,Steel,B,4634,0.993,PO-KDQ-CHS-00017-202507-1
KDQ-CHS-00017,Chassis B22 - SKODA Kodiaq (Gabriel India),2025-07-13,1982.664,40,INR,KDQ,SKODA Kodiaq,SKODA,Full-size SUV (CKD),4200,0.35,GAB,Gabriel India,domestic,0.16,6,CHS,Chassis,Steel,B,4634,0.993,PO-KDQ-CHS-00017-202507-2
KDQ-CHS-00017,Chassis B22 - SKODA Kodiaq (Gabriel India),2025-08-06,1953.4641,44,INR,KDQ,SKODA Kodiaq,SKODA,Full-size SUV (CKD),4200,0.35,GAB,Gabriel India,domestic,0.16,6,CHS,Chassis,Steel,B,4634,0.993,PO-KDQ-CHS-00017-202508-1
KDQ-CHS-00017,Chassis B22 - SKODA Kodiaq (Gabriel India),2025-08-13,1993.6977,6,INR,KDQ,SKODA Kodiaq,SKODA,Full-size SUV (CKD),4200,0.35,GAB,Gabriel India,domestic,0.16,6,CHS,Chassis,Steel,B,4634,0.993,PO-KDQ-CHS-00017-202508-2
KDQ-CHS-00017,Chassis B22 - SKODA Kodiaq (Gabriel India),2025-09-06,1984.9994,50,INR,KDQ,SKODA Kodiaq,SKODA,Full-size SUV (CKD),4200,0.35,GAB,Gabriel India,domestic,0.16,6,CHS,Chassis,Steel,B,4634,0.993,PO-KDQ-CHS-00017-202509-1
KDQ-CHS-00017,Chassis B22 - SKODA Kodiaq (Gabriel India),2025-10-06,2002.5456,43,INR,KDQ,SKODA Kodiaq,SKODA,Full-size SUV (CKD),4200,0.35,GAB,Gabriel India,domestic,0.16,6,CHS,Chassis,Steel,B,4634,0.993,PO-KDQ-CHS-00017-202510-1
KDQ-CHS-00017,Chassis B22 - SKODA Kodiaq (Gabriel India),2025-10-13,2004.5326,7,INR,KDQ,SKODA Kodiaq,SKODA,Full-size SUV (CKD),4200,0.35,GAB,Gabriel India,domestic,0.16,6,CHS,Chassis,Steel,B,4634,0.993,PO-KDQ-CHS-00017-202510-2
KDQ-CHS-00017,Chassis B22 - SKODA Kodiaq (Gabriel India),2025-11-06,2006.5624,2,INR,KDQ,SKODA Kodiaq,SKODA,Full-size SUV (CKD),4200,0.35,GAB,Gabriel India,domestic,0.16,6,CHS,Chassis,Steel,B,4634,0.993,PO-KDQ-CHS-00017-202511-1
KDQ-CHS-00017,Chassis B22 - SKODA Kodiaq (Gabriel India),2025-11-13,2000.8159,25,INR,KDQ,SKODA Kodiaq,SKODA,Full-size SUV (CKD),4200,0.35,GAB,Gabriel India,domestic,0.16,6,CHS,Chassis,Steel,B,4634,0.993,PO-KDQ-CHS-00017-202511-2
KDQ-CHS-00017,Chassis B22 - SKODA Kodiaq (Gabriel India),2025-11-20,2006.2556,24,INR,KDQ,SKODA Kodiaq,SKODA,Full-size SUV (CKD),4200,0.35,GAB,Gabriel India,domestic,0.16,6,CHS,Chassis,Steel,B,4634,0.993,PO-KDQ-CHS-00017-202511-3
KDQ-CHS-00017,Chassis B22 - SKODA Kodiaq (Gabriel India),2025-12-06,2044.7233,50,INR,KDQ,SKODA Kodiaq,SKODA,Full-size SUV (CKD),4200,0.35,GAB,Gabriel India,domestic,0.16,6,CHS,Chassis,Steel,B,4634,0.993,PO-KDQ-CHS-00017-202512-1
KDQ-CHS-00017,Chassis B22 - SKODA Kodiaq (Gabriel India),2026-01-06,2131.0832,36,INR,KDQ,SKODA Kodiaq,SKODA,Full-size SUV (CKD),4200,0.35,GAB,Gabriel India,domestic,0.16,6,CHS,Chassis,Steel,B,4634,0.993,PO-KDQ-CHS-00017-202601-1
KDQ-CHS-00017,Chassis B22 - SKODA Kodiaq (Gabriel India),2026-01-13,2117.1279,2,INR,KDQ,SKODA Kodiaq,SKODA,Full-size SUV (CKD),4200,0.35,GAB,Gabriel India,domestic,0.16,6,CHS,Chassis,Steel,B,4634,0.993,PO-KDQ-CHS-00017-202601-2
KDQ-CHS-00017,Chassis B22 - SKODA Kodiaq (Gabriel India),2026-01-20,2082.408,12,INR,KDQ,SKODA Kodiaq,SKODA,Full-size SUV (CKD),4200,0.35,GAB,Gabriel India,domestic,0.16,6,CHS,Chassis,Steel,B,4634,0.993,PO-KDQ-CHS-00017-202601-3
KDQ-CHS-00017,Chassis B22 - SKODA Kodiaq (Gabriel India),2026-02-06,2089.366,2,INR,KDQ,SKODA Kodiaq,SKODA,Full-size SUV (CKD),4200,0.35,GAB,Gabriel India,domestic,0.16,6,CHS,Chassis,Steel,B,4634,0.993,PO-KDQ-CHS-00017-202602-1
KDQ-CHS-00017,Chassis B22 - SKODA Kodiaq (Gabriel India),2026-02-13,2097.2348,48,INR,KDQ,SKODA Kodiaq,SKODA,Full-size SUV (CKD),4200,0.35,GAB,Gabriel India,domestic,0.16,6,CHS,Chassis,Steel,B,4634,0.993,PO-KDQ-CHS-00017-202602-2
KDQ-CHS-00017,Chassis B22 - SKODA Kodiaq (Gabriel India),2026-03-06,2142.576,45,INR,KDQ,SKODA Kodiaq,SKODA,Full-size SUV (CKD),4200,0.35,GAB,Gabriel India,domestic,0.16,6,CHS,Chassis,Steel,B,4634,0.993,PO-KDQ-CHS-00017-202603-1
KDQ-CHS-00017,Chassis B22 - SKODA Kodiaq (Gabriel India),2026-03-13,2162.4397,5,INR,KDQ,SKODA Kodiaq,SKODA,Full-size SUV (CKD),4200,0.35,GAB,Gabriel India,domestic,0.16,6,CHS,Chassis,Steel,B,4634,0.993,PO-KDQ-CHS-00017-202603-2
KDQ-CHS-00017,Chassis B22 - SKODA Kodiaq (Gabriel India),2026-04-06,2139.1007,50,INR,KDQ,SKODA Kodiaq,SKODA,Full-size SUV (CKD),4200,0.35,GAB,Gabriel India,domestic,0.16,6,CHS,Chassis,Steel,B,4634,0.993,PO-KDQ-CHS-00017-202604-1
KDQ-CHS-00017,Chassis B22 - SKODA Kodiaq (Gabriel India),2026-05-06,2111.8471,6,INR,KDQ,SKODA Kodiaq,SKODA,Full-size SUV (CKD),4200,0.35,GAB,Gabriel India,domestic,0.16,6,CHS,Chassis,Steel,B,4634,0.993,PO-KDQ-CHS-00017-202605-1
KDQ-CHS-00017,Chassis B22 - SKODA Kodiaq (Gabriel India),2026-05-13,2101.5428,31,INR,KDQ,SKODA Kodiaq,SKODA,Full-size SUV (CKD),4200,0.35,GAB,Gabriel India,domestic,0.16,6,CHS,Chassis,Steel,B,4634,0.993,PO-KDQ-CHS-00017-202605-2
KDQ-CHS-00017,Chassis B22 - SKODA Kodiaq (Gabriel India),2026-05-20,2122.0098,13,INR,KDQ,SKODA Kodiaq,SKODA,Full-size SUV (CKD),4200,0.35,GAB,Gabriel India,domestic,0.16,6,CHS,Chassis,Steel,B,4634,0.993,PO-KDQ-CHS-00017-202605-3
KDQ-CHS-00017,Chassis B22 - SKODA Kodiaq (Gabriel India),2026-06-06,2099.6005,29,INR,KDQ,SKODA Kodiaq,SKODA,Full-size SUV (CKD),4200,0.35,GAB,Gabriel India,domestic,0.16,6,CHS,Chassis,Steel,B,4634,0.993,PO-KDQ-CHS-00017-202606-1
KDQ-CHS-00017,Chassis B22 - SKODA Kodiaq (Gabriel India),2026-06-13,2106.6128,16,INR,KDQ,SKODA Kodiaq,SKODA,Full-size SUV (CKD),4200,0.35,GAB,Gabriel India,domestic,0.16,6,CHS,Chassis,Steel,B,4634,0.993,PO-KDQ-CHS-00017-202606-2
KDQ-CHS-00017,Chassis B22 - SKODA Kodiaq (Gabriel India),2026-06-20,2094.6039,5,INR,KDQ,SKODA Kodiaq,SKODA,Full-size SUV (CKD),4200,0.35,GAB,Gabriel India,domestic,0.16,6,CHS,Chassis,Steel,B,4634,0.993,PO-KDQ-CHS-00017-202606-3
KDQ-BRK-00029,Braking A03 - SKODA Kodiaq (Rane Group),2023-07-06,1775.7042,50,INR,KDQ,SKODA Kodiaq,SKODA,Full-size SUV (CKD),4200,0.35,RNE,Rane Group,domestic,0.19,6,BRK,Braking,Cast iron,A,14644,5.961,PO-KDQ-BRK-00029-202307-1
KDQ-BRK-00029,Braking A03 - SKODA Kodiaq (Rane Group),2023-08-06,1812.4603,50,INR,KDQ,SKODA Kodiaq,SKODA,Full-size SUV (CKD),4200,0.35,RNE,Rane Group,domestic,0.19,6,BRK,Braking,Cast iron,A,14644,5.961,PO-KDQ-BRK-00029-202308-1
KDQ-BRK-00029,Braking A03 - SKODA Kodiaq (Rane Group),2023-09-06,1843.3573,16,INR,KDQ,SKODA Kodiaq,SKODA,Full-size SUV (CKD),4200,0.35,RNE,Rane Group,domestic,0.19,6,BRK,Braking,Cast iron,A,14644,5.961,PO-KDQ-BRK-00029-202309-1
KDQ-BRK-00029,Braking A03 - SKODA Kodiaq (Rane Group),2023-09-13,1819.7154,29,INR,KDQ,SKODA Kodiaq,SKODA,Full-size SUV (CKD),4200,0.35,RNE,Rane Group,domestic,0.19,6,BRK,Braking,Cast iron,A,14644,5.961,PO-KDQ-BRK-00029-202309-2
KDQ-BRK-00029,Braking A03 - SKODA Kodiaq (Rane Group),2023-09-20,1808.2503,5,INR,KDQ,SKODA Kodiaq,SKODA,Full-size SUV (CKD),4200,0.35,RNE,Rane Group,domestic,0.19,6,BRK,Braking,Cast iron,A,14644,5.961,PO-KDQ-BRK-00029-202309-3
KDQ-BRK-00029,Braking A03 - SKODA Kodiaq (Rane Group),2023-10-06,1820.4004,50,INR,KDQ,SKODA Kodiaq,SKODA,Full-size SUV (CKD),4200,0.35,RNE,Rane Group,domestic,0.19,6,BRK,Braking,Cast iron,A,14644,5.961,PO-KDQ-BRK-00029-202310-1
KDQ-BRK-00029,Braking A03 - SKODA Kodiaq (Rane Group),2023-11-06,1786.3374,50,INR,KDQ,SKODA Kodiaq,SKODA,Full-size SUV (CKD),4200,0.35,RNE,Rane Group,domestic,0.19,6,BRK,Braking,Cast iron,A,14644,5.961,PO-KDQ-BRK-00029-202311-1
KDQ-BRK-00029,Braking A03 - SKODA Kodiaq (Rane Group),2023-12-06,1834.6089,24,INR,KDQ,SKODA Kodiaq,SKODA,Full-size SUV (CKD),4200,0.35,RNE,Rane Group,domestic,0.19,6,BRK,Braking,Cast iron,A,14644,5.961,PO-KDQ-BRK-00029-202312-1
KDQ-BRK-00029,Braking A03 - SKODA Kodiaq (Rane Group),2023-12-13,1831.8873,14,INR,KDQ,SKODA Kodiaq,SKODA,Full-size SUV (CKD),4200,0.35,RNE,Rane Group,domestic,0.19,6,BRK,Braking,Cast iron,A,14644,5.961,PO-KDQ-BRK-00029-202312-2
KDQ-BRK-00029,Braking A03 - SKODA Kodiaq (Rane Group),2023-12-20,1844.7473,13,INR,KDQ,SKODA Kodiaq,SKODA,Full-size SUV (CKD),4200,0.35,RNE,Rane Group,domestic,0.19,6,BRK,Braking,Cast iron,A,14644,5.961,PO-KDQ-BRK-00029-202312-3
KDQ-BRK-00029,Braking A03 - SKODA Kodiaq (Rane Group),2024-01-06,1800.2887,16,INR,KDQ,SKODA Kodiaq,SKODA,Full-size SUV (CKD),4200,0.35,RNE,Rane Group,domestic,0.19,6,BRK,Braking,Cast iron,A,14644,5.961,PO-KDQ-BRK-00029-202401-1
KDQ-BRK-00029,Braking A03 - SKODA Kodiaq (Rane Group),2024-01-13,1763.3373,21,INR,KDQ,SKODA Kodiaq,SKODA,Full-size SUV (CKD),4200,0.35,RNE,Rane Group,domestic,0.19,6,BRK,Braking,Cast iron,A,14644,5.961,PO-KDQ-BRK-00029-202401-2
KDQ-BRK-00029,Braking A03 - SKODA Kodiaq (Rane Group),2024-01-20,1764.5096,13,INR,KDQ,SKODA Kodiaq,SKODA,Full-size SUV (CKD),4200,0.35,RNE,Rane Group,domestic,0.19,6,BRK,Braking,Cast iron,A,14644,5.961,PO-KDQ-BRK-00029-202401-3
KDQ-BRK-00029,Braking A03 - SKODA Kodiaq (Rane Group),2024-02-06,1763.7736,19,INR,KDQ,SKODA Kodiaq,SKODA,Full-size SUV (CKD),4200,0.35,RNE,Rane Group,domestic,0.19,6,BRK,Braking,Cast iron,A,14644,5.961,PO-KDQ-BRK-00029-202402-1
KDQ-BRK-00029,Braking A03 - SKODA Kodiaq (Rane Group),2024-02-13,1790.6439,31,INR,KDQ,SKODA Kodiaq,SKODA,Full-size SUV (CKD),4200,0.35,RNE,Rane Group,domestic,0.19,6,BRK,Braking,Cast iron,A,14644,5.961,PO-KDQ-BRK-00029-202402-2
KDQ-BRK-00029,Braking A03 - SKODA Kodiaq (Rane Group),2024-03-06,1732.0505,20,INR,KDQ,SKODA Kodiaq,SKODA,Full-size SUV (CKD),4200,0.35,RNE,Rane Group,domestic,0.19,6,BRK,Braking,Cast iron,A,14644,5.961,PO-KDQ-BRK-00029-202403-1
KDQ-BRK-00029,Braking A03 - SKODA Kodiaq (Rane Group),2024-03-13,1738.9274,26,INR,KDQ,SKODA Kodiaq,SKODA,Full-size SUV (CKD),4200,0.35,RNE,Rane Group,domestic,0.19,6,BRK,Braking,Cast iron,A,14644,5.961,PO-KDQ-BRK-00029-202403-2
KDQ-BRK-00029,Braking A03 - SKODA Kodiaq (Rane Group),2024-03-20,1751.5053,4,INR,KDQ,SKODA Kodiaq,SKODA,Full-size SUV (CKD),4200,0.35,RNE,Rane Group,domestic,0.19,6,BRK,Braking,Cast iron,A,14644,5.961,PO-KDQ-BRK-00029-202403-3
KDQ-BRK-00029,Braking A03 - SKODA Kodiaq (Rane Group),2024-04-06,1718.6883,16,INR,KDQ,SKODA Kodiaq,SKODA,Full-size SUV (CKD),4200,0.35,RNE,Rane Group,domestic,0.19,6,BRK,Braking,Cast iron,A,14644,5.961,PO-KDQ-BRK-00029-202404-1
KDQ-BRK-00029,Braking A03 - SKODA Kodiaq (Rane Group),2024-04-13,1670.4296,26,INR,KDQ,SKODA Kodiaq,SKODA,Full-size SUV (CKD),4200,0.35,RNE,Rane Group,domestic,0.19,6,BRK,Braking,Cast iron,A,14644,5.961,PO-KDQ-BRK-00029-202404-2
KDQ-BRK-00029,Braking A03 - SKODA Kodiaq (Rane Group),2024-04-20,1692.3335,8,INR,KDQ,SKODA Kodiaq,SKODA,Full-size SUV (CKD),4200,0.35,RNE,Rane Group,domestic,0.19,6,BRK,Braking,Cast iron,A,14644,5.961,PO-KDQ-BRK-00029-202404-3
KDQ-BRK-00029,Braking A03 - SKODA Kodiaq (Rane Group),2024-05-06,1717.7767,50,INR,KDQ,SKODA Kodiaq,SKODA,Full-size SUV (CKD),4200,0.35,RNE,Rane Group,domestic,0.19,6,BRK,Braking,Cast iron,A,14644,5.961,PO-KDQ-BRK-00029-202405-1
KDQ-BRK-00029,Braking A03 - SKODA Kodiaq (Rane Group),2024-06-06,1788.1181,50,INR,KDQ,SKODA Kodiaq,SKODA,Full-size SUV (CKD),4200,0.35,RNE,Rane Group,domestic,0.19,6,BRK,Braking,Cast iron,A,14644,5.961,PO-KDQ-BRK-00029-202406-1
KDQ-BRK-00029,Braking A03 - SKODA Kodiaq (Rane Group),2024-07-06,1820.5102,5,INR,KDQ,SKODA Kodiaq,SKODA,Full-size SUV (CKD),4200,0.35,RNE,Rane Group,domestic,0.19,6,BRK,Braking,Cast iron,A,14644,5.961,PO-KDQ-BRK-00029-202407-1
KDQ-BRK-00029,Braking A03 - SKODA Kodiaq (Rane Group),2024-07-13,1816.4882,12,INR,KDQ,SKODA Kodiaq,SKODA,Full-size SUV (CKD),4200,0.35,RNE,Rane Group,domestic,0.19,6,BRK,Braking,Cast iron,A,14644,5.961,PO-KDQ-BRK-00029-202407-2
KDQ-BRK-00029,Braking A03 - SKODA Kodiaq (Rane Group),2024-07-20,1818.9727,33,INR,KDQ,SKODA Kodiaq,SKODA,Full-size SUV (CKD),4200,0.35,RNE,Rane Group,domestic,0.19,6,BRK,Braking,Cast iron,A,14644,5.961,PO-KDQ-BRK-00029-202407-3
KDQ-BRK-00029,Braking A03 - SKODA Kodiaq (Rane Group),2024-08-06,1786.1512,14,INR,KDQ,SKODA Kodiaq,SKODA,Full-size SUV (CKD),4200,0.35,RNE,Rane Group,domestic,0.19,6,BRK,Braking,Cast iron,A,14644,5.961,PO-KDQ-BRK-00029-202408-1
KDQ-BRK-00029,Braking A03 - SKODA Kodiaq (Rane Group),2024-08-13,1779.7562,10,INR,KDQ,SKODA Kodiaq,SKODA,Full-size SUV (CKD),4200,0.35,RNE,Rane Group,domestic,0.19,6,BRK,Braking,Cast iron,A,14644,5.961,PO-KDQ-BRK-00029-202408-2
KDQ-BRK-00029,Braking A03 - SKODA Kodiaq (Rane Group),2024-08-20,1775.7635,26,INR,KDQ,SKODA Kodiaq,SKODA,Full-size SUV (CKD),4200,0.35,RNE,Rane Group,domestic,0.19,6,BRK,Braking,Cast iron,A,14644,5.961,PO-KDQ-BRK-00029-202408-3
KDQ-BRK-00029,Braking A03 - SKODA Kodiaq (Rane Group),2024-09-06,1849.9743,7,INR,KDQ,SKODA Kodiaq,SKODA,Full-size SUV (CKD),4200,0.35,RNE,Rane Group,domestic,0.19,6,BRK,Braking,Cast iron,A,14644,5.961,PO-KDQ-BRK-00029-202409-1
KDQ-BRK-00029,Braking A03 - SKODA Kodiaq (Rane Group),2024-09-13,1845.7949,43,INR,KDQ,SKODA Kodiaq,SKODA,Full-size SUV (CKD),4200,0.35,RNE,Rane Group,domestic,0.19,6,BRK,Braking,Cast iron,A,14644,5.961,PO-KDQ-BRK-00029-202409-2
KDQ-BRK-00029,Braking A03 - SKODA Kodiaq (Rane Group),2024-10-06,1858.0966,15,INR,KDQ,SKODA Kodiaq,SKODA,Full-size SUV (CKD),4200,0.35,RNE,Rane Group,domestic,0.19,6,BRK,Braking,Cast iron,A,14644,5.961,PO-KDQ-BRK-00029-202410-1
KDQ-BRK-00029,Braking A03 - SKODA Kodiaq (Rane Group),2024-10-13,1844.8108,35,INR,KDQ,SKODA Kodiaq,SKODA,Full-size SUV (CKD),4200,0.35,RNE,Rane Group,domestic,0.19,6,BRK,Braking,Cast iron,A,14644,5.961,PO-KDQ-BRK-00029-202410-2
KDQ-BRK-00029,Braking A03 - SKODA Kodiaq (Rane Group),2024-11-06,1926.0057,36,INR,KDQ,SKODA Kodiaq,SKODA,Full-size SUV (CKD),4200,0.35,RNE,Rane Group,domestic,0.19,6,BRK,Braking,Cast iron,A,14644,5.961,PO-KDQ-BRK-00029-202411-1
KDQ-BRK-00029,Braking A03 - SKODA Kodiaq (Rane Group),2024-11-13,1947.5203,14,INR,KDQ,SKODA Kodiaq,SKODA,Full-size SUV (CKD),4200,0.35,RNE,Rane Group,domestic,0.19,6,BRK,Braking,Cast iron,A,14644,5.961,PO-KDQ-BRK-00029-202411-2
KDQ-BRK-00029,Braking A03 - SKODA Kodiaq (Rane Group),2024-12-06,1856.3503,12,INR,KDQ,SKODA Kodiaq,SKODA,Full-size SUV (CKD),4200,0.35,RNE,Rane Group,domestic,0.19,6,BRK,Braking,Cast iron,A,14644,5.961,PO-KDQ-BRK-00029-202412-1
KDQ-BRK-00029,Braking A03 - SKODA Kodiaq (Rane Group),2024-12-13,1898.2871,25,INR,KDQ,SKODA Kodiaq,SKODA,Full-size SUV (CKD),4200,0.35,RNE,Rane Group,domestic,0.19,6,BRK,Braking,Cast iron,A,14644,5.961,PO-KDQ-BRK-00029-202412-2
KDQ-BRK-00029,Braking A03 - SKODA Kodiaq (Rane Group),2024-12-20,1896.9613,12,INR,KDQ,SKODA Kodiaq,SKODA,Full-size SUV (CKD),4200,0.35,RNE,Rane Group,domestic,0.19,6,BRK,Braking,Cast iron,A,14644,5.961,PO-KDQ-BRK-00029-202412-3
KDQ-BRK-00029,Braking A03 - SKODA Kodiaq (Rane Group),2025-01-06,1817.1991,7,INR,KDQ,SKODA Kodiaq,SKODA,Full-size SUV (CKD),4200,0.35,RNE,Rane Group,domestic,0.19,6,BRK,Braking,Cast iron,A,14644,5.961,PO-KDQ-BRK-00029-202501-1
KDQ-BRK-00029,Braking A03 - SKODA Kodiaq (Rane Group),2025-01-13,1805.857,13,INR,KDQ,SKODA Kodiaq,SKODA,Full-size SUV (CKD),4200,0.35,RNE,Rane Group,domestic,0.19,6,BRK,Braking,Cast iron,A,14644,5.961,PO-KDQ-BRK-00029-202501-2
KDQ-BRK-00029,Braking A03 - SKODA Kodiaq (Rane Group),2025-01-20,1831.8901,30,INR,KDQ,SKODA Kodiaq,SKODA,Full-size SUV (CKD),4200,0.35,RNE,Rane Group,domestic,0.19,6,BRK,Braking,Cast iron,A,14644,5.961,PO-KDQ-BRK-00029-202501-3
KDQ-BRK-00029,Braking A03 - SKODA Kodiaq (Rane Group),2025-02-06,1830.5515,18,INR,KDQ,SKODA Kodiaq,SKODA,Full-size SUV (CKD),4200,0.35,RNE,Rane Group,domestic,0.19,6,BRK,Braking,Cast iron,A,14644,5.961,PO-KDQ-BRK-00029-202502-1
KDQ-BRK-00029,Braking A03 - SKODA Kodiaq (Rane Group),2025-02-13,1850.6595,14,INR,KDQ,SKODA Kodiaq,SKODA,Full-size SUV (CKD),4200,0.35,RNE,Rane Group,domestic,0.19,6,BRK,Braking,Cast iron,A,14644,5.961,PO-KDQ-BRK-00029-202502-2
KDQ-BRK-00029,Braking A03 - SKODA Kodiaq (Rane Group),2025-02-20,1809.2427,17,INR,KDQ,SKODA Kodiaq,SKODA,Full-size SUV (CKD),4200,0.35,RNE,Rane Group,domestic,0.19,6,BRK,Braking,Cast iron,A,14644,5.961,PO-KDQ-BRK-00029-202502-3
KDQ-BRK-00029,Braking A03 - SKODA Kodiaq (Rane Group),2025-03-06,1697.558,50,INR,KDQ,SKODA Kodiaq,SKODA,Full-size SUV (CKD),4200,0.35,RNE,Rane Group,domestic,0.19,6,BRK,Braking,Cast iron,A,14644,5.961,PO-KDQ-BRK-00029-202503-1
KDQ-BRK-00029,Braking A03 - SKODA Kodiaq (Rane Group),2025-04-06,1729.3695,50,INR,KDQ,SKODA Kodiaq,SKODA,Full-size SUV (CKD),4200,0.35,RNE,Rane Group,domestic,0.19,6,BRK,Braking,Cast iron,A,14644,5.961,PO-KDQ-BRK-00029-202504-1
KDQ-BRK-00029,Braking A03 - SKODA Kodiaq (Rane Group),2025-05-06,1840.327,17,INR,KDQ,SKODA Kodiaq,SKODA,Full-size SUV (CKD),4200,0.35,RNE,Rane Group,domestic,0.19,6,BRK,Braking,Cast iron,A,14644,5.961,PO-KDQ-BRK-00029-202505-1
KDQ-BRK-00029,Braking A03 - SKODA Kodiaq (Rane Group),2025-05-13,1824.302,24,INR,KDQ,SKODA Kodiaq,SKODA,Full-size SUV (CKD),4200,0.35,RNE,Rane Group,domestic,0.19,6,BRK,Braking,Cast iron,A,14644,5.961,PO-KDQ-BRK-00029-202505-2
KDQ-BRK-00029,Braking A03 - SKODA Kodiaq (Rane Group),2025-05-20,1851.4561,9,INR,KDQ,SKODA Kodiaq,SKODA,Full-size SUV (CKD),4200,0.35,RNE,Rane Group,domestic,0.19,6,BRK,Braking,Cast iron,A,14644,5.961,PO-KDQ-BRK-00029-202505-3
KDQ-BRK-00029,Braking A03 - SKODA Kodiaq (Rane Group),2025-06-06,1834.3267,33,INR,KDQ,SKODA Kodiaq,SKODA,Full-size SUV (CKD),4200,0.35,RNE,Rane Group,domestic,0.19,6,BRK,Braking,Cast iron,A,14644,5.961,PO-KDQ-BRK-00029-202506-1
KDQ-BRK-00029,Braking A03 - SKODA Kodiaq (Rane Group),2025-06-13,1837.5674,17,INR,KDQ,SKODA Kodiaq,SKODA,Full-size SUV (CKD),4200,0.35,RNE,Rane Group,domestic,0.19,6,BRK,Braking,Cast iron,A,14644,5.961,PO-KDQ-BRK-00029-202506-2
KDQ-BRK-00029,Braking A03 - SKODA Kodiaq (Rane Group),2025-07-06,1801.3804,50,INR,KDQ,SKODA Kodiaq,SKODA,Full-size SUV (CKD),4200,0.35,RNE,Rane Group,domestic,0.19,6,BRK,Braking,Cast iron,A,14644,5.961,PO-KDQ-BRK-00029-202507-1
KDQ-BRK-00029,Braking A03 - SKODA Kodiaq (Rane Group),2025-08-06,1838.8145,50,INR,KDQ,SKODA Kodiaq,SKODA,Full-size SUV (CKD),4200,0.35,RNE,Rane Group,domestic,0.19,6,BRK,Braking,Cast iron,A,14644,5.961,PO-KDQ-BRK-00029-202508-1
KDQ-BRK-00029,Braking A03 - SKODA Kodiaq (Rane Group),2025-09-06,1938.9697,15,INR,KDQ,SKODA Kodiaq,SKODA,Full-size SUV (CKD),4200,0.35,RNE,Rane Group,domestic,0.19,6,BRK,Braking,Cast iron,A,14644,5.961,PO-KDQ-BRK-00029-202509-1
KDQ-BRK-00029,Braking A03 - SKODA Kodiaq (Rane Group),2025-09-13,1931.687,30,INR,KDQ,SKODA Kodiaq,SKODA,Full-size SUV (CKD),4200,0.35,RNE,Rane Group,domestic,0.19,6,BRK,Braking,Cast iron,A,14644,5.961,PO-KDQ-BRK-00029-202509-2
KDQ-BRK-00029,Braking A03 - SKODA Kodiaq (Rane Group),2025-09-20,1918.4902,5,INR,KDQ,SKODA Kodiaq,SKODA,Full-size SUV (CKD),4200,0.35,RNE,Rane Group,domestic,0.19,6,BRK,Braking,Cast iron,A,14644,5.961,PO-KDQ-BRK-00029-202509-3
KDQ-BRK-00029,Braking A03 - SKODA Kodiaq (Rane Group),2025-10-06,1924.351,8,INR,KDQ,SKODA Kodiaq,SKODA,Full-size SUV (CKD),4200,0.35,RNE,Rane Group,domestic,0.19,6,BRK,Braking,Cast iron,A,14644,5.961,PO-KDQ-BRK-00029-202510-1
KDQ-BRK-00029,Braking A03 - SKODA Kodiaq (Rane Group),2025-10-13,1910.7008,41,INR,KDQ,SKODA Kodiaq,SKODA,Full-size SUV (CKD),4200,0.35,RNE,Rane Group,domestic,0.19,6,BRK,Braking,Cast iron,A,14644,5.961,PO-KDQ-BRK-00029-202510-2
KDQ-BRK-00029,Braking A03 - SKODA Kodiaq (Rane Group),2025-10-20,1927.4575,1,INR,KDQ,SKODA Kodiaq,SKODA,Full-size SUV (CKD),4200,0.35,RNE,Rane Group,domestic,0.19,6,BRK,Braking,Cast iron,A,14644,5.961,PO-KDQ-BRK-00029-202510-3
KDQ-BRK-00029,Braking A03 - SKODA Kodiaq (Rane Group),2025-11-06,1823.6761,18,INR,KDQ,SKODA Kodiaq,SKODA,Full-size SUV (CKD),4200,0.35,RNE,Rane Group,domestic,0.19,6,BRK,Braking,Cast iron,A,14644,5.961,PO-KDQ-BRK-00029-202511-1
KDQ-BRK-00029,Braking A03 - SKODA Kodiaq (Rane Group),2025-11-13,1883.5352,30,INR,KDQ,SKODA Kodiaq,SKODA,Full-size SUV (CKD),4200,0.35,RNE,Rane Group,domestic,0.19,6,BRK,Braking,Cast iron,A,14644,5.961,PO-KDQ-BRK-00029-202511-2
KDQ-BRK-00029,Braking A03 - SKODA Kodiaq (Rane Group),2025-11-20,1897.4952,2,INR,KDQ,SKODA Kodiaq,SKODA,Full-size SUV (CKD),4200,0.35,RNE,Rane Group,domestic,0.19,6,BRK,Braking,Cast iron,A,14644,5.961,PO-KDQ-BRK-00029-202511-3
KDQ-BRK-00029,Braking A03 - SKODA Kodiaq (Rane Group),2025-12-06,1844.7864,20,INR,KDQ,SKODA Kodiaq,SKODA,Full-size SUV (CKD),4200,0.35,RNE,Rane Group,domestic,0.19,6,BRK,Braking,Cast iron,A,14644,5.961,PO-KDQ-BRK-00029-202512-1
KDQ-BRK-00029,Braking A03 - SKODA Kodiaq (Rane Group),2025-12-13,1845.1453,30,INR,KDQ,SKODA Kodiaq,SKODA,Full-size SUV (CKD),4200,0.35,RNE,Rane Group,domestic,0.19,6,BRK,Braking,Cast iron,A,14644,5.961,PO-KDQ-BRK-00029-202512-2
KDQ-BRK-00029,Braking A03 - SKODA Kodiaq (Rane Group),2026-01-06,1823.6903,49,INR,KDQ,SKODA Kodiaq,SKODA,Full-size SUV (CKD),4200,0.35,RNE,Rane Group,domestic,0.19,6,BRK,Braking,Cast iron,A,14644,5.961,PO-KDQ-BRK-00029-202601-1
KDQ-BRK-00029,Braking A03 - SKODA Kodiaq (Rane Group),2026-01-13,1794.3584,1,INR,KDQ,SKODA Kodiaq,SKODA,Full-size SUV (CKD),4200,0.35,RNE,Rane Group,domestic,0.19,6,BRK,Braking,Cast iron,A,14644,5.961,PO-KDQ-BRK-00029-202601-2
KDQ-BRK-00029,Braking A03 - SKODA Kodiaq (Rane Group),2026-02-06,1837.5502,29,INR,KDQ,SKODA Kodiaq,SKODA,Full-size SUV (CKD),4200,0.35,RNE,Rane Group,domestic,0.19,6,BRK,Braking,Cast iron,A,14644,5.961,PO-KDQ-BRK-00029-202602-1
KDQ-BRK-00029,Braking A03 - SKODA Kodiaq (Rane Group),2026-02-13,1803.233,18,INR,KDQ,SKODA Kodiaq,SKODA,Full-size SUV (CKD),4200,0.35,RNE,Rane Group,domestic,0.19,6,BRK,Braking,Cast iron,A,14644,5.961,PO-KDQ-BRK-00029-202602-2
KDQ-BRK-00029,Braking A03 - SKODA Kodiaq (Rane Group),2026-02-20,1830.9548,4,INR,KDQ,SKODA Kodiaq,SKODA,Full-size SUV (CKD),4200,0.35,RNE,Rane Group,domestic,0.19,6,BRK,Braking,Cast iron,A,14644,5.961,PO-KDQ-BRK-00029-202602-3
KDQ-BRK-00029,Braking A03 - SKODA Kodiaq (Rane Group),2026-03-06,1894.4753,31,INR,KDQ,SKODA Kodiaq,SKODA,Full-size SUV (CKD),4200,0.35,RNE,Rane Group,domestic,0.19,6,BRK,Braking,Cast iron,A,14644,5.961,PO-KDQ-BRK-00029-202603-1
KDQ-BRK-00029,Braking A03 - SKODA Kodiaq (Rane Group),2026-03-13,1853.0222,19,INR,KDQ,SKODA Kodiaq,SKODA,Full-size SUV (CKD),4200,0.35,RNE,Rane Group,domestic,0.19,6,BRK,Braking,Cast iron,A,14644,5.961,PO-KDQ-BRK-00029-202603-2
KDQ-BRK-00029,Braking A03 - SKODA Kodiaq (Rane Group),2026-04-06,1875.7582,17,INR,KDQ,SKODA Kodiaq,SKODA,Full-size SUV (CKD),4200,0.35,RNE,Rane Group,domestic,0.19,6,BRK,Braking,Cast iron,A,14644,5.961,PO-KDQ-BRK-00029-202604-1
KDQ-BRK-00029,Braking A03 - SKODA Kodiaq (Rane Group),2026-04-13,1891.2694,5,INR,KDQ,SKODA Kodiaq,SKODA,Full-size SUV (CKD),4200,0.35,RNE,Rane Group,domestic,0.19,6,BRK,Braking,Cast iron,A,14644,5.961,PO-KDQ-BRK-00029-202604-2
KDQ-BRK-00029,Braking A03 - SKODA Kodiaq (Rane Group),2026-04-20,1868.248,28,INR,KDQ,SKODA Kodiaq,SKODA,Full-size SUV (CKD),4200,0.35,RNE,Rane Group,domestic,0.19,6,BRK,Braking,Cast iron,A,14644,5.961,PO-KDQ-BRK-00029-202604-3
KDQ-BRK-00029,Braking A03 - SKODA Kodiaq (Rane Group),2026-05-06,1851.5207,8,INR,KDQ,SKODA Kodiaq,SKODA,Full-size SUV (CKD),4200,0.35,RNE,Rane Group,domestic,0.19,6,BRK,Braking,Cast iron,A,14644,5.961,PO-KDQ-BRK-00029-202605-1
KDQ-BRK-00029,Braking A03 - SKODA Kodiaq (Rane Group),2026-05-13,1827.4491,23,INR,KDQ,SKODA Kodiaq,SKODA,Full-size SUV (CKD),4200,0.35,RNE,Rane Group,domestic,0.19,6,BRK,Braking,Cast iron,A,14644,5.961,PO-KDQ-BRK-00029-202605-2
KDQ-BRK-00029,Braking A03 - SKODA Kodiaq (Rane Group),2026-05-20,1828.783,19,INR,KDQ,SKODA Kodiaq,SKODA,Full-size SUV (CKD),4200,0.35,RNE,Rane Group,domestic,0.19,6,BRK,Braking,Cast iron,A,14644,5.961,PO-KDQ-BRK-00029-202605-3
KDQ-BRK-00029,Braking A03 - SKODA Kodiaq (Rane Group),2026-06-06,1818.7482,26,INR,KDQ,SKODA Kodiaq,SKODA,Full-size SUV (CKD),4200,0.35,RNE,Rane Group,domestic,0.19,6,BRK,Braking,Cast iron,A,14644,5.961,PO-KDQ-BRK-00029-202606-1
KDQ-BRK-00029,Braking A03 - SKODA Kodiaq (Rane Group),2026-06-13,1811.3382,12,INR,KDQ,SKODA Kodiaq,SKODA,Full-size SUV (CKD),4200,0.35,RNE,Rane Group,domestic,0.19,6,BRK,Braking,Cast iron,A,14644,5.961,PO-KDQ-BRK-00029-202606-2
KDQ-BRK-00029,Braking A03 - SKODA Kodiaq (Rane Group),2026-06-20,1797.0779,11,INR,KDQ,SKODA Kodiaq,SKODA,Full-size SUV (CKD),4200,0.35,RNE,Rane Group,domestic,0.19,6,BRK,Braking,Cast iron,A,14644,5.961,PO-KDQ-BRK-00029-202606-3
KDQ-ELC-00047,Electrical A08 - SKODA Kodiaq (Bosch India),2023-07-06,2297.6569,11,INR,KDQ,SKODA Kodiaq,SKODA,Full-size SUV (CKD),4200,0.35,BSH,Bosch India,international,0.62,3,ELC,Electrical,Copper,A,9908,2.703,PO-KDQ-ELC-00047-202307-1
KDQ-ELC-00047,Electrical A08 - SKODA Kodiaq (Bosch India),2023-07-13,2298.2999,5,INR,KDQ,SKODA Kodiaq,SKODA,Full-size SUV (CKD),4200,0.35,BSH,Bosch India,international,0.62,3,ELC,Electrical,Copper,A,9908,2.703,PO-KDQ-ELC-00047-202307-2
KDQ-ELC-00047,Electrical A08 - SKODA Kodiaq (Bosch India),2023-07-20,2297.7046,34,INR,KDQ,SKODA Kodiaq,SKODA,Full-size SUV (CKD),4200,0.35,BSH,Bosch India,international,0.62,3,ELC,Electrical,Copper,A,9908,2.703,PO-KDQ-ELC-00047-202307-3
KDQ-ELC-00047,Electrical A08 - SKODA Kodiaq (Bosch India),2023-08-06,2311.6065,50,INR,KDQ,SKODA Kodiaq,SKODA,Full-size SUV (CKD),4200,0.35,BSH,Bosch India,international,0.62,3,ELC,Electrical,Copper,A,9908,2.703,PO-KDQ-ELC-00047-202308-1
KDQ-ELC-00047,Electrical A08 - SKODA Kodiaq (Bosch India),2023-09-06,2379.3453,4,INR,KDQ,SKODA Kodiaq,SKODA,Full-size SUV (CKD),4200,0.35,BSH,Bosch India,international,0.62,3,ELC,Electrical,Copper,A,9908,2.703,PO-KDQ-ELC-00047-202309-1
KDQ-ELC-00047,Electrical A08 - SKODA Kodiaq (Bosch India),2023-09-13,2403.6106,27,INR,KDQ,SKODA Kodiaq,SKODA,Full-size SUV (CKD),4200,0.35,BSH,Bosch India,international,0.62,3,ELC,Electrical,Copper,A,9908,2.703,PO-KDQ-ELC-00047-202309-2
KDQ-ELC-00047,Electrical A08 - SKODA Kodiaq (Bosch India),2023-09-20,2417.1309,18,INR,KDQ,SKODA Kodiaq,SKODA,Full-size SUV (CKD),4200,0.35,BSH,Bosch India,international,0.62,3,ELC,Electrical,Copper,A,9908,2.703,PO-KDQ-ELC-00047-202309-3
KDQ-ELC-00047,Electrical A08 - SKODA Kodiaq (Bosch India),2023-10-06,2422.1006,16,INR,KDQ,SKODA Kodiaq,SKODA,Full-size SUV (CKD),4200,0.35,BSH,Bosch India,international,0.62,3,ELC,Electrical,Copper,A,9908,2.703,PO-KDQ-ELC-00047-202310-1
KDQ-ELC-00047,Electrical A08 - SKODA Kodiaq (Bosch India),2023-10-13,2411.2799,34,INR,KDQ,SKODA Kodiaq,SKODA,Full-size SUV (CKD),4200,0.35,BSH,Bosch India,international,0.62,3,ELC,Electrical,Copper,A,9908,2.703,PO-KDQ-ELC-00047-202310-2
KDQ-ELC-00047,Electrical A08 - SKODA Kodiaq (Bosch India),2023-11-06,2437.2583,50,INR,KDQ,SKODA Kodiaq,SKODA,Full-size SUV (CKD),4200,0.35,BSH,Bosch India,international,0.62,3,ELC,Electrical,Copper,A,9908,2.703,PO-KDQ-ELC-00047-202311-1
KDQ-ELC-00047,Electrical A08 - SKODA Kodiaq (Bosch India),2023-12-06,2533.4873,50,INR,KDQ,SKODA Kodiaq,SKODA,Full-size SUV (CKD),4200,0.35,BSH,Bosch India,international,0.62,3,ELC,Electrical,Copper,A,9908,2.703,PO-KDQ-ELC-00047-202312-1
KDQ-ELC-00047,Electrical A08 - SKODA Kodiaq (Bosch India),2024-01-06,2580.979,13,INR,KDQ,SKODA Kodiaq,SKODA,Full-size SUV (CKD),4200,0.35,BSH,Bosch India,international,0.62,3,ELC,Electrical,Copper,A,9908,2.703,PO-KDQ-ELC-00047-202401-1
KDQ-ELC-00047,Electrical A08 - SKODA Kodiaq (Bosch India),2024-01-13,2601.2542,35,INR,KDQ,SKODA Kodiaq,SKODA,Full-size SUV (CKD),4200,0.35,BSH,Bosch India,international,0.62,3,ELC,Electrical,Copper,A,9908,2.703,PO-KDQ-ELC-00047-202401-2
KDQ-ELC-00047,Electrical A08 - SKODA Kodiaq (Bosch India),2024-01-20,2624.2833,2,INR,KDQ,SKODA Kodiaq,SKODA,Full-size SUV (CKD),4200,0.35,BSH,Bosch India,international,0.62,3,ELC,Electrical,Copper,A,9908,2.703,PO-KDQ-ELC-00047-202401-3
KDQ-ELC-00047,Electrical A08 - SKODA Kodiaq (Bosch India),2024-02-06,2592.3119,39,INR,KDQ,SKODA Kodiaq,SKODA,Full-size SUV (CKD),4200,0.35,BSH,Bosch India,international,0.62,3,ELC,Electrical,Copper,A,9908,2.703,PO-KDQ-ELC-00047-202402-1
KDQ-ELC-00047,Electrical A08 - SKODA Kodiaq (Bosch India),2024-02-13,2576.2061,11,INR,KDQ,SKODA Kodiaq,SKODA,Full-size SUV (CKD),4200,0.35,BSH,Bosch India,international,0.62,3,ELC,Electrical,Copper,A,9908,2.703,PO-KDQ-ELC-00047-202402-2
KDQ-ELC-00047,Electrical A08 - SKODA Kodiaq (Bosch India),2024-03-06,2633.9426,50,INR,KDQ,SKODA Kodiaq,SKODA,Full-size SUV (CKD),4200,0.35,BSH,Bosch India,international,0.62,3,ELC,Electrical,Copper,A,9908,2.703,PO-KDQ-ELC-00047-202403-1
KDQ-ELC-00047,Electrical A08 - SKODA Kodiaq (Bosch India),2024-04-06,2493.4601,50,INR,KDQ,SKODA Kodiaq,SKODA,Full-size SUV (CKD),4200,0.35,BSH,Bosch India,international,0.62,3,ELC,Electrical,Copper,A,9908,2.703,PO-KDQ-ELC-00047-202404-1
KDQ-ELC-00047,Electrical A08 - SKODA Kodiaq (Bosch India),2024-04-13,2473.3748,1,INR,KDQ,SKODA Kodiaq,SKODA,Full-size SUV (CKD),4200,0.35,BSH,Bosch India,international,0.62,3,ELC,Electrical,Copper,A,9908,2.703,PO-KDQ-ELC-00047-202404-2
KDQ-ELC-00047,Electrical A08 - SKODA Kodiaq (Bosch India),2024-05-06,2467.3431,50,INR,KDQ,SKODA Kodiaq,SKODA,Full-size SUV (CKD),4200,0.35,BSH,Bosch India,international,0.62,3,ELC,Electrical,Copper,A,9908,2.703,PO-KDQ-ELC-00047-202405-1
KDQ-ELC-00047,Electrical A08 - SKODA Kodiaq (Bosch India),2024-06-06,2427.3909,50,INR,KDQ,SKODA Kodiaq,SKODA,Full-size SUV (CKD),4200,0.35,BSH,Bosch India,international,0.62,3,ELC,Electrical,Copper,A,9908,2.703,PO-KDQ-ELC-00047-202406-1
KDQ-ELC-00047,Electrical A08 - SKODA Kodiaq (Bosch India),2024-07-06,2335.1719,50,INR,KDQ,SKODA Kodiaq,SKODA,Full-size SUV (CKD),4200,0.35,BSH,Bosch India,international,0.62,3,ELC,Electrical,Copper,A,9908,2.703,PO-KDQ-ELC-00047-202407-1
KDQ-ELC-00047,Electrical A08 - SKODA Kodiaq (Bosch India),2024-08-06,2398.5133,50,INR,KDQ,SKODA Kodiaq,SKODA,Full-size SUV (CKD),4200,0.35,BSH,Bosch India,international,0.62,3,ELC,Electrical,Copper,A,9908,2.703,PO-KDQ-ELC-00047-202408-1
KDQ-ELC-00047,Electrical A08 - SKODA Kodiaq (Bosch India),2024-09-06,2515.1785,8,INR,KDQ,SKODA Kodiaq,SKODA,Full-size SUV (CKD),4200,0.35,BSH,Bosch India,international,0.62,3,ELC,Electrical,Copper,A,9908,2.703,PO-KDQ-ELC-00047-202409-1
KDQ-ELC-00047,Electrical A08 - SKODA Kodiaq (Bosch India),2024-09-13,2507.3684,1,INR,KDQ,SKODA Kodiaq,SKODA,Full-size SUV (CKD),4200,0.35,BSH,Bosch India,international,0.62,3,ELC,Electrical,Copper,A,9908,2.703,PO-KDQ-ELC-00047-202409-2
KDQ-ELC-00047,Electrical A08 - SKODA Kodiaq (Bosch India),2024-09-20,2517.202,41,INR,KDQ,SKODA Kodiaq,SKODA,Full-size SUV (CKD),4200,0.35,BSH,Bosch India,international,0.62,3,ELC,Electrical,Copper,A,9908,2.703,PO-KDQ-ELC-00047-202409-3
KDQ-ELC-00047,Electrical A08 - SKODA Kodiaq (Bosch India),2024-10-06,2714.1961,50,INR,KDQ,SKODA Kodiaq,SKODA,Full-size SUV (CKD),4200,0.35,BSH,Bosch India,international,0.62,3,ELC,Electrical,Copper,A,9908,2.703,PO-KDQ-ELC-00047-202410-1
KDQ-ELC-00047,Electrical A08 - SKODA Kodiaq (Bosch India),2024-11-06,2786.5145,50,INR,KDQ,SKODA Kodiaq,SKODA,Full-size SUV (CKD),4200,0.35,BSH,Bosch India,international,0.62,3,ELC,Electrical,Copper,A,9908,2.703,PO-KDQ-ELC-00047-202411-1
KDQ-ELC-00047,Electrical A08 - SKODA Kodiaq (Bosch India),2024-12-06,2678.5137,50,INR,KDQ,SKODA Kodiaq,SKODA,Full-size SUV (CKD),4200,0.35,BSH,Bosch India,international,0.62,3,ELC,Electrical,Copper,A,9908,2.703,PO-KDQ-ELC-00047-202412-1
KDQ-ELC-00047,Electrical A08 - SKODA Kodiaq (Bosch India),2025-01-06,2623.5554,22,INR,KDQ,SKODA Kodiaq,SKODA,Full-size SUV (CKD),4200,0.35,BSH,Bosch India,international,0.62,3,ELC,Electrical,Copper,A,9908,2.703,PO-KDQ-ELC-00047-202501-1
KDQ-ELC-00047,Electrical A08 - SKODA Kodiaq (Bosch India),2025-01-13,2665.29,28,INR,KDQ,SKODA Kodiaq,SKODA,Full-size SUV (CKD),4200,0.35,BSH,Bosch India,international,0.62,3,ELC,Electrical,Copper,A,9908,2.703,PO-KDQ-ELC-00047-202501-2
KDQ-ELC-00047,Electrical A08 - SKODA Kodiaq (Bosch India),2025-02-06,2812.3909,50,INR,KDQ,SKODA Kodiaq,SKODA,Full-size SUV (CKD),4200,0.35,BSH,Bosch India,international,0.62,3,ELC,Electrical,Copper,A,9908,2.703,PO-KDQ-ELC-00047-202502-1
KDQ-ELC-00047,Electrical A08 - SKODA Kodiaq (Bosch India),2025-03-06,2741.6011,28,INR,KDQ,SKODA Kodiaq,SKODA,Full-size SUV (CKD),4200,0.35,BSH,Bosch India,international,0.62,3,ELC,Electrical,Copper,A,9908,2.703,PO-KDQ-ELC-00047-202503-1
KDQ-ELC-00047,Electrical A08 - SKODA Kodiaq (Bosch India),2025-03-13,2734.7869,22,INR,KDQ,SKODA Kodiaq,SKODA,Full-size SUV (CKD),4200,0.35,BSH,Bosch India,international,0.62,3,ELC,Electrical,Copper,A,9908,2.703,PO-KDQ-ELC-00047-202503-2
KDQ-ELC-00047,Electrical A08 - SKODA Kodiaq (Bosch India),2025-04-06,2793.05,50,INR,KDQ,SKODA Kodiaq,SKODA,Full-size SUV (CKD),4200,0.35,BSH,Bosch India,international,0.62,3,ELC,Electrical,Copper,A,9908,2.703,PO-KDQ-ELC-00047-202504-1
KDQ-ELC-00047,Electrical A08 - SKODA Kodiaq (Bosch India),2025-05-06,2665.6809,10,INR,KDQ,SKODA Kodiaq,SKODA,Full-size SUV (CKD),4200,0.35,BSH,Bosch India,international,0.62,3,ELC,Electrical,Copper,A,9908,2.703,PO-KDQ-ELC-00047-202505-1
KDQ-ELC-00047,Electrical A08 - SKODA Kodiaq (Bosch India),2025-05-13,2661.4994,31,INR,KDQ,SKODA Kodiaq,SKODA,Full-size SUV (CKD),4200,0.35,BSH,Bosch India,international,0.62,3,ELC,Electrical,Copper,A,9908,2.703,PO-KDQ-ELC-00047-202505-2
KDQ-ELC-00047,Electrical A08 - SKODA Kodiaq (Bosch India),2025-05-20,2678.624,9,INR,KDQ,SKODA Kodiaq,SKODA,Full-size SUV (CKD),4200,0.35,BSH,Bosch India,international,0.62,3,ELC,Electrical,Copper,A,9908,2.703,PO-KDQ-ELC-00047-202505-3
KDQ-ELC-00047,Electrical A08 - SKODA Kodiaq (Bosch India),2025-06-06,2671.8746,24,INR,KDQ,SKODA Kodiaq,SKODA,Full-size SUV (CKD),4200,0.35,BSH,Bosch India,international,0.62,3,ELC,Electrical,Copper,A,9908,2.703,PO-KDQ-ELC-00047-202506-1
KDQ-ELC-00047,Electrical A08 - SKODA Kodiaq (Bosch India),2025-06-13,2626.589,16,INR,KDQ,SKODA Kodiaq,SKODA,Full-size SUV (CKD),4200,0.35,BSH,Bosch India,international,0.62,3,ELC,Electrical,Copper,A,9908,2.703,PO-KDQ-ELC-00047-202506-2
KDQ-ELC-00047,Electrical A08 - SKODA Kodiaq (Bosch India),2025-06-20,2666.3925,10,INR,KDQ,SKODA Kodiaq,SKODA,Full-size SUV (CKD),4200,0.35,BSH,Bosch India,international,0.62,3,ELC,Electrical,Copper,A,9908,2.703,PO-KDQ-ELC-00047-202506-3
KDQ-ELC-00047,Electrical A08 - SKODA Kodiaq (Bosch India),2025-07-06,2757.5019,20,INR,KDQ,SKODA Kodiaq,SKODA,Full-size SUV (CKD),4200,0.35,BSH,Bosch India,international,0.62,3,ELC,Electrical,Copper,A,9908,2.703,PO-KDQ-ELC-00047-202507-1
KDQ-ELC-00047,Electrical A08 - SKODA Kodiaq (Bosch India),2025-07-13,2733.4095,15,INR,KDQ,SKODA Kodiaq,SKODA,Full-size SUV (CKD),4200,0.35,BSH,Bosch India,international,0.62,3,ELC,Electrical,Copper,A,9908,2.703,PO-KDQ-ELC-00047-202507-2
KDQ-ELC-00047,Electrical A08 - SKODA Kodiaq (Bosch India),2025-07-20,2757.3143,15,INR,KDQ,SKODA Kodiaq,SKODA,Full-size SUV (CKD),4200,0.35,BSH,Bosch India,international,0.62,3,ELC,Electrical,Copper,A,9908,2.703,PO-KDQ-ELC-00047-202507-3
KDQ-ELC-00047,Electrical A08 - SKODA Kodiaq (Bosch India),2025-08-06,2742.0014,50,INR,KDQ,SKODA Kodiaq,SKODA,Full-size SUV (CKD),4200,0.35,BSH,Bosch India,international,0.62,3,ELC,Electrical,Copper,A,9908,2.703,PO-KDQ-ELC-00047-202508-1
KDQ-ELC-00047,Electrical A08 - SKODA Kodiaq (Bosch India),2025-09-06,2800.1926,5,INR,KDQ,SKODA Kodiaq,SKODA,Full-size SUV (CKD),4200,0.35,BSH,Bosch India,international,0.62,3,ELC,Electrical,Copper,A,9908,2.703,PO-KDQ-ELC-00047-202509-1
KDQ-ELC-00047,Electrical A08 - SKODA Kodiaq (Bosch India),2025-09-13,2799.5532,3,INR,KDQ,SKODA Kodiaq,SKODA,Full-size SUV (CKD),4200,0.35,BSH,Bosch India,international,0.62,3,ELC,Electrical,Copper,A,9908,2.703,PO-KDQ-ELC-00047-202509-2
KDQ-ELC-00047,Electrical A08 - SKODA Kodiaq (Bosch India),2025-09-20,2841.6246,41,INR,KDQ,SKODA Kodiaq,SKODA,Full-size SUV (CKD),4200,0.35,BSH,Bosch India,international,0.62,3,ELC,Electrical,Copper,A,9908,2.703,PO-KDQ-ELC-00047-202509-3
KDQ-ELC-00047,Electrical A08 - SKODA Kodiaq (Bosch India),2025-10-06,,3,INR,KDQ,SKODA Kodiaq,SKODA,Full-size SUV (CKD),4200,0.35,BSH,Bosch India,international,0.62,3,ELC,Electrical,Copper,A,9908,2.703,PO-KDQ-ELC-00047-202510-1
KDQ-ELC-00047,Electrical A08 - SKODA Kodiaq (Bosch India),2025-10-13,,5,INR,KDQ,SKODA Kodiaq,SKODA,Full-size SUV (CKD),4200,0.35,BSH,Bosch India,international,0.62,3,ELC,Electrical,Copper,A,9908,2.703,PO-KDQ-ELC-00047-202510-2
KDQ-ELC-00047,Electrical A08 - SKODA Kodiaq (Bosch India),2025-10-20,,42,INR,KDQ,SKODA Kodiaq,SKODA,Full-size SUV (CKD),4200,0.35,BSH,Bosch India,international,0.62,3,ELC,Electrical,Copper,A,9908,2.703,PO-KDQ-ELC-00047-202510-3
KDQ-ELC-00047,Electrical A08 - SKODA Kodiaq (Bosch India),2025-11-06,3003.3355,50,INR,KDQ,SKODA Kodiaq,SKODA,Full-size SUV (CKD),4200,0.35,BSH,Bosch India,international,0.62,3,ELC,Electrical,Copper,A,9908,2.703,PO-KDQ-ELC-00047-202511-1
KDQ-ELC-00047,Electrical A08 - SKODA Kodiaq (Bosch India),2025-12-06,3147.0298,50,INR,KDQ,SKODA Kodiaq,SKODA,Full-size SUV (CKD),4200,0.35,BSH,Bosch India,international,0.62,3,ELC,Electrical,Copper,A,9908,2.703,PO-KDQ-ELC-00047-202512-1
KDQ-ELC-00047,Electrical A08 - SKODA Kodiaq (Bosch India),2026-01-06,3248.8453,2,INR,KDQ,SKODA Kodiaq,SKODA,Full-size SUV (CKD),4200,0.35,BSH,Bosch India,international,0.62,3,ELC,Electrical,Copper,A,9908,2.703,PO-KDQ-ELC-00047-202601-1
KDQ-ELC-00047,Electrical A08 - SKODA Kodiaq (Bosch India),2026-01-13,3223.4032,46,INR,KDQ,SKODA Kodiaq,SKODA,Full-size SUV (CKD),4200,0.35,BSH,Bosch India,international,0.62,3,ELC,Electrical,Copper,A,9908,2.703,PO-KDQ-ELC-00047-202601-2
KDQ-ELC-00047,Electrical A08 - SKODA Kodiaq (Bosch India),2026-01-20,3200.6154,3,INR,KDQ,SKODA Kodiaq,SKODA,Full-size SUV (CKD),4200,0.35,BSH,Bosch India,international,0.62,3,ELC,Electrical,Copper,A,9908,2.703,PO-KDQ-ELC-00047-202601-3
KDQ-ELC-00047,Electrical A08 - SKODA Kodiaq (Bosch India),2026-02-06,3199.4037,30,INR,KDQ,SKODA Kodiaq,SKODA,Full-size SUV (CKD),4200,0.35,BSH,Bosch India,international,0.62,3,ELC,Electrical,Copper,A,9908,2.703,PO-KDQ-ELC-00047-202602-1
KDQ-ELC-00047,Electrical A08 - SKODA Kodiaq (Bosch India),2026-02-13,3194.6572,11,INR,KDQ,SKODA Kodiaq,SKODA,Full-size SUV (CKD),4200,0.35,BSH,Bosch India,international,0.62,3,ELC,Electrical,Copper,A,9908,2.703,PO-KDQ-ELC-00047-202602-2
KDQ-ELC-00047,Electrical A08 - SKODA Kodiaq (Bosch India),2026-02-20,3163.4401,10,INR,KDQ,SKODA Kodiaq,SKODA,Full-size SUV (CKD),4200,0.35,BSH,Bosch India,international,0.62,3,ELC,Electrical,Copper,A,9908,2.703,PO-KDQ-ELC-00047-202602-3
KDQ-ELC-00047,Electrical A08 - SKODA Kodiaq (Bosch India),2026-03-06,3056.0458,24,INR,KDQ,SKODA Kodiaq,SKODA,Full-size SUV (CKD),4200,0.35,BSH,Bosch India,international,0.62,3,ELC,Electrical,Copper,A,9908,2.703,PO-KDQ-ELC-00047-202603-1
KDQ-ELC-00047,Electrical A08 - SKODA Kodiaq (Bosch India),2026-03-13,3076.4513,25,INR,KDQ,SKODA Kodiaq,SKODA,Full-size SUV (CKD),4200,0.35,BSH,Bosch India,international,0.62,3,ELC,Electrical,Copper,A,9908,2.703,PO-KDQ-ELC-00047-202603-2
KDQ-ELC-00047,Electrical A08 - SKODA Kodiaq (Bosch India),2026-03-20,3057.8618,1,INR,KDQ,SKODA Kodiaq,SKODA,Full-size SUV (CKD),4200,0.35,BSH,Bosch India,international,0.62,3,ELC,Electrical,Copper,A,9908,2.703,PO-KDQ-ELC-00047-202603-3
KDQ-ELC-00047,Electrical A08 - SKODA Kodiaq (Bosch India),2026-04-06,3171.7118,3,INR,KDQ,SKODA Kodiaq,SKODA,Full-size SUV (CKD),4200,0.35,BSH,Bosch India,international,0.62,3,ELC,Electrical,Copper,A,9908,2.703,PO-KDQ-ELC-00047-202604-1
KDQ-ELC-00047,Electrical A08 - SKODA Kodiaq (Bosch India),2026-04-13,3172.4487,30,INR,KDQ,SKODA Kodiaq,SKODA,Full-size SUV (CKD),4200,0.35,BSH,Bosch India,international,0.62,3,ELC,Electrical,Copper,A,9908,2.703,PO-KDQ-ELC-00047-202604-2
KDQ-ELC-00047,Electrical A08 - SKODA Kodiaq (Bosch India),2026-04-20,3136.6748,17,INR,KDQ,SKODA Kodiaq,SKODA,Full-size SUV (CKD),4200,0.35,BSH,Bosch India,international,0.62,3,ELC,Electrical,Copper,A,9908,2.703,PO-KDQ-ELC-00047-202604-3
KDQ-ELC-00047,Electrical A08 - SKODA Kodiaq (Bosch India),2026-05-06,2978.7379,50,INR,KDQ,SKODA Kodiaq,SKODA,Full-size SUV (CKD),4200,0.35,BSH,Bosch India,international,0.62,3,ELC,Electrical,Copper,A,9908,2.703,PO-KDQ-ELC-00047-202605-1
KDQ-ELC-00047,Electrical A08 - SKODA Kodiaq (Bosch India),2026-06-06,2893.3624,50,INR,KDQ,SKODA Kodiaq,SKODA,Full-size SUV (CKD),4200,0.35,BSH,Bosch India,international,0.62,3,ELC,Electrical,Copper,A,9908,2.703,PO-KDQ-ELC-00047-202606-1
KDQ-FST-00065,Fasteners A18 - SKODA Kodiaq (Sandhar Technologies),2023-07-06,46.9921,3,INR,KDQ,SKODA Kodiaq,SKODA,Full-size SUV (CKD),4200,0.35,SND,Sandhar Technologies,domestic,0.22,6,FST,Fasteners,Steel,A,4418,0.753,PO-KDQ-FST-00065-202307-1
KDQ-FST-00065,Fasteners A18 - SKODA Kodiaq (Sandhar Technologies),2023-07-13,45.5449,47,INR,KDQ,SKODA Kodiaq,SKODA,Full-size SUV (CKD),4200,0.35,SND,Sandhar Technologies,domestic,0.22,6,FST,Fasteners,Steel,A,4418,0.753,PO-KDQ-FST-00065-202307-2
KDQ-FST-00065,Fasteners A18 - SKODA Kodiaq (Sandhar Technologies),2023-08-06,46.6678,38,INR,KDQ,SKODA Kodiaq,SKODA,Full-size SUV (CKD),4200,0.35,SND,Sandhar Technologies,domestic,0.22,6,FST,Fasteners,Steel,A,4418,0.753,PO-KDQ-FST-00065-202308-1
KDQ-FST-00065,Fasteners A18 - SKODA Kodiaq (Sandhar Technologies),2023-08-13,46.5281,8,INR,KDQ,SKODA Kodiaq,SKODA,Full-size SUV (CKD),4200,0.35,SND,Sandhar Technologies,domestic,0.22,6,FST,Fasteners,Steel,A,4418,0.753,PO-KDQ-FST-00065-202308-2
KDQ-FST-00065,Fasteners A18 - SKODA Kodiaq (Sandhar Technologies),2023-08-20,46.4751,4,INR,KDQ,SKODA Kodiaq,SKODA,Full-size SUV (CKD),4200,0.35,SND,Sandhar Technologies,domestic,0.22,6,FST,Fasteners,Steel,A,4418,0.753,PO-KDQ-FST-00065-202308-3
KDQ-FST-00065,Fasteners A18 - SKODA Kodiaq (Sandhar Technologies),2023-09-06,46.8837,33,INR,KDQ,SKODA Kodiaq,SKODA,Full-size SUV (CKD),4200,0.35,SND,Sandhar Technologies,domestic,0.22,6,FST,Fasteners,Steel,A,4418,0.753,PO-KDQ-FST-00065-202309-1
KDQ-FST-00065,Fasteners A18 - SKODA Kodiaq (Sandhar Technologies),2023-09-13,47.7265,17,INR,KDQ,SKODA Kodiaq,SKODA,Full-size SUV (CKD),4200,0.35,SND,Sandhar Technologies,domestic,0.22,6,FST,Fasteners,Steel,A,4418,0.753,PO-KDQ-FST-00065-202309-2
KDQ-FST-00065,Fasteners A18 - SKODA Kodiaq (Sandhar Technologies),2023-10-06,48.4808,50,INR,KDQ,SKODA Kodiaq,SKODA,Full-size SUV (CKD),4200,0.35,SND,Sandhar Technologies,domestic,0.22,6,FST,Fasteners,Steel,A,4418,0.753,PO-KDQ-FST-00065-202310-1
KDQ-FST-00065,Fasteners A18 - SKODA Kodiaq (Sandhar Technologies),2023-11-06,47.5919,13,INR,KDQ,SKODA Kodiaq,SKODA,Full-size SUV (CKD),4200,0.35,SND,Sandhar Technologies,domestic,0.22,6,FST,Fasteners,Steel,A,4418,0.753,PO-KDQ-FST-00065-202311-1
KDQ-FST-00065,Fasteners A18 - SKODA Kodiaq (Sandhar Technologies),2023-11-13,47.0025,11,INR,KDQ,SKODA Kodiaq,SKODA,Full-size SUV (CKD),4200,0.35,SND,Sandhar Technologies,domestic,0.22,6,FST,Fasteners,Steel,A,4418,0.753,PO-KDQ-FST-00065-202311-2
KDQ-FST-00065,Fasteners A18 - SKODA Kodiaq (Sandhar Technologies),2023-11-20,47.6364,26,INR,KDQ,SKODA Kodiaq,SKODA,Full-size SUV (CKD),4200,0.35,SND,Sandhar Technologies,domestic,0.22,6,FST,Fasteners,Steel,A,4418,0.753,PO-KDQ-FST-00065-202311-3
KDQ-FST-00065,Fasteners A18 - SKODA Kodiaq (Sandhar Technologies),2023-12-06,47.1917,32,INR,KDQ,SKODA Kodiaq,SKODA,Full-size SUV (CKD),4200,0.35,SND,Sandhar Technologies,domestic,0.22,6,FST,Fasteners,Steel,A,4418,0.753,PO-KDQ-FST-00065-202312-1
KDQ-FST-00065,Fasteners A18 - SKODA Kodiaq (Sandhar Technologies),2023-12-13,47.2851,16,INR,KDQ,SKODA Kodiaq,SKODA,Full-size SUV (CKD),4200,0.35,SND,Sandhar Technologies,domestic,0.22,6,FST,Fasteners,Steel,A,4418,0.753,PO-KDQ-FST-00065-202312-2
KDQ-FST-00065,Fasteners A18 - SKODA Kodiaq (Sandhar Technologies),2023-12-20,47.1853,2,INR,KDQ,SKODA Kodiaq,SKODA,Full-size SUV (CKD),4200,0.35,SND,Sandhar Technologies,domestic,0.22,6,FST,Fasteners,Steel,A,4418,0.753,PO-KDQ-FST-00065-202312-3
KDQ-FST-00065,Fasteners A18 - SKODA Kodiaq (Sandhar Technologies),2024-01-06,47.3153,50,INR,KDQ,SKODA Kodiaq,SKODA,Full-size SUV (CKD),4200,0.35,SND,Sandhar Technologies,domestic,0.22,6,FST,Fasteners,Steel,A,4418,0.753,PO-KDQ-FST-00065-202401-1
KDQ-FST-00065,Fasteners A18 - SKODA Kodiaq (Sandhar Technologies),2024-02-06,48.7312,50,INR,KDQ,SKODA Kodiaq,SKODA,Full-size SUV (CKD),4200,0.35,SND,Sandhar Technologies,domestic,0.22,6,FST,Fasteners,Steel,A,4418,0.753,PO-KDQ-FST-00065-202402-1
KDQ-FST-00065,Fasteners A18 - SKODA Kodiaq (Sandhar Technologies),2024-03-06,51.4297,22,INR,KDQ,SKODA Kodiaq,SKODA,Full-size SUV (CKD),4200,0.35,SND,Sandhar Technologies,domestic,0.22,6,FST,Fasteners,Steel,A,4418,0.753,PO-KDQ-FST-00065-202403-1
KDQ-FST-00065,Fasteners A18 - SKODA Kodiaq (Sandhar Technologies),2024-03-13,50.5414,28,INR,KDQ,SKODA Kodiaq,SKODA,Full-size SUV (CKD),4200,0.35,SND,Sandhar Technologies,domestic,0.22,6,FST,Fasteners,Steel,A,4418,0.753,PO-KDQ-FST-00065-202403-2
KDQ-FST-00065,Fasteners A18 - SKODA Kodiaq (Sandhar Technologies),2024-04-06,48.528,7,INR,KDQ,SKODA Kodiaq,SKODA,Full-size SUV (CKD),4200,0.35,SND,Sandhar Technologies,domestic,0.22,6,FST,Fasteners,Steel,A,4418,0.753,PO-KDQ-FST-00065-202404-1
KDQ-FST-00065,Fasteners A18 - SKODA Kodiaq (Sandhar Technologies),2024-04-13,48.0296,28,INR,KDQ,SKODA Kodiaq,SKODA,Full-size SUV (CKD),4200,0.35,SND,Sandhar Technologies,domestic,0.22,6,FST,Fasteners,Steel,A,4418,0.753,PO-KDQ-FST-00065-202404-2
KDQ-FST-00065,Fasteners A18 - SKODA Kodiaq (Sandhar Technologies),2024-04-20,48.7006,15,INR,KDQ,SKODA Kodiaq,SKODA,Full-size SUV (CKD),4200,0.35,SND,Sandhar Technologies,domestic,0.22,6,FST,Fasteners,Steel,A,4418,0.753,PO-KDQ-FST-00065-202404-3
KDQ-FST-00065,Fasteners A18 - SKODA Kodiaq (Sandhar Technologies),2024-05-06,48.2125,50,INR,KDQ,SKODA Kodiaq,SKODA,Full-size SUV (CKD),4200,0.35,SND,Sandhar Technologies,domestic,0.22,6,FST,Fasteners,Steel,A,4418,0.753,PO-KDQ-FST-00065-202405-1
KDQ-FST-00065,Fasteners A18 - SKODA Kodiaq (Sandhar Technologies),2024-06-06,47.7105,30,INR,KDQ,SKODA Kodiaq,SKODA,Full-size SUV (CKD),4200,0.35,SND,Sandhar Technologies,domestic,0.22,6,FST,Fasteners,Steel,A,4418,0.753,PO-KDQ-FST-00065-202406-1
KDQ-FST-00065,Fasteners A18 - SKODA Kodiaq (Sandhar Technologies),2024-06-13,47.7393,20,INR,KDQ,SKODA Kodiaq,SKODA,Full-size SUV (CKD),4200,0.35,SND,Sandhar Technologies,domestic,0.22,6,FST,Fasteners,Steel,A,4418,0.753,PO-KDQ-FST-00065-202406-2
KDQ-FST-00065,Fasteners A18 - SKODA Kodiaq (Sandhar Technologies),2024-07-06,49.5486,37,INR,KDQ,SKODA Kodiaq,SKODA,Full-size SUV (CKD),4200,0.35,SND,Sandhar Technologies,domestic,0.22,6,FST,Fasteners,Steel,A,4418,0.753,PO-KDQ-FST-00065-202407-1
KDQ-FST-00065,Fasteners A18 - SKODA Kodiaq (Sandhar Technologies),2024-07-13,48.8907,5,INR,KDQ,SKODA Kodiaq,SKODA,Full-size SUV (CKD),4200,0.35,SND,Sandhar Technologies,domestic,0.22,6,FST,Fasteners,Steel,A,4418,0.753,PO-KDQ-FST-00065-202407-2
KDQ-FST-00065,Fasteners A18 - SKODA Kodiaq (Sandhar Technologies),2024-07-20,48.0781,8,INR,KDQ,SKODA Kodiaq,SKODA,Full-size SUV (CKD),4200,0.35,SND,Sandhar Technologies,domestic,0.22,6,FST,Fasteners,Steel,A,4418,0.753,PO-KDQ-FST-00065-202407-3
KDQ-FST-00065,Fasteners A18 - SKODA Kodiaq (Sandhar Technologies),2024-08-06,47.5342,11,INR,KDQ,SKODA Kodiaq,SKODA,Full-size SUV (CKD),4200,0.35,SND,Sandhar Technologies,domestic,0.22,6,FST,Fasteners,Steel,A,4418,0.753,PO-KDQ-FST-00065-202408-1
KDQ-FST-00065,Fasteners A18 - SKODA Kodiaq (Sandhar Technologies),2024-08-13,47.7047,20,INR,KDQ,SKODA Kodiaq,SKODA,Full-size SUV (CKD),4200,0.35,SND,Sandhar Technologies,domestic,0.22,6,FST,Fasteners,Steel,A,4418,0.753,PO-KDQ-FST-00065-202408-2
KDQ-FST-00065,Fasteners A18 - SKODA Kodiaq (Sandhar Technologies),2024-08-20,47.5711,19,INR,KDQ,SKODA Kodiaq,SKODA,Full-size SUV (CKD),4200,0.35,SND,Sandhar Technologies,domestic,0.22,6,FST,Fasteners,Steel,A,4418,0.753,PO-KDQ-FST-00065-202408-3
KDQ-FST-00065,Fasteners A18 - SKODA Kodiaq (Sandhar Technologies),2024-09-06,47.3213,50,INR,KDQ,SKODA Kodiaq,SKODA,Full-size SUV (CKD),4200,0.35,SND,Sandhar Technologies,domestic,0.22,6,FST,Fasteners,Steel,A,4418,0.753,PO-KDQ-FST-00065-202409-1
KDQ-FST-00065,Fasteners A18 - SKODA Kodiaq (Sandhar Technologies),2024-10-06,47.6391,12,INR,KDQ,SKODA Kodiaq,SKODA,Full-size SUV (CKD),4200,0.35,SND,Sandhar Technologies,domestic,0.22,6,FST,Fasteners,Steel,A,4418,0.753,PO-KDQ-FST-00065-202410-1
KDQ-FST-00065,Fasteners A18 - SKODA Kodiaq (Sandhar Technologies),2024-10-13,47.5439,20,INR,KDQ,SKODA Kodiaq,SKODA,Full-size SUV (CKD),4200,0.35,SND,Sandhar Technologies,domestic,0.22,6,FST,Fasteners,Steel,A,4418,0.753,PO-KDQ-FST-00065-202410-2
KDQ-FST-00065,Fasteners A18 - SKODA Kodiaq (Sandhar Technologies),2024-10-20,48.2048,18,INR,KDQ,SKODA Kodiaq,SKODA,Full-size SUV (CKD),4200,0.35,SND,Sandhar Technologies,domestic,0.22,6,FST,Fasteners,Steel,A,4418,0.753,PO-KDQ-FST-00065-202410-3
KDQ-FST-00065,Fasteners A18 - SKODA Kodiaq (Sandhar Technologies),2024-11-06,47.3513,8,INR,KDQ,SKODA Kodiaq,SKODA,Full-size SUV (CKD),4200,0.35,SND,Sandhar Technologies,domestic,0.22,6,FST,Fasteners,Steel,A,4418,0.753,PO-KDQ-FST-00065-202411-1
KDQ-FST-00065,Fasteners A18 - SKODA Kodiaq (Sandhar Technologies),2024-11-13,47.8668,42,INR,KDQ,SKODA Kodiaq,SKODA,Full-size SUV (CKD),4200,0.35,SND,Sandhar Technologies,domestic,0.22,6,FST,Fasteners,Steel,A,4418,0.753,PO-KDQ-FST-00065-202411-2
KDQ-FST-00065,Fasteners A18 - SKODA Kodiaq (Sandhar Technologies),2024-12-06,48.8562,34,INR,KDQ,SKODA Kodiaq,SKODA,Full-size SUV (CKD),4200,0.35,SND,Sandhar Technologies,domestic,0.22,6,FST,Fasteners,Steel,A,4418,0.753,PO-KDQ-FST-00065-202412-1
KDQ-FST-00065,Fasteners A18 - SKODA Kodiaq (Sandhar Technologies),2024-12-13,48.3979,3,INR,KDQ,SKODA Kodiaq,SKODA,Full-size SUV (CKD),4200,0.35,SND,Sandhar Technologies,domestic,0.22,6,FST,Fasteners,Steel,A,4418,0.753,PO-KDQ-FST-00065-202412-2
KDQ-FST-00065,Fasteners A18 - SKODA Kodiaq (Sandhar Technologies),2024-12-20,49.0242,13,INR,KDQ,SKODA Kodiaq,SKODA,Full-size SUV (CKD),4200,0.35,SND,Sandhar Technologies,domestic,0.22,6,FST,Fasteners,Steel,A,4418,0.753,PO-KDQ-FST-00065-202412-3
KDQ-FST-00065,Fasteners A18 - SKODA Kodiaq (Sandhar Technologies),2025-01-06,49.3668,50,INR,KDQ,SKODA Kodiaq,SKODA,Full-size SUV (CKD),4200,0.35,SND,Sandhar Technologies,domestic,0.22,6,FST,Fasteners,Steel,A,4418,0.753,PO-KDQ-FST-00065-202501-1
KDQ-FST-00065,Fasteners A18 - SKODA Kodiaq (Sandhar Technologies),2025-02-06,49.4838,12,INR,KDQ,SKODA Kodiaq,SKODA,Full-size SUV (CKD),4200,0.35,SND,Sandhar Technologies,domestic,0.22,6,FST,Fasteners,Steel,A,4418,0.753,PO-KDQ-FST-00065-202502-1
KDQ-FST-00065,Fasteners A18 - SKODA Kodiaq (Sandhar Technologies),2025-02-13,49.2659,14,INR,KDQ,SKODA Kodiaq,SKODA,Full-size SUV (CKD),4200,0.35,SND,Sandhar Technologies,domestic,0.22,6,FST,Fasteners,Steel,A,4418,0.753,PO-KDQ-FST-00065-202502-2
KDQ-FST-00065,Fasteners A18 - SKODA Kodiaq (Sandhar Technologies),2025-02-20,49.6573,24,INR,KDQ,SKODA Kodiaq,SKODA,Full-size SUV (CKD),4200,0.35,SND,Sandhar Technologies,domestic,0.22,6,FST,Fasteners,Steel,A,4418,0.753,PO-KDQ-FST-00065-202502-3
KDQ-FST-00065,Fasteners A18 - SKODA Kodiaq (Sandhar Technologies),2025-03-06,49.3013,50,INR,KDQ,SKODA Kodiaq,SKODA,Full-size SUV (CKD),4200,0.35,SND,Sandhar Technologies,domestic,0.22,6,FST,Fasteners,Steel,A,4418,0.753,PO-KDQ-FST-00065-202503-1
KDQ-FST-00065,Fasteners A18 - SKODA Kodiaq (Sandhar Technologies),2025-04-06,50.0503,6,INR,KDQ,SKODA Kodiaq,SKODA,Full-size SUV (CKD),4200,0.35,SND,Sandhar Technologies,domestic,0.22,6,FST,Fasteners,Steel,A,4418,0.753,PO-KDQ-FST-00065-202504-1
KDQ-FST-00065,Fasteners A18 - SKODA Kodiaq (Sandhar Technologies),2025-04-13,50.0224,28,INR,KDQ,SKODA Kodiaq,SKODA,Full-size SUV (CKD),4200,0.35,SND,Sandhar Technologies,domestic,0.22,6,FST,Fasteners,Steel,A,4418,0.753,PO-KDQ-FST-00065-202504-2
KDQ-FST-00065,Fasteners A18 - SKODA Kodiaq (Sandhar Technologies),2025-04-20,50.1994,16,INR,KDQ,SKODA Kodiaq,SKODA,Full-size SUV (CKD),4200,0.35,SND,Sandhar Technologies,domestic,0.22,6,FST,Fasteners,Steel,A,4418,0.753,PO-KDQ-FST-00065-202504-3
KDQ-FST-00065,Fasteners A18 - SKODA Kodiaq (Sandhar Technologies),2025-05-06,50.5048,50,INR,KDQ,SKODA Kodiaq,SKODA,Full-size SUV (CKD),4200,0.35,SND,Sandhar Technologies,domestic,0.22,6,FST,Fasteners,Steel,A,4418,0.753,PO-KDQ-FST-00065-202505-1
KDQ-FST-00065,Fasteners A18 - SKODA Kodiaq (Sandhar Technologies),2025-06-06,51.4338,33,INR,KDQ,SKODA Kodiaq,SKODA,Full-size SUV (CKD),4200,0.35,SND,Sandhar Technologies,domestic,0.22,6,FST,Fasteners,Steel,A,4418,0.753,PO-KDQ-FST-00065-202506-1
KDQ-FST-00065,Fasteners A18 - SKODA Kodiaq (Sandhar Technologies),2025-06-13,51.8572,17,INR,KDQ,SKODA Kodiaq,SKODA,Full-size SUV (CKD),4200,0.35,SND,Sandhar Technologies,domestic,0.22,6,FST,Fasteners,Steel,A,4418,0.753,PO-KDQ-FST-00065-202506-2
KDQ-FST-00065,Fasteners A18 - SKODA Kodiaq (Sandhar Technologies),2025-07-06,50.4573,40,INR,KDQ,SKODA Kodiaq,SKODA,Full-size SUV (CKD),4200,0.35,SND,Sandhar Technologies,domestic,0.22,6,FST,Fasteners,Steel,A,4418,0.753,PO-KDQ-FST-00065-202507-1
KDQ-FST-00065,Fasteners A18 - SKODA Kodiaq (Sandhar Technologies),2025-07-13,50.7426,10,INR,KDQ,SKODA Kodiaq,SKODA,Full-size SUV (CKD),4200,0.35,SND,Sandhar Technologies,domestic,0.22,6,FST,Fasteners,Steel,A,4418,0.753,PO-KDQ-FST-00065-202507-2
KDQ-FST-00065,Fasteners A18 - SKODA Kodiaq (Sandhar Technologies),2025-08-06,48.7309,50,INR,KDQ,SKODA Kodiaq,SKODA,Full-size SUV (CKD),4200,0.35,SND,Sandhar Technologies,domestic,0.22,6,FST,Fasteners,Steel,A,4418,0.753,PO-KDQ-FST-00065-202508-1
KDQ-FST-00065,Fasteners A18 - SKODA Kodiaq (Sandhar Technologies),2025-09-06,49.9599,28,INR,KDQ,SKODA Kodiaq,SKODA,Full-size SUV (CKD),4200,0.35,SND,Sandhar Technologies,domestic,0.22,6,FST,Fasteners,Steel,A,4418,0.753,PO-KDQ-FST-00065-202509-1
KDQ-FST-00065,Fasteners A18 - SKODA Kodiaq (Sandhar Technologies),2025-09-13,49.9702,22,INR,KDQ,SKODA Kodiaq,SKODA,Full-size SUV (CKD),4200,0.35,SND,Sandhar Technologies,domestic,0.22,6,FST,Fasteners,Steel,A,4418,0.753,PO-KDQ-FST-00065-202509-2
KDQ-FST-00065,Fasteners A18 - SKODA Kodiaq (Sandhar Technologies),2025-10-06,50.7592,50,INR,KDQ,SKODA Kodiaq,SKODA,Full-size SUV (CKD),4200,0.35,SND,Sandhar Technologies,domestic,0.22,6,FST,Fasteners,Steel,A,4418,0.753,PO-KDQ-FST-00065-202510-1
KDQ-FST-00065,Fasteners A18 - SKODA Kodiaq (Sandhar Technologies),2025-11-06,50.9056,33,INR,KDQ,SKODA Kodiaq,SKODA,Full-size SUV (CKD),4200,0.35,SND,Sandhar Technologies,domestic,0.22,6,FST,Fasteners,Steel,A,4418,0.753,PO-KDQ-FST-00065-202511-1
KDQ-FST-00065,Fasteners A18 - SKODA Kodiaq (Sandhar Technologies),2025-11-13,51.3963,13,INR,KDQ,SKODA Kodiaq,SKODA,Full-size SUV (CKD),4200,0.35,SND,Sandhar Technologies,domestic,0.22,6,FST,Fasteners,Steel,A,4418,0.753,PO-KDQ-FST-00065-202511-2
KDQ-FST-00065,Fasteners A18 - SKODA Kodiaq (Sandhar Technologies),2025-11-20,50.7932,4,INR,KDQ,SKODA Kodiaq,SKODA,Full-size SUV (CKD),4200,0.35,SND,Sandhar Technologies,domestic,0.22,6,FST,Fasteners,Steel,A,4418,0.753,PO-KDQ-FST-00065-202511-3
KDQ-FST-00065,Fasteners A18 - SKODA Kodiaq (Sandhar Technologies),2025-12-06,51.0654,22,INR,KDQ,SKODA Kodiaq,SKODA,Full-size SUV (CKD),4200,0.35,SND,Sandhar Technologies,domestic,0.22,6,FST,Fasteners,Steel,A,4418,0.753,PO-KDQ-FST-00065-202512-1
KDQ-FST-00065,Fasteners A18 - SKODA Kodiaq (Sandhar Technologies),2025-12-13,50.5223,28,INR,KDQ,SKODA Kodiaq,SKODA,Full-size SUV (CKD),4200,0.35,SND,Sandhar Technologies,domestic,0.22,6,FST,Fasteners,Steel,A,4418,0.753,PO-KDQ-FST-00065-202512-2
KDQ-FST-00065,Fasteners A18 - SKODA Kodiaq (Sandhar Technologies),2026-01-06,50.7123,50,INR,KDQ,SKODA Kodiaq,SKODA,Full-size SUV (CKD),4200,0.35,SND,Sandhar Technologies,domestic,0.22,6,FST,Fasteners,Steel,A,4418,0.753,PO-KDQ-FST-00065-202601-1
KDQ-FST-00065,Fasteners A18 - SKODA Kodiaq (Sandhar Technologies),2026-02-06,52.8901,50,INR,KDQ,SKODA Kodiaq,SKODA,Full-size SUV (CKD),4200,0.35,SND,Sandhar Technologies,domestic,0.22,6,FST,Fasteners,Steel,A,4418,0.753,PO-KDQ-FST-00065-202602-1
KDQ-FST-00065,Fasteners A18 - SKODA Kodiaq (Sandhar Technologies),2026-03-06,51.646,6,INR,KDQ,SKODA Kodiaq,SKODA,Full-size SUV (CKD),4200,0.35,SND,Sandhar Technologies,domestic,0.22,6,FST,Fasteners,Steel,A,4418,0.753,PO-KDQ-FST-00065-202603-1
KDQ-FST-00065,Fasteners A18 - SKODA Kodiaq (Sandhar Technologies),2026-03-13,52.5403,38,INR,KDQ,SKODA Kodiaq,SKODA,Full-size SUV (CKD),4200,0.35,SND,Sandhar Technologies,domestic,0.22,6,FST,Fasteners,Steel,A,4418,0.753,PO-KDQ-FST-00065-202603-2
KDQ-FST-00065,Fasteners A18 - SKODA Kodiaq (Sandhar Technologies),2026-03-20,51.9082,6,INR,KDQ,SKODA Kodiaq,SKODA,Full-size SUV (CKD),4200,0.35,SND,Sandhar Technologies,domestic,0.22,6,FST,Fasteners,Steel,A,4418,0.753,PO-KDQ-FST-00065-202603-3
KDQ-FST-00065,Fasteners A18 - SKODA Kodiaq (Sandhar Technologies),2026-04-06,51.7949,26,INR,KDQ,SKODA Kodiaq,SKODA,Full-size SUV (CKD),4200,0.35,SND,Sandhar Technologies,domestic,0.22,6,FST,Fasteners,Steel,A,4418,0.753,PO-KDQ-FST-00065-202604-1
KDQ-FST-00065,Fasteners A18 - SKODA Kodiaq (Sandhar Technologies),2026-04-13,52.0042,24,INR,KDQ,SKODA Kodiaq,SKODA,Full-size SUV (CKD),4200,0.35,SND,Sandhar Technologies,domestic,0.22,6,FST,Fasteners,Steel,A,4418,0.753,PO-KDQ-FST-00065-202604-2
KDQ-FST-00065,Fasteners A18 - SKODA Kodiaq (Sandhar Technologies),2026-05-06,52.1135,1,INR,KDQ,SKODA Kodiaq,SKODA,Full-size SUV (CKD),4200,0.35,SND,Sandhar Technologies,domestic,0.22,6,FST,Fasteners,Steel,A,4418,0.753,PO-KDQ-FST-00065-202605-1
KDQ-FST-00065,Fasteners A18 - SKODA Kodiaq (Sandhar Technologies),2026-05-13,52.0382,9,INR,KDQ,SKODA Kodiaq,SKODA,Full-size SUV (CKD),4200,0.35,SND,Sandhar Technologies,domestic,0.22,6,FST,Fasteners,Steel,A,4418,0.753,PO-KDQ-FST-00065-202605-2
KDQ-FST-00065,Fasteners A18 - SKODA Kodiaq (Sandhar Technologies),2026-05-20,52.6038,40,INR,KDQ,SKODA Kodiaq,SKODA,Full-size SUV (CKD),4200,0.35,SND,Sandhar Technologies,domestic,0.22,6,FST,Fasteners,Steel,A,4418,0.753,PO-KDQ-FST-00065-202605-3
KDQ-FST-00065,Fasteners A18 - SKODA Kodiaq (Sandhar Technologies),2026-06-06,50.5556,10,INR,KDQ,SKODA Kodiaq,SKODA,Full-size SUV (CKD),4200,0.35,SND,Sandhar Technologies,domestic,0.22,6,FST,Fasteners,Steel,A,4418,0.753,PO-KDQ-FST-00065-202606-1
KDQ-FST-00065,Fasteners A18 - SKODA Kodiaq (Sandhar Technologies),2026-06-13,50.7428,14,INR,KDQ,SKODA Kodiaq,SKODA,Full-size SUV (CKD),4200,0.35,SND,Sandhar Technologies,domestic,0.22,6,FST,Fasteners,Steel,A,4418,0.753,PO-KDQ-FST-00065-202606-2
KDQ-FST-00065,Fasteners A18 - SKODA Kodiaq (Sandhar Technologies),2026-06-20,50.9104,26,INR,KDQ,SKODA Kodiaq,SKODA,Full-size SUV (CKD),4200,0.35,SND,Sandhar Technologies,domestic,0.22,6,FST,Fasteners,Steel,A,4418,0.753,PO-KDQ-FST-00065-202606-3
KDQ-BDY-00071,Body Stampings A24 - SKODA Kodiaq (JBM Auto),2023-07-06,676.559,32,INR,KDQ,SKODA Kodiaq,SKODA,Full-size SUV (CKD),4200,0.35,JBM,JBM Auto,domestic,0.14,12,BDY,Body Stampings,Steel,A,4426,2.122,PO-KDQ-BDY-00071-202307-1
KDQ-BDY-00071,Body Stampings A24 - SKODA Kodiaq (JBM Auto),2023-07-13,672.9309,18,INR,KDQ,SKODA Kodiaq,SKODA,Full-size SUV (CKD),4200,0.35,JBM,JBM Auto,domestic,0.14,12,BDY,Body Stampings,Steel,A,4426,2.122,PO-KDQ-BDY-00071-202307-2
KDQ-BDY-00071,Body Stampings A24 - SKODA Kodiaq (JBM Auto),2023-08-06,667.536,36,INR,KDQ,SKODA Kodiaq,SKODA,Full-size SUV (CKD),4200,0.35,JBM,JBM Auto,domestic,0.14,12,BDY,Body Stampings,Steel,A,4426,2.122,PO-KDQ-BDY-00071-202308-1
KDQ-BDY-00071,Body Stampings A24 - SKODA Kodiaq (JBM Auto),2023-08-13,669.3368,14,INR,KDQ,SKODA Kodiaq,SKODA,Full-size SUV (CKD),4200,0.35,JBM,JBM Auto,domestic,0.14,12,BDY,Body Stampings,Steel,A,4426,2.122,PO-KDQ-BDY-00071-202308-2
KDQ-BDY-00071,Body Stampings A24 - SKODA Kodiaq (JBM Auto),2023-09-06,667.1319,50,INR,KDQ,SKODA Kodiaq,SKODA,Full-size SUV (CKD),4200,0.35,JBM,JBM Auto,domestic,0.14,12,BDY,Body Stampings,Steel,A,4426,2.122,PO-KDQ-BDY-00071-202309-1
KDQ-BDY-00071,Body Stampings A24 - SKODA Kodiaq (JBM Auto),2023-10-06,645.5535,4,INR,KDQ,SKODA Kodiaq,SKODA,Full-size SUV (CKD),4200,0.35,JBM,JBM Auto,domestic,0.14,12,BDY,Body Stampings,Steel,A,4426,2.122,PO-KDQ-BDY-00071-202310-1
KDQ-BDY-00071,Body Stampings A24 - SKODA Kodiaq (JBM Auto),2023-10-13,639.568,31,INR,KDQ,SKODA Kodiaq,SKODA,Full-size SUV (CKD),4200,0.35,JBM,JBM Auto,domestic,0.14,12,BDY,Body Stampings,Steel,A,4426,2.122,PO-KDQ-BDY-00071-202310-2
KDQ-BDY-00071,Body Stampings A24 - SKODA Kodiaq (JBM Auto),2023-10-20,642.7312,15,INR,KDQ,SKODA Kodiaq,SKODA,Full-size SUV (CKD),4200,0.35,JBM,JBM Auto,domestic,0.14,12,BDY,Body Stampings,Steel,A,4426,2.122,PO-KDQ-BDY-00071-202310-3
KDQ-BDY-00071,Body Stampings A24 - SKODA Kodiaq (JBM Auto),2023-11-06,628.8824,2,INR,KDQ,SKODA Kodiaq,SKODA,Full-size SUV (CKD),4200,0.35,JBM,JBM Auto,domestic,0.14,12,BDY,Body Stampings,Steel,A,4426,2.122,PO-KDQ-BDY-00071-202311-1
KDQ-BDY-00071,Body Stampings A24 - SKODA Kodiaq (JBM Auto),2023-11-13,627.4815,30,INR,KDQ,SKODA Kodiaq,SKODA,Full-size SUV (CKD),4200,0.35,JBM,JBM Auto,domestic,0.14,12,BDY,Body Stampings,Steel,A,4426,2.122,PO-KDQ-BDY-00071-202311-2
KDQ-BDY-00071,Body Stampings A24 - SKODA Kodiaq (JBM Auto),2023-11-20,627.3622,18,INR,KDQ,SKODA Kodiaq,SKODA,Full-size SUV (CKD),4200,0.35,JBM,JBM Auto,domestic,0.14,12,BDY,Body Stampings,Steel,A,4426,2.122,PO-KDQ-BDY-00071-202311-3
KDQ-BDY-00071,Body Stampings A24 - SKODA Kodiaq (JBM Auto),2023-12-06,646.9084,9,INR,KDQ,SKODA Kodiaq,SKODA,Full-size SUV (CKD),4200,0.35,JBM,JBM Auto,domestic,0.14,12,BDY,Body Stampings,Steel,A,4426,2.122,PO-KDQ-BDY-00071-202312-1
KDQ-BDY-00071,Body Stampings A24 - SKODA Kodiaq (JBM Auto),2023-12-13,637.4838,10,INR,KDQ,SKODA Kodiaq,SKODA,Full-size SUV (CKD),4200,0.35,JBM,JBM Auto,domestic,0.14,12,BDY,Body Stampings,Steel,A,4426,2.122,PO-KDQ-BDY-00071-202312-2
KDQ-BDY-00071,Body Stampings A24 - SKODA Kodiaq (JBM Auto),2023-12-20,648.9872,31,INR,KDQ,SKODA Kodiaq,SKODA,Full-size SUV (CKD),4200,0.35,JBM,JBM Auto,domestic,0.14,12,BDY,Body Stampings,Steel,A,4426,2.122,PO-KDQ-BDY-00071-202312-3
KDQ-BDY-00071,Body Stampings A24 - SKODA Kodiaq (JBM Auto),2024-01-06,,50,INR,KDQ,SKODA Kodiaq,SKODA,Full-size SUV (CKD),4200,0.35,JBM,JBM Auto,domestic,0.14,12,BDY,Body Stampings,Steel,A,4426,2.122,PO-KDQ-BDY-00071-202401-1
KDQ-BDY-00071,Body Stampings A24 - SKODA Kodiaq (JBM Auto),2024-02-06,686.3135,27,INR,KDQ,SKODA Kodiaq,SKODA,Full-size SUV (CKD),4200,0.35,JBM,JBM Auto,domestic,0.14,12,BDY,Body Stampings,Steel,A,4426,2.122,PO-KDQ-BDY-00071-202402-1
KDQ-BDY-00071,Body Stampings A24 - SKODA Kodiaq (JBM Auto),2024-02-13,680.7727,23,INR,KDQ,SKODA Kodiaq,SKODA,Full-size SUV (CKD),4200,0.35,JBM,JBM Auto,domestic,0.14,12,BDY,Body Stampings,Steel,A,4426,2.122,PO-KDQ-BDY-00071-202402-2
KDQ-BDY-00071,Body Stampings A24 - SKODA Kodiaq (JBM Auto),2024-03-06,655.7545,14,INR,KDQ,SKODA Kodiaq,SKODA,Full-size SUV (CKD),4200,0.35,JBM,JBM Auto,domestic,0.14,12,BDY,Body Stampings,Steel,A,4426,2.122,PO-KDQ-BDY-00071-202403-1
KDQ-BDY-00071,Body Stampings A24 - SKODA Kodiaq (JBM Auto),2024-03-13,647.2381,13,INR,KDQ,SKODA Kodiaq,SKODA,Full-size SUV (CKD),4200,0.35,JBM,JBM Auto,domestic,0.14,12,BDY,Body Stampings,Steel,A,4426,2.122,PO-KDQ-BDY-00071-202403-2
KDQ-BDY-00071,Body Stampings A24 - SKODA Kodiaq (JBM Auto),2024-03-20,657.3015,23,INR,KDQ,SKODA Kodiaq,SKODA,Full-size SUV (CKD),4200,0.35,JBM,JBM Auto,domestic,0.14,12,BDY,Body Stampings,Steel,A,4426,2.122,PO-KDQ-BDY-00071-202403-3
KDQ-BDY-00071,Body Stampings A24 - SKODA Kodiaq (JBM Auto),2024-04-06,640.5764,2,INR,KDQ,SKODA Kodiaq,SKODA,Full-size SUV (CKD),4200,0.35,JBM,JBM Auto,domestic,0.14,12,BDY,Body Stampings,Steel,A,4426,2.122,PO-KDQ-BDY-00071-202404-1
KDQ-BDY-00071,Body Stampings A24 - SKODA Kodiaq (JBM Auto),2024-04-13,642.2356,17,INR,KDQ,SKODA Kodiaq,SKODA,Full-size SUV (CKD),4200,0.35,JBM,JBM Auto,domestic,0.14,12,BDY,Body Stampings,Steel,A,4426,2.122,PO-KDQ-BDY-00071-202404-2
KDQ-BDY-00071,Body Stampings A24 - SKODA Kodiaq (JBM Auto),2024-04-20,647.8098,31,INR,KDQ,SKODA Kodiaq,SKODA,Full-size SUV (CKD),4200,0.35,JBM,JBM Auto,domestic,0.14,12,BDY,Body Stampings,Steel,A,4426,2.122,PO-KDQ-BDY-00071-202404-3
KDQ-BDY-00071,Body Stampings A24 - SKODA Kodiaq (JBM Auto),2024-05-06,645.8002,50,INR,KDQ,SKODA Kodiaq,SKODA,Full-size SUV (CKD),4200,0.35,JBM,JBM Auto,domestic,0.14,12,BDY,Body Stampings,Steel,A,4426,2.122,PO-KDQ-BDY-00071-202405-1
KDQ-BDY-00071,Body Stampings A24 - SKODA Kodiaq (JBM Auto),2024-06-06,635.925,18,INR,KDQ,SKODA Kodiaq,SKODA,Full-size SUV (CKD),4200,0.35,JBM,JBM Auto,domestic,0.14,12,BDY,Body Stampings,Steel,A,4426,2.122,PO-KDQ-BDY-00071-202406-1
KDQ-BDY-00071,Body Stampings A24 - SKODA Kodiaq (JBM Auto),2024-06-13,650.5822,23,INR,KDQ,SKODA Kodiaq,SKODA,Full-size SUV (CKD),4200,0.35,JBM,JBM Auto,domestic,0.14,12,BDY,Body Stampings,Steel,A,4426,2.122,PO-KDQ-BDY-00071-202406-2
KDQ-BDY-00071,Body Stampings A24 - SKODA Kodiaq (JBM Auto),2024-06-20,643.7808,8,INR,KDQ,SKODA Kodiaq,SKODA,Full-size SUV (CKD),4200,0.35,JBM,JBM Auto,domestic,0.14,12,BDY,Body Stampings,Steel,A,4426,2.122,PO-KDQ-BDY-00071-202406-3
KDQ-BDY-00071,Body Stampings A24 - SKODA Kodiaq (JBM Auto),2024-07-06,655.9725,17,INR,KDQ,SKODA Kodiaq,SKODA,Full-size SUV (CKD),4200,0.35,JBM,JBM Auto,domestic,0.14,12,BDY,Body Stampings,Steel,A,4426,2.122,PO-KDQ-BDY-00071-202407-1
KDQ-BDY-00071,Body Stampings A24 - SKODA Kodiaq (JBM Auto),2024-07-13,664.4199,33,INR,KDQ,SKODA Kodiaq,SKODA,Full-size SUV (CKD),4200,0.35,JBM,JBM Auto,domestic,0.14,12,BDY,Body Stampings,Steel,A,4426,2.122,PO-KDQ-BDY-00071-202407-2
KDQ-BDY-00071,Body Stampings A24 - SKODA Kodiaq (JBM Auto),2024-08-06,668.7329,50,INR,KDQ,SKODA Kodiaq,SKODA,Full-size SUV (CKD),4200,0.35,JBM,JBM Auto,domestic,0.14,12,BDY,Body Stampings,Steel,A,4426,2.122,PO-KDQ-BDY-00071-202408-1
KDQ-BDY-00071,Body Stampings A24 - SKODA Kodiaq (JBM Auto),2024-09-06,648.2311,2,INR,KDQ,SKODA Kodiaq,SKODA,Full-size SUV (CKD),4200,0.35,JBM,JBM Auto,domestic,0.14,12,BDY,Body Stampings,Steel,A,4426,2.122,PO-KDQ-BDY-00071-202409-1
KDQ-BDY-00071,Body Stampings A24 - SKODA Kodiaq (JBM Auto),2024-09-13,653.347,48,INR,KDQ,SKODA Kodiaq,SKODA,Full-size SUV (CKD),4200,0.35,JBM,JBM Auto,domestic,0.14,12,BDY,Body Stampings,Steel,A,4426,2.122,PO-KDQ-BDY-00071-202409-2
KDQ-BDY-00071,Body Stampings A24 - SKODA Kodiaq (JBM Auto),2024-10-06,659.5395,50,INR,KDQ,SKODA Kodiaq,SKODA,Full-size SUV (CKD),4200,0.35,JBM,JBM Auto,domestic,0.14,12,BDY,Body Stampings,Steel,A,4426,2.122,PO-KDQ-BDY-00071-202410-1
KDQ-BDY-00071,Body Stampings A24 - SKODA Kodiaq (JBM Auto),2024-11-06,668.1366,29,INR,KDQ,SKODA Kodiaq,SKODA,Full-size SUV (CKD),4200,0.35,JBM,JBM Auto,domestic,0.14,12,BDY,Body Stampings,Steel,A,4426,2.122,PO-KDQ-BDY-00071-202411-1
KDQ-BDY-00071,Body Stampings A24 - SKODA Kodiaq (JBM Auto),2024-11-13,676.0187,21,INR,KDQ,SKODA Kodiaq,SKODA,Full-size SUV (CKD),4200,0.35,JBM,JBM Auto,domestic,0.14,12,BDY,Body Stampings,Steel,A,4426,2.122,PO-KDQ-BDY-00071-202411-2
KDQ-BDY-00071,Body Stampings A24 - SKODA Kodiaq (JBM Auto),2024-12-06,660.5385,50,INR,KDQ,SKODA Kodiaq,SKODA,Full-size SUV (CKD),4200,0.35,JBM,JBM Auto,domestic,0.14,12,BDY,Body Stampings,Steel,A,4426,2.122,PO-KDQ-BDY-00071-202412-1
KDQ-BDY-00071,Body Stampings A24 - SKODA Kodiaq (JBM Auto),2025-01-06,662.2579,15,INR,KDQ,SKODA Kodiaq,SKODA,Full-size SUV (CKD),4200,0.35,JBM,JBM Auto,domestic,0.14,12,BDY,Body Stampings,Steel,A,4426,2.122,PO-KDQ-BDY-00071-202501-1
KDQ-BDY-00071,Body Stampings A24 - SKODA Kodiaq (JBM Auto),2025-01-13,662.5146,35,INR,KDQ,SKODA Kodiaq,SKODA,Full-size SUV (CKD),4200,0.35,JBM,JBM Auto,domestic,0.14,12,BDY,Body Stampings,Steel,A,4426,2.122,PO-KDQ-BDY-00071-202501-2
KDQ-BDY-00071,Body Stampings A24 - SKODA Kodiaq (JBM Auto),2025-02-06,636.7178,50,INR,KDQ,SKODA Kodiaq,SKODA,Full-size SUV (CKD),4200,0.35,JBM,JBM Auto,domestic,0.14,12,BDY,Body Stampings,Steel,A,4426,2.122,PO-KDQ-BDY-00071-202502-1
KDQ-BDY-00071,Body Stampings A24 - SKODA Kodiaq (JBM Auto),2025-03-06,658.9148,3,INR,KDQ,SKODA Kodiaq,SKODA,Full-size SUV (CKD),4200,0.35,JBM,JBM Auto,domestic,0.14,12,BDY,Body Stampings,Steel,A,4426,2.122,PO-KDQ-BDY-00071-202503-1
KDQ-BDY-00071,Body Stampings A24 - SKODA Kodiaq (JBM Auto),2025-03-13,663.0601,27,INR,KDQ,SKODA Kodiaq,SKODA,Full-size SUV (CKD),4200,0.35,JBM,JBM Auto,domestic,0.14,12,BDY,Body Stampings,Steel,A,4426,2.122,PO-KDQ-BDY-00071-202503-2
KDQ-BDY-00071,Body Stampings A24 - SKODA Kodiaq (JBM Auto),2025-03-20,659.8207,20,INR,KDQ,SKODA Kodiaq,SKODA,Full-size SUV (CKD),4200,0.35,JBM,JBM Auto,domestic,0.14,12,BDY,Body Stampings,Steel,A,4426,2.122,PO-KDQ-BDY-00071-202503-3
KDQ-BDY-00071,Body Stampings A24 - SKODA Kodiaq (JBM Auto),2025-04-06,677.9846,41,INR,KDQ,SKODA Kodiaq,SKODA,Full-size SUV (CKD),4200,0.35,JBM,JBM Auto,domestic,0.14,12,BDY,Body Stampings,Steel,A,4426,2.122,PO-KDQ-BDY-00071-202504-1
KDQ-BDY-00071,Body Stampings A24 - SKODA Kodiaq (JBM Auto),2025-04-13,675.211,1,INR,KDQ,SKODA Kodiaq,SKODA,Full-size SUV (CKD),4200,0.35,JBM,JBM Auto,domestic,0.14,12,BDY,Body Stampings,Steel,A,4426,2.122,PO-KDQ-BDY-00071-202504-2
KDQ-BDY-00071,Body Stampings A24 - SKODA Kodiaq (JBM Auto),2025-04-20,675.1263,8,INR,KDQ,SKODA Kodiaq,SKODA,Full-size SUV (CKD),4200,0.35,JBM,JBM Auto,domestic,0.14,12,BDY,Body Stampings,Steel,A,4426,2.122,PO-KDQ-BDY-00071-202504-3
KDQ-BDY-00071,Body Stampings A24 - SKODA Kodiaq (JBM Auto),2025-05-06,680.3299,27,INR,KDQ,SKODA Kodiaq,SKODA,Full-size SUV (CKD),4200,0.35,JBM,JBM Auto,domestic,0.14,12,BDY,Body Stampings,Steel,A,4426,2.122,PO-KDQ-BDY-00071-202505-1
KDQ-BDY-00071,Body Stampings A24 - SKODA Kodiaq (JBM Auto),2025-05-13,683.4179,23,INR,KDQ,SKODA Kodiaq,SKODA,Full-size SUV (CKD),4200,0.35,JBM,JBM Auto,domestic,0.14,12,BDY,Body Stampings,Steel,A,4426,2.122,PO-KDQ-BDY-00071-202505-2
KDQ-BDY-00071,Body Stampings A24 - SKODA Kodiaq (JBM Auto),2025-06-06,695.2756,16,INR,KDQ,SKODA Kodiaq,SKODA,Full-size SUV (CKD),4200,0.35,JBM,JBM Auto,domestic,0.14,12,BDY,Body Stampings,Steel,A,4426,2.122,PO-KDQ-BDY-00071-202506-1
KDQ-BDY-00071,Body Stampings A24 - SKODA Kodiaq (JBM Auto),2025-06-13,690.367,14,INR,KDQ,SKODA Kodiaq,SKODA,Full-size SUV (CKD),4200,0.35,JBM,JBM Auto,domestic,0.14,12,BDY,Body Stampings,Steel,A,4426,2.122,PO-KDQ-BDY-00071-202506-2
KDQ-BDY-00071,Body Stampings A24 - SKODA Kodiaq (JBM Auto),2025-06-20,695.4497,20,INR,KDQ,SKODA Kodiaq,SKODA,Full-size SUV (CKD),4200,0.35,JBM,JBM Auto,domestic,0.14,12,BDY,Body Stampings,Steel,A,4426,2.122,PO-KDQ-BDY-00071-202506-3
KDQ-BDY-00071,Body Stampings A24 - SKODA Kodiaq (JBM Auto),2025-07-06,704.2296,50,INR,KDQ,SKODA Kodiaq,SKODA,Full-size SUV (CKD),4200,0.35,JBM,JBM Auto,domestic,0.14,12,BDY,Body Stampings,Steel,A,4426,2.122,PO-KDQ-BDY-00071-202507-1
KDQ-BDY-00071,Body Stampings A24 - SKODA Kodiaq (JBM Auto),2025-08-06,689.7471,50,INR,KDQ,SKODA Kodiaq,SKODA,Full-size SUV (CKD),4200,0.35,JBM,JBM Auto,domestic,0.14,12,BDY,Body Stampings,Steel,A,4426,2.122,PO-KDQ-BDY-00071-202508-1
KDQ-BDY-00071,Body Stampings A24 - SKODA Kodiaq (JBM Auto),2025-09-06,688.3571,50,INR,KDQ,SKODA Kodiaq,SKODA,Full-size SUV (CKD),4200,0.35,JBM,JBM Auto,domestic,0.14,12,BDY,Body Stampings,Steel,A,4426,2.122,PO-KDQ-BDY-00071-202509-1
KDQ-BDY-00071,Body Stampings A24 - SKODA Kodiaq (JBM Auto),2025-10-06,690.6845,50,INR,KDQ,SKODA Kodiaq,SKODA,Full-size SUV (CKD),4200,0.35,JBM,JBM Auto,domestic,0.14,12,BDY,Body Stampings,Steel,A,4426,2.122,PO-KDQ-BDY-00071-202510-1
KDQ-BDY-00071,Body Stampings A24 - SKODA Kodiaq (JBM Auto),2025-11-06,687.841,50,INR,KDQ,SKODA Kodiaq,SKODA,Full-size SUV (CKD),4200,0.35,JBM,JBM Auto,domestic,0.14,12,BDY,Body Stampings,Steel,A,4426,2.122,PO-KDQ-BDY-00071-202511-1
KDQ-BDY-00071,Body Stampings A24 - SKODA Kodiaq (JBM Auto),2025-12-06,688.4341,50,INR,KDQ,SKODA Kodiaq,SKODA,Full-size SUV (CKD),4200,0.35,JBM,JBM Auto,domestic,0.14,12,BDY,Body Stampings,Steel,A,4426,2.122,PO-KDQ-BDY-00071-202512-1
KDQ-BDY-00071,Body Stampings A24 - SKODA Kodiaq (JBM Auto),2026-01-06,684.9953,50,INR,KDQ,SKODA Kodiaq,SKODA,Full-size SUV (CKD),4200,0.35,JBM,JBM Auto,domestic,0.14,12,BDY,Body Stampings,Steel,A,4426,2.122,PO-KDQ-BDY-00071-202601-1
KDQ-BDY-00071,Body Stampings A24 - SKODA Kodiaq (JBM Auto),2026-02-06,694.5965,26,INR,KDQ,SKODA Kodiaq,SKODA,Full-size SUV (CKD),4200,0.35,JBM,JBM Auto,domestic,0.14,12,BDY,Body Stampings,Steel,A,4426,2.122,PO-KDQ-BDY-00071-202602-1
KDQ-BDY-00071,Body Stampings A24 - SKODA Kodiaq (JBM Auto),2026-02-13,687.8494,2,INR,KDQ,SKODA Kodiaq,SKODA,Full-size SUV (CKD),4200,0.35,JBM,JBM Auto,domestic,0.14,12,BDY,Body Stampings,Steel,A,4426,2.122,PO-KDQ-BDY-00071-202602-2
KDQ-BDY-00071,Body Stampings A24 - SKODA Kodiaq (JBM Auto),2026-02-20,687.7148,22,INR,KDQ,SKODA Kodiaq,SKODA,Full-size SUV (CKD),4200,0.35,JBM,JBM Auto,domestic,0.14,12,BDY,Body Stampings,Steel,A,4426,2.122,PO-KDQ-BDY-00071-202602-3
KDQ-BDY-00071,Body Stampings A24 - SKODA Kodiaq (JBM Auto),2026-03-06,719.925,50,INR,KDQ,SKODA Kodiaq,SKODA,Full-size SUV (CKD),4200,0.35,JBM,JBM Auto,domestic,0.14,12,BDY,Body Stampings,Steel,A,4426,2.122,PO-KDQ-BDY-00071-202603-1
KDQ-BDY-00071,Body Stampings A24 - SKODA Kodiaq (JBM Auto),2026-04-06,703.2707,46,INR,KDQ,SKODA Kodiaq,SKODA,Full-size SUV (CKD),4200,0.35,JBM,JBM Auto,domestic,0.14,12,BDY,Body Stampings,Steel,A,4426,2.122,PO-KDQ-BDY-00071-202604-1
KDQ-BDY-00071,Body Stampings A24 - SKODA Kodiaq (JBM Auto),2026-04-13,706.4221,4,INR,KDQ,SKODA Kodiaq,SKODA,Full-size SUV (CKD),4200,0.35,JBM,JBM Auto,domestic,0.14,12,BDY,Body Stampings,Steel,A,4426,2.122,PO-KDQ-BDY-00071-202604-2
KDQ-BDY-00071,Body Stampings A24 - SKODA Kodiaq (JBM Auto),2026-05-06,718.0091,1,INR,KDQ,SKODA Kodiaq,SKODA,Full-size SUV (CKD),4200,0.35,JBM,JBM Auto,domestic,0.14,12,BDY,Body Stampings,Steel,A,4426,2.122,PO-KDQ-BDY-00071-202605-1
KDQ-BDY-00071,Body Stampings A24 - SKODA Kodiaq (JBM Auto),2026-05-13,713.1886,20,INR,KDQ,SKODA Kodiaq,SKODA,Full-size SUV (CKD),4200,0.35,JBM,JBM Auto,domestic,0.14,12,BDY,Body Stampings,Steel,A,4426,2.122,PO-KDQ-BDY-00071-202605-2
KDQ-BDY-00071,Body Stampings A24 - SKODA Kodiaq (JBM Auto),2026-05-20,717.6244,30,INR,KDQ,SKODA Kodiaq,SKODA,Full-size SUV (CKD),4200,0.35,JBM,JBM Auto,domestic,0.14,12,BDY,Body Stampings,Steel,A,4426,2.122,PO-KDQ-BDY-00071-202605-3
KDQ-BDY-00071,Body Stampings A24 - SKODA Kodiaq (JBM Auto),2026-06-06,707.5873,50,INR,KDQ,SKODA Kodiaq,SKODA,Full-size SUV (CKD),4200,0.35,JBM,JBM Auto,domestic,0.14,12,BDY,Body Stampings,Steel,A,4426,2.122,PO-KDQ-BDY-00071-202606-1
KDQ-CHS-00077,Chassis A20 - SKODA Kodiaq (ZF India),2023-07-06,3845.5112,50,INR,KDQ,SKODA Kodiaq,SKODA,Full-size SUV (CKD),4200,0.35,ZFI,ZF India,international,0.55,3,CHS,Chassis,Steel,A,4607,1.183,PO-KDQ-CHS-00077-202307-1
KDQ-CHS-00077,Chassis A20 - SKODA Kodiaq (ZF India),2023-08-06,3770.5459,34,INR,KDQ,SKODA Kodiaq,SKODA,Full-size SUV (CKD),4200,0.35,ZFI,ZF India,international,0.55,3,CHS,Chassis,Steel,A,4607,1.183,PO-KDQ-CHS-00077-202308-1
KDQ-CHS-00077,Chassis A20 - SKODA Kodiaq (ZF India),2023-08-13,3777.582,16,INR,KDQ,SKODA Kodiaq,SKODA,Full-size SUV (CKD),4200,0.35,ZFI,ZF India,international,0.55,3,CHS,Chassis,Steel,A,4607,1.183,PO-KDQ-CHS-00077-202308-2
KDQ-CHS-00077,Chassis A20 - SKODA Kodiaq (ZF India),2023-09-06,3808.6347,19,INR,KDQ,SKODA Kodiaq,SKODA,Full-size SUV (CKD),4200,0.35,ZFI,ZF India,international,0.55,3,CHS,Chassis,Steel,A,4607,1.183,PO-KDQ-CHS-00077-202309-1
KDQ-CHS-00077,Chassis A20 - SKODA Kodiaq (ZF India),2023-09-13,3812.4526,31,INR,KDQ,SKODA Kodiaq,SKODA,Full-size SUV (CKD),4200,0.35,ZFI,ZF India,international,0.55,3,CHS,Chassis,Steel,A,4607,1.183,PO-KDQ-CHS-00077-202309-2
KDQ-CHS-00077,Chassis A20 - SKODA Kodiaq (ZF India),2023-10-06,3925.8754,37,INR,KDQ,SKODA Kodiaq,SKODA,Full-size SUV (CKD),4200,0.35,ZFI,ZF India,international,0.55,3,CHS,Chassis,Steel,A,4607,1.183,PO-KDQ-CHS-00077-202310-1
KDQ-CHS-00077,Chassis A20 - SKODA Kodiaq (ZF India),2023-10-13,3927.3932,13,INR,KDQ,SKODA Kodiaq,SKODA,Full-size SUV (CKD),4200,0.35,ZFI,ZF India,international,0.55,3,CHS,Chassis,Steel,A,4607,1.183,PO-KDQ-CHS-00077-202310-2
KDQ-CHS-00077,Chassis A20 - SKODA Kodiaq (ZF India),2023-11-06,3957.0121,12,INR,KDQ,SKODA Kodiaq,SKODA,Full-size SUV (CKD),4200,0.35,ZFI,ZF India,international,0.55,3,CHS,Chassis,Steel,A,4607,1.183,PO-KDQ-CHS-00077-202311-1
KDQ-CHS-00077,Chassis A20 - SKODA Kodiaq (ZF India),2023-11-13,3909.0093,6,INR,KDQ,SKODA Kodiaq,SKODA,Full-size SUV (CKD),4200,0.35,ZFI,ZF India,international,0.55,3,CHS,Chassis,Steel,A,4607,1.183,PO-KDQ-CHS-00077-202311-2
KDQ-CHS-00077,Chassis A20 - SKODA Kodiaq (ZF India),2023-11-20,3935.5625,32,INR,KDQ,SKODA Kodiaq,SKODA,Full-size SUV (CKD),4200,0.35,ZFI,ZF India,international,0.55,3,CHS,Chassis,Steel,A,4607,1.183,PO-KDQ-CHS-00077-202311-3
KDQ-CHS-00077,Chassis A20 - SKODA Kodiaq (ZF India),2023-12-06,4091.4791,29,INR,KDQ,SKODA Kodiaq,SKODA,Full-size SUV (CKD),4200,0.35,ZFI,ZF India,international,0.55,3,CHS,Chassis,Steel,A,4607,1.183,PO-KDQ-CHS-00077-202312-1
KDQ-CHS-00077,Chassis A20 - SKODA Kodiaq (ZF India),2023-12-13,4034.7818,21,INR,KDQ,SKODA Kodiaq,SKODA,Full-size SUV (CKD),4200,0.35,ZFI,ZF India,international,0.55,3,CHS,Chassis,Steel,A,4607,1.183,PO-KDQ-CHS-00077-202312-2
KDQ-CHS-00077,Chassis A20 - SKODA Kodiaq (ZF India),2024-01-06,4167.8952,49,INR,KDQ,SKODA Kodiaq,SKODA,Full-size SUV (CKD),4200,0.35,ZFI,ZF India,international,0.55,3,CHS,Chassis,Steel,A,4607,1.183,PO-KDQ-CHS-00077-202401-1
KDQ-CHS-00077,Chassis A20 - SKODA Kodiaq (ZF India),2024-01-13,4122.353,1,INR,KDQ,SKODA Kodiaq,SKODA,Full-size SUV (CKD),4200,0.35,ZFI,ZF India,international,0.55,3,CHS,Chassis,Steel,A,4607,1.183,PO-KDQ-CHS-00077-202401-2
KDQ-CHS-00077,Chassis A20 - SKODA Kodiaq (ZF India),2024-02-06,4220.5454,19,INR,KDQ,SKODA Kodiaq,SKODA,Full-size SUV (CKD),4200,0.35,ZFI,ZF India,international,0.55,3,CHS,Chassis,Steel,A,4607,1.183,PO-KDQ-CHS-00077-202402-1
KDQ-CHS-00077,Chassis A20 - SKODA Kodiaq (ZF India),2024-02-13,4195.2129,31,INR,KDQ,SKODA Kodiaq,SKODA,Full-size SUV (CKD),4200,0.35,ZFI,ZF India,international,0.55,3,CHS,Chassis,Steel,A,4607,1.183,PO-KDQ-CHS-00077-202402-2
KDQ-CHS-00077,Chassis A20 - SKODA Kodiaq (ZF India),2024-03-06,4194.031,50,INR,KDQ,SKODA Kodiaq,SKODA,Full-size SUV (CKD),4200,0.35,ZFI,ZF India,international,0.55,3,CHS,Chassis,Steel,A,4607,1.183,PO-KDQ-CHS-00077-202403-1
KDQ-CHS-00077,Chassis A20 - SKODA Kodiaq (ZF India),2024-04-06,4072.4251,18,INR,KDQ,SKODA Kodiaq,SKODA,Full-size SUV (CKD),4200,0.35,ZFI,ZF India,international,0.55,3,CHS,Chassis,Steel,A,4607,1.183,PO-KDQ-CHS-00077-202404-1
KDQ-CHS-00077,Chassis A20 - SKODA Kodiaq (ZF India),2024-04-13,3970.1503,32,INR,KDQ,SKODA Kodiaq,SKODA,Full-size SUV (CKD),4200,0.35,ZFI,ZF India,international,0.55,3,CHS,Chassis,Steel,A,4607,1.183,PO-KDQ-CHS-00077-202404-2
KDQ-CHS-00077,Chassis A20 - SKODA Kodiaq (ZF India),2024-05-06,3987.2745,50,INR,KDQ,SKODA Kodiaq,SKODA,Full-size SUV (CKD),4200,0.35,ZFI,ZF India,international,0.55,3,CHS,Chassis,Steel,A,4607,1.183,PO-KDQ-CHS-00077-202405-1
KDQ-CHS-00077,Chassis A20 - SKODA Kodiaq (ZF India),2024-06-06,3904.8886,7,INR,KDQ,SKODA Kodiaq,SKODA,Full-size SUV (CKD),4200,0.35,ZFI,ZF India,international,0.55,3,CHS,Chassis,Steel,A,4607,1.183,PO-KDQ-CHS-00077-202406-1
KDQ-CHS-00077,Chassis A20 - SKODA Kodiaq (ZF India),2024-06-13,3887.7503,37,INR,KDQ,SKODA Kodiaq,SKODA,Full-size SUV (CKD),4200,0.35,ZFI,ZF India,international,0.55,3,CHS,Chassis,Steel,A,4607,1.183,PO-KDQ-CHS-00077-202406-2
KDQ-CHS-00077,Chassis A20 - SKODA Kodiaq (ZF India),2024-06-20,3887.0109,7,INR,KDQ,SKODA Kodiaq,SKODA,Full-size SUV (CKD),4200,0.35,ZFI,ZF India,international,0.55,3,CHS,Chassis,Steel,A,4607,1.183,PO-KDQ-CHS-00077-202406-3
KDQ-CHS-00077,Chassis A20 - SKODA Kodiaq (ZF India),2024-07-06,3782.9624,5,INR,KDQ,SKODA Kodiaq,SKODA,Full-size SUV (CKD),4200,0.35,ZFI,ZF India,international,0.55,3,CHS,Chassis,Steel,A,4607,1.183,PO-KDQ-CHS-00077-202407-1
KDQ-CHS-00077,Chassis A20 - SKODA Kodiaq (ZF India),2024-07-13,3800.7529,45,INR,KDQ,SKODA Kodiaq,SKODA,Full-size SUV (CKD),4200,0.35,ZFI,ZF India,international,0.55,3,CHS,Chassis,Steel,A,4607,1.183,PO-KDQ-CHS-00077-202407-2
KDQ-CHS-00077,Chassis A20 - SKODA Kodiaq (ZF India),2024-08-06,3761.2658,3,INR,KDQ,SKODA Kodiaq,SKODA,Full-size SUV (CKD),4200,0.35,ZFI,ZF India,international,0.55,3,CHS,Chassis,Steel,A,4607,1.183,PO-KDQ-CHS-00077-202408-1
KDQ-CHS-00077,Chassis A20 - SKODA Kodiaq (ZF India),2024-08-13,3702.6117,47,INR,KDQ,SKODA Kodiaq,SKODA,Full-size SUV (CKD),4200,0.35,ZFI,ZF India,international,0.55,3,CHS,Chassis,Steel,A,4607,1.183,PO-KDQ-CHS-00077-202408-2
KDQ-CHS-00077,Chassis A20 - SKODA Kodiaq (ZF India),2024-09-06,3971.313,13,INR,KDQ,SKODA Kodiaq,SKODA,Full-size SUV (CKD),4200,0.35,ZFI,ZF India,international,0.55,3,CHS,Chassis,Steel,A,4607,1.183,PO-KDQ-CHS-00077-202409-1
KDQ-CHS-00077,Chassis A20 - SKODA Kodiaq (ZF India),2024-09-13,3928.263,35,INR,KDQ,SKODA Kodiaq,SKODA,Full-size SUV (CKD),4200,0.35,ZFI,ZF India,international,0.55,3,CHS,Chassis,Steel,A,4607,1.183,PO-KDQ-CHS-00077-202409-2
KDQ-CHS-00077,Chassis A20 - SKODA Kodiaq (ZF India),2024-09-20,3970.2318,2,INR,KDQ,SKODA Kodiaq,SKODA,Full-size SUV (CKD),4200,0.35,ZFI,ZF India,international,0.55,3,CHS,Chassis,Steel,A,4607,1.183,PO-KDQ-CHS-00077-202409-3
KDQ-CHS-00077,Chassis A20 - SKODA Kodiaq (ZF India),2024-10-06,3961.9292,50,INR,KDQ,SKODA Kodiaq,SKODA,Full-size SUV (CKD),4200,0.35,ZFI,ZF India,international,0.55,3,CHS,Chassis,Steel,A,4607,1.183,PO-KDQ-CHS-00077-202410-1
KDQ-CHS-00077,Chassis A20 - SKODA Kodiaq (ZF India),2024-11-06,4033.3174,30,INR,KDQ,SKODA Kodiaq,SKODA,Full-size SUV (CKD),4200,0.35,ZFI,ZF India,international,0.55,3,CHS,Chassis,Steel,A,4607,1.183,PO-KDQ-CHS-00077-202411-1
KDQ-CHS-00077,Chassis A20 - SKODA Kodiaq (ZF India),2024-11-13,4070.1481,20,INR,KDQ,SKODA Kodiaq,SKODA,Full-size SUV (CKD),4200,0.35,ZFI,ZF India,international,0.55,3,CHS,Chassis,Steel,A,4607,1.183,PO-KDQ-CHS-00077-202411-2
KDQ-CHS-00077,Chassis A20 - SKODA Kodiaq (ZF India),2024-12-06,3989.5727,50,INR,KDQ,SKODA Kodiaq,SKODA,Full-size SUV (CKD),4200,0.35,ZFI,ZF India,international,0.55,3,CHS,Chassis,Steel,A,4607,1.183,PO-KDQ-CHS-00077-202412-1
KDQ-CHS-00077,Chassis A20 - SKODA Kodiaq (ZF India),2025-01-06,4208.0101,3,INR,KDQ,SKODA Kodiaq,SKODA,Full-size SUV (CKD),4200,0.35,ZFI,ZF India,international,0.55,3,CHS,Chassis,Steel,A,4607,1.183,PO-KDQ-CHS-00077-202501-1
KDQ-CHS-00077,Chassis A20 - SKODA Kodiaq (ZF India),2025-01-13,4216.1009,34,INR,KDQ,SKODA Kodiaq,SKODA,Full-size SUV (CKD),4200,0.35,ZFI,ZF India,international,0.55,3,CHS,Chassis,Steel,A,4607,1.183,PO-KDQ-CHS-00077-202501-2
KDQ-CHS-00077,Chassis A20 - SKODA Kodiaq (ZF India),2025-01-20,4178.4388,13,INR,KDQ,SKODA Kodiaq,SKODA,Full-size SUV (CKD),4200,0.35,ZFI,ZF India,international,0.55,3,CHS,Chassis,Steel,A,4607,1.183,PO-KDQ-CHS-00077-202501-3
KDQ-CHS-00077,Chassis A20 - SKODA Kodiaq (ZF India),2025-02-06,,6,INR,KDQ,SKODA Kodiaq,SKODA,Full-size SUV (CKD),4200,0.35,ZFI,ZF India,international,0.55,3,CHS,Chassis,Steel,A,4607,1.183,PO-KDQ-CHS-00077-202502-1
KDQ-CHS-00077,Chassis A20 - SKODA Kodiaq (ZF India),2025-02-13,,27,INR,KDQ,SKODA Kodiaq,SKODA,Full-size SUV (CKD),4200,0.35,ZFI,ZF India,international,0.55,3,CHS,Chassis,Steel,A,4607,1.183,PO-KDQ-CHS-00077-202502-2
KDQ-CHS-00077,Chassis A20 - SKODA Kodiaq (ZF India),2025-02-20,,17,INR,KDQ,SKODA Kodiaq,SKODA,Full-size SUV (CKD),4200,0.35,ZFI,ZF India,international,0.55,3,CHS,Chassis,Steel,A,4607,1.183,PO-KDQ-CHS-00077-202502-3
KDQ-CHS-00077,Chassis A20 - SKODA Kodiaq (ZF India),2025-03-06,4044.5286,30,INR,KDQ,SKODA Kodiaq,SKODA,Full-size SUV (CKD),4200,0.35,ZFI,ZF India,international,0.55,3,CHS,Chassis,Steel,A,4607,1.183,PO-KDQ-CHS-00077-202503-1
KDQ-CHS-00077,Chassis A20 - SKODA Kodiaq (ZF India),2025-03-13,4029.0016,20,INR,KDQ,SKODA Kodiaq,SKODA,Full-size SUV (CKD),4200,0.35,ZFI,ZF India,international,0.55,3,CHS,Chassis,Steel,A,4607,1.183,PO-KDQ-CHS-00077-202503-2
KDQ-CHS-00077,Chassis A20 - SKODA Kodiaq (ZF India),2025-04-06,3864.0863,34,INR,KDQ,SKODA Kodiaq,SKODA,Full-size SUV (CKD),4200,0.35,ZFI,ZF India,international,0.55,3,CHS,Chassis,Steel,A,4607,1.183,PO-KDQ-CHS-00077-202504-1
KDQ-CHS-00077,Chassis A20 - SKODA Kodiaq (ZF India),2025-04-13,3943.1796,16,INR,KDQ,SKODA Kodiaq,SKODA,Full-size SUV (CKD),4200,0.35,ZFI,ZF India,international,0.55,3,CHS,Chassis,Steel,A,4607,1.183,PO-KDQ-CHS-00077-202504-2
KDQ-CHS-00077,Chassis A20 - SKODA Kodiaq (ZF India),2025-05-06,4015.3095,9,INR,KDQ,SKODA Kodiaq,SKODA,Full-size SUV (CKD),4200,0.35,ZFI,ZF India,international,0.55,3,CHS,Chassis,Steel,A,4607,1.183,PO-KDQ-CHS-00077-202505-1
KDQ-CHS-00077,Chassis A20 - SKODA Kodiaq (ZF India),2025-05-13,4060.6044,17,INR,KDQ,SKODA Kodiaq,SKODA,Full-size SUV (CKD),4200,0.35,ZFI,ZF India,international,0.55,3,CHS,Chassis,Steel,A,4607,1.183,PO-KDQ-CHS-00077-202505-2
KDQ-CHS-00077,Chassis A20 - SKODA Kodiaq (ZF India),2025-05-20,4034.3558,23,INR,KDQ,SKODA Kodiaq,SKODA,Full-size SUV (CKD),4200,0.35,ZFI,ZF India,international,0.55,3,CHS,Chassis,Steel,A,4607,1.183,PO-KDQ-CHS-00077-202505-3
KDQ-CHS-00077,Chassis A20 - SKODA Kodiaq (ZF India),2025-06-06,3971.8922,23,INR,KDQ,SKODA Kodiaq,SKODA,Full-size SUV (CKD),4200,0.35,ZFI,ZF India,international,0.55,3,CHS,Chassis,Steel,A,4607,1.183,PO-KDQ-CHS-00077-202506-1
KDQ-CHS-00077,Chassis A20 - SKODA Kodiaq (ZF India),2025-06-13,3943.4608,27,INR,KDQ,SKODA Kodiaq,SKODA,Full-size SUV (CKD),4200,0.35,ZFI,ZF India,international,0.55,3,CHS,Chassis,Steel,A,4607,1.183,PO-KDQ-CHS-00077-202506-2
KDQ-CHS-00077,Chassis A20 - SKODA Kodiaq (ZF India),2025-07-06,3848.9034,25,INR,KDQ,SKODA Kodiaq,SKODA,Full-size SUV (CKD),4200,0.35,ZFI,ZF India,international,0.55,3,CHS,Chassis,Steel,A,4607,1.183,PO-KDQ-CHS-00077-202507-1
KDQ-CHS-00077,Chassis A20 - SKODA Kodiaq (ZF India),2025-07-13,3895.3436,20,INR,KDQ,SKODA Kodiaq,SKODA,Full-size SUV (CKD),4200,0.35,ZFI,ZF India,international,0.55,3,CHS,Chassis,Steel,A,4607,1.183,PO-KDQ-CHS-00077-202507-2
KDQ-CHS-00077,Chassis A20 - SKODA Kodiaq (ZF India),2025-07-20,3894.9768,5,INR,KDQ,SKODA Kodiaq,SKODA,Full-size SUV (CKD),4200,0.35,ZFI,ZF India,international,0.55,3,CHS,Chassis,Steel,A,4607,1.183,PO-KDQ-CHS-00077-202507-3
KDQ-CHS-00077,Chassis A20 - SKODA Kodiaq (ZF India),2025-08-06,4019.0266,50,INR,KDQ,SKODA Kodiaq,SKODA,Full-size SUV (CKD),4200,0.35,ZFI,ZF India,international,0.55,3,CHS,Chassis,Steel,A,4607,1.183,PO-KDQ-CHS-00077-202508-1
KDQ-CHS-00077,Chassis A20 - SKODA Kodiaq (ZF India),2025-09-06,4025.1219,39,INR,KDQ,SKODA Kodiaq,SKODA,Full-size SUV (CKD),4200,0.35,ZFI,ZF India,international,0.55,3,CHS,Chassis,Steel,A,4607,1.183,PO-KDQ-CHS-00077-202509-1
KDQ-CHS-00077,Chassis A20 - SKODA Kodiaq (ZF India),2025-09-13,4005.0611,11,INR,KDQ,SKODA Kodiaq,SKODA,Full-size SUV (CKD),4200,0.35,ZFI,ZF India,international,0.55,3,CHS,Chassis,Steel,A,4607,1.183,PO-KDQ-CHS-00077-202509-2
KDQ-CHS-00077,Chassis A20 - SKODA Kodiaq (ZF India),2025-10-06,4066.8771,10,INR,KDQ,SKODA Kodiaq,SKODA,Full-size SUV (CKD),4200,0.35,ZFI,ZF India,international,0.55,3,CHS,Chassis,Steel,A,4607,1.183,PO-KDQ-CHS-00077-202510-1
KDQ-CHS-00077,Chassis A20 - SKODA Kodiaq (ZF India),2025-10-13,3958.457,39,INR,KDQ,SKODA Kodiaq,SKODA,Full-size SUV (CKD),4200,0.35,ZFI,ZF India,international,0.55,3,CHS,Chassis,Steel,A,4607,1.183,PO-KDQ-CHS-00077-202510-2
KDQ-CHS-00077,Chassis A20 - SKODA Kodiaq (ZF India),2025-10-20,3963.501,1,INR,KDQ,SKODA Kodiaq,SKODA,Full-size SUV (CKD),4200,0.35,ZFI,ZF India,international,0.55,3,CHS,Chassis,Steel,A,4607,1.183,PO-KDQ-CHS-00077-202510-3
KDQ-CHS-00077,Chassis A20 - SKODA Kodiaq (ZF India),2025-11-06,3956.381,50,INR,KDQ,SKODA Kodiaq,SKODA,Full-size SUV (CKD),4200,0.35,ZFI,ZF India,international,0.55,3,CHS,Chassis,Steel,A,4607,1.183,PO-KDQ-CHS-00077-202511-1
KDQ-CHS-00077,Chassis A20 - SKODA Kodiaq (ZF India),2025-12-06,4072.586,17,INR,KDQ,SKODA Kodiaq,SKODA,Full-size SUV (CKD),4200,0.35,ZFI,ZF India,international,0.55,3,CHS,Chassis,Steel,A,4607,1.183,PO-KDQ-CHS-00077-202512-1
KDQ-CHS-00077,Chassis A20 - SKODA Kodiaq (ZF India),2025-12-13,4034.7694,33,INR,KDQ,SKODA Kodiaq,SKODA,Full-size SUV (CKD),4200,0.35,ZFI,ZF India,international,0.55,3,CHS,Chassis,Steel,A,4607,1.183,PO-KDQ-CHS-00077-202512-2
KDQ-CHS-00077,Chassis A20 - SKODA Kodiaq (ZF India),2026-01-06,3999.8641,50,INR,KDQ,SKODA Kodiaq,SKODA,Full-size SUV (CKD),4200,0.35,ZFI,ZF India,international,0.55,3,CHS,Chassis,Steel,A,4607,1.183,PO-KDQ-CHS-00077-202601-1
KDQ-CHS-00077,Chassis A20 - SKODA Kodiaq (ZF India),2026-02-06,4122.6699,50,INR,KDQ,SKODA Kodiaq,SKODA,Full-size SUV (CKD),4200,0.35,ZFI,ZF India,international,0.55,3,CHS,Chassis,Steel,A,4607,1.183,PO-KDQ-CHS-00077-202602-1
KDQ-CHS-00077,Chassis A20 - SKODA Kodiaq (ZF India),2026-03-06,4223.2644,50,INR,KDQ,SKODA Kodiaq,SKODA,Full-size SUV (CKD),4200,0.35,ZFI,ZF India,international,0.55,3,CHS,Chassis,Steel,A,4607,1.183,PO-KDQ-CHS-00077-202603-1
KDQ-CHS-00077,Chassis A20 - SKODA Kodiaq (ZF India),2026-04-06,4103.7683,14,INR,KDQ,SKODA Kodiaq,SKODA,Full-size SUV (CKD),4200,0.35,ZFI,ZF India,international,0.55,3,CHS,Chassis,Steel,A,4607,1.183,PO-KDQ-CHS-00077-202604-1
KDQ-CHS-00077,Chassis A20 - SKODA Kodiaq (ZF India),2026-04-13,4193.8686,31,INR,KDQ,SKODA Kodiaq,SKODA,Full-size SUV (CKD),4200,0.35,ZFI,ZF India,international,0.55,3,CHS,Chassis,Steel,A,4607,1.183,PO-KDQ-CHS-00077-202604-2
KDQ-CHS-00077,Chassis A20 - SKODA Kodiaq (ZF India),2026-04-20,4198.5289,6,INR,KDQ,SKODA Kodiaq,SKODA,Full-size SUV (CKD),4200,0.35,ZFI,ZF India,international,0.55,3,CHS,Chassis,Steel,A,4607,1.183,PO-KDQ-CHS-00077-202604-3
KDQ-CHS-00077,Chassis A20 - SKODA Kodiaq (ZF India),2026-05-06,4102.7092,50,INR,KDQ,SKODA Kodiaq,SKODA,Full-size SUV (CKD),4200,0.35,ZFI,ZF India,international,0.55,3,CHS,Chassis,Steel,A,4607,1.183,PO-KDQ-CHS-00077-202605-1
KDQ-CHS-00077,Chassis A20 - SKODA Kodiaq (ZF India),2026-06-06,4162.8632,34,INR,KDQ,SKODA Kodiaq,SKODA,Full-size SUV (CKD),4200,0.35,ZFI,ZF India,international,0.55,3,CHS,Chassis,Steel,A,4607,1.183,PO-KDQ-CHS-00077-202606-1
KDQ-CHS-00077,Chassis A20 - SKODA Kodiaq (ZF India),2026-06-13,4113.9005,16,INR,KDQ,SKODA Kodiaq,SKODA,Full-size SUV (CKD),4200,0.35,ZFI,ZF India,international,0.55,3,CHS,Chassis,Steel,A,4607,1.183,PO-KDQ-CHS-00077-202606-2
KDQ-BRK-00089,Braking A06 - SKODA Kodiaq (Endurance Technologies),2023-07-06,1850.5913,50,INR,KDQ,SKODA Kodiaq,SKODA,Full-size SUV (CKD),4200,0.35,END,Endurance Technologies,domestic,0.2,3,BRK,Braking,Cast iron,A,7654,0.712,PO-KDQ-BRK-00089-202307-1
KDQ-BRK-00089,Braking A06 - SKODA Kodiaq (Endurance Technologies),2023-08-06,1928.0729,50,INR,KDQ,SKODA Kodiaq,SKODA,Full-size SUV (CKD),4200,0.35,END,Endurance Technologies,domestic,0.2,3,BRK,Braking,Cast iron,A,7654,0.712,PO-KDQ-BRK-00089-202308-1
KDQ-BRK-00089,Braking A06 - SKODA Kodiaq (Endurance Technologies),2023-09-06,1893.8956,42,INR,KDQ,SKODA Kodiaq,SKODA,Full-size SUV (CKD),4200,0.35,END,Endurance Technologies,domestic,0.2,3,BRK,Braking,Cast iron,A,7654,0.712,PO-KDQ-BRK-00089-202309-1
KDQ-BRK-00089,Braking A06 - SKODA Kodiaq (Endurance Technologies),2023-09-13,1902.0914,8,INR,KDQ,SKODA Kodiaq,SKODA,Full-size SUV (CKD),4200,0.35,END,Endurance Technologies,domestic,0.2,3,BRK,Braking,Cast iron,A,7654,0.712,PO-KDQ-BRK-00089-202309-2
KDQ-BRK-00089,Braking A06 - SKODA Kodiaq (Endurance Technologies),2023-10-06,1945.885,48,INR,KDQ,SKODA Kodiaq,SKODA,Full-size SUV (CKD),4200,0.35,END,Endurance Technologies,domestic,0.2,3,BRK,Braking,Cast iron,A,7654,0.712,PO-KDQ-BRK-00089-202310-1
KDQ-BRK-00089,Braking A06 - SKODA Kodiaq (Endurance Technologies),2023-10-13,1935.4651,2,INR,KDQ,SKODA Kodiaq,SKODA,Full-size SUV (CKD),4200,0.35,END,Endurance Technologies,domestic,0.2,3,BRK,Braking,Cast iron,A,7654,0.712,PO-KDQ-BRK-00089-202310-2
KDQ-BRK-00089,Braking A06 - SKODA Kodiaq (Endurance Technologies),2023-11-06,1891.7732,16,INR,KDQ,SKODA Kodiaq,SKODA,Full-size SUV (CKD),4200,0.35,END,Endurance Technologies,domestic,0.2,3,BRK,Braking,Cast iron,A,7654,0.712,PO-KDQ-BRK-00089-202311-1
KDQ-BRK-00089,Braking A06 - SKODA Kodiaq (Endurance Technologies),2023-11-13,1921.5608,17,INR,KDQ,SKODA Kodiaq,SKODA,Full-size SUV (CKD),4200,0.35,END,Endurance Technologies,domestic,0.2,3,BRK,Braking,Cast iron,A,7654,0.712,PO-KDQ-BRK-00089-202311-2
KDQ-BRK-00089,Braking A06 - SKODA Kodiaq (Endurance Technologies),2023-11-20,1912.3031,17,INR,KDQ,SKODA Kodiaq,SKODA,Full-size SUV (CKD),4200,0.35,END,Endurance Technologies,domestic,0.2,3,BRK,Braking,Cast iron,A,7654,0.712,PO-KDQ-BRK-00089-202311-3
KDQ-BRK-00089,Braking A06 - SKODA Kodiaq (Endurance Technologies),2023-12-06,,50,INR,KDQ,SKODA Kodiaq,SKODA,Full-size SUV (CKD),4200,0.35,END,Endurance Technologies,domestic,0.2,3,BRK,Braking,Cast iron,A,7654,0.712,PO-KDQ-BRK-00089-202312-1
KDQ-BRK-00089,Braking A06 - SKODA Kodiaq (Endurance Technologies),2024-01-06,1991.1127,50,INR,KDQ,SKODA Kodiaq,SKODA,Full-size SUV (CKD),4200,0.35,END,Endurance Technologies,domestic,0.2,3,BRK,Braking,Cast iron,A,7654,0.712,PO-KDQ-BRK-00089-202401-1
KDQ-BRK-00089,Braking A06 - SKODA Kodiaq (Endurance Technologies),2024-02-06,1895.5826,50,INR,KDQ,SKODA Kodiaq,SKODA,Full-size SUV (CKD),4200,0.35,END,Endurance Technologies,domestic,0.2,3,BRK,Braking,Cast iron,A,7654,0.712,PO-KDQ-BRK-00089-202402-1
KDQ-BRK-00089,Braking A06 - SKODA Kodiaq (Endurance Technologies),2024-03-06,1852.7102,50,INR,KDQ,SKODA Kodiaq,SKODA,Full-size SUV (CKD),4200,0.35,END,Endurance Technologies,domestic,0.2,3,BRK,Braking,Cast iron,A,7654,0.712,PO-KDQ-BRK-00089-202403-1
KDQ-BRK-00089,Braking A06 - SKODA Kodiaq (Endurance Technologies),2024-04-06,1834.9779,5,INR,KDQ,SKODA Kodiaq,SKODA,Full-size SUV (CKD),4200,0.35,END,Endurance Technologies,domestic,0.2,3,BRK,Braking,Cast iron,A,7654,0.712,PO-KDQ-BRK-00089-202404-1
KDQ-BRK-00089,Braking A06 - SKODA Kodiaq (Endurance Technologies),2024-04-13,1820.0394,45,INR,KDQ,SKODA Kodiaq,SKODA,Full-size SUV (CKD),4200,0.35,END,Endurance Technologies,domestic,0.2,3,BRK,Braking,Cast iron,A,7654,0.712,PO-KDQ-BRK-00089-202404-2
KDQ-BRK-00089,Braking A06 - SKODA Kodiaq (Endurance Technologies),2024-05-06,1806.1408,20,INR,KDQ,SKODA Kodiaq,SKODA,Full-size SUV (CKD),4200,0.35,END,Endurance Technologies,domestic,0.2,3,BRK,Braking,Cast iron,A,7654,0.712,PO-KDQ-BRK-00089-202405-1
KDQ-BRK-00089,Braking A06 - SKODA Kodiaq (Endurance Technologies),2024-05-13,1828.6228,30,INR,KDQ,SKODA Kodiaq,SKODA,Full-size SUV (CKD),4200,0.35,END,Endurance Technologies,domestic,0.2,3,BRK,Braking,Cast iron,A,7654,0.712,PO-KDQ-BRK-00089-202405-2
KDQ-BRK-00089,Braking A06 - SKODA Kodiaq (Endurance Technologies),2024-06-06,1819.6868,50,INR,KDQ,SKODA Kodiaq,SKODA,Full-size SUV (CKD),4200,0.35,END,Endurance Technologies,domestic,0.2,3,BRK,Braking,Cast iron,A,7654,0.712,PO-KDQ-BRK-00089-202406-1
KDQ-BRK-00089,Braking A06 - SKODA Kodiaq (Endurance Technologies),2024-07-06,1904.0636,50,INR,KDQ,SKODA Kodiaq,SKODA,Full-size SUV (CKD),4200,0.35,END,Endurance Technologies,domestic,0.2,3,BRK,Braking,Cast iron,A,7654,0.712,PO-KDQ-BRK-00089-202407-1
KDQ-BRK-00089,Braking A06 - SKODA Kodiaq (Endurance Technologies),2024-08-06,2002.9578,19,INR,KDQ,SKODA Kodiaq,SKODA,Full-size SUV (CKD),4200,0.35,END,Endurance Technologies,domestic,0.2,3,BRK,Braking,Cast iron,A,7654,0.712,PO-KDQ-BRK-00089-202408-1
KDQ-BRK-00089,Braking A06 - SKODA Kodiaq (Endurance Technologies),2024-08-13,1983.1977,1,INR,KDQ,SKODA Kodiaq,SKODA,Full-size SUV (CKD),4200,0.35,END,Endurance Technologies,domestic,0.2,3,BRK,Braking,Cast iron,A,7654,0.712,PO-KDQ-BRK-00089-202408-2
KDQ-BRK-00089,Braking A06 - SKODA Kodiaq (Endurance Technologies),2024-08-20,1995.2387,29,INR,KDQ,SKODA Kodiaq,SKODA,Full-size SUV (CKD),4200,0.35,END,Endurance Technologies,domestic,0.2,3,BRK,Braking,Cast iron,A,7654,0.712,PO-KDQ-BRK-00089-202408-3
KDQ-BRK-00089,Braking A06 - SKODA Kodiaq (Endurance Technologies),2024-09-06,2017.8294,50,INR,KDQ,SKODA Kodiaq,SKODA,Full-size SUV (CKD),4200,0.35,END,Endurance Technologies,domestic,0.2,3,BRK,Braking,Cast iron,A,7654,0.712,PO-KDQ-BRK-00089-202409-1
KDQ-BRK-00089,Braking A06 - SKODA Kodiaq (Endurance Technologies),2024-10-06,2074.0868,3,INR,KDQ,SKODA Kodiaq,SKODA,Full-size SUV (CKD),4200,0.35,END,Endurance Technologies,domestic,0.2,3,BRK,Braking,Cast iron,A,7654,0.712,PO-KDQ-BRK-00089-202410-1
KDQ-BRK-00089,Braking A06 - SKODA Kodiaq (Endurance Technologies),2024-10-13,2080.5398,22,INR,KDQ,SKODA Kodiaq,SKODA,Full-size SUV (CKD),4200,0.35,END,Endurance Technologies,domestic,0.2,3,BRK,Braking,Cast iron,A,7654,0.712,PO-KDQ-BRK-00089-202410-2
KDQ-BRK-00089,Braking A06 - SKODA Kodiaq (Endurance Technologies),2024-10-20,2083.7186,26,INR,KDQ,SKODA Kodiaq,SKODA,Full-size SUV (CKD),4200,0.35,END,Endurance Technologies,domestic,0.2,3,BRK,Braking,Cast iron,A,7654,0.712,PO-KDQ-BRK-00089-202410-3
KDQ-BRK-00089,Braking A06 - SKODA Kodiaq (Endurance Technologies),2024-11-06,2024.1708,30,INR,KDQ,SKODA Kodiaq,SKODA,Full-size SUV (CKD),4200,0.35,END,Endurance Technologies,domestic,0.2,3,BRK,Braking,Cast iron,A,7654,0.712,PO-KDQ-BRK-00089-202411-1
KDQ-BRK-00089,Braking A06 - SKODA Kodiaq (Endurance Technologies),2024-11-13,1958.5337,20,INR,KDQ,SKODA Kodiaq,SKODA,Full-size SUV (CKD),4200,0.35,END,Endurance Technologies,domestic,0.2,3,BRK,Braking,Cast iron,A,7654,0.712,PO-KDQ-BRK-00089-202411-2
KDQ-BRK-00089,Braking A06 - SKODA Kodiaq (Endurance Technologies),2024-12-06,1956.2006,17,INR,KDQ,SKODA Kodiaq,SKODA,Full-size SUV (CKD),4200,0.35,END,Endurance Technologies,domestic,0.2,3,BRK,Braking,Cast iron,A,7654,0.712,PO-KDQ-BRK-00089-202412-1
KDQ-BRK-00089,Braking A06 - SKODA Kodiaq (Endurance Technologies),2024-12-13,1985.5049,33,INR,KDQ,SKODA Kodiaq,SKODA,Full-size SUV (CKD),4200,0.35,END,Endurance Technologies,domestic,0.2,3,BRK,Braking,Cast iron,A,7654,0.712,PO-KDQ-BRK-00089-202412-2
KDQ-BRK-00089,Braking A06 - SKODA Kodiaq (Endurance Technologies),2025-01-06,1950.7658,50,INR,KDQ,SKODA Kodiaq,SKODA,Full-size SUV (CKD),4200,0.35,END,Endurance Technologies,domestic,0.2,3,BRK,Braking,Cast iron,A,7654,0.712,PO-KDQ-BRK-00089-202501-1
KDQ-BRK-00089,Braking A06 - SKODA Kodiaq (Endurance Technologies),2025-02-06,1962.9515,50,INR,KDQ,SKODA Kodiaq,SKODA,Full-size SUV (CKD),4200,0.35,END,Endurance Technologies,domestic,0.2,3,BRK,Braking,Cast iron,A,7654,0.712,PO-KDQ-BRK-00089-202502-1
KDQ-BRK-00089,Braking A06 - SKODA Kodiaq (Endurance Technologies),2025-03-06,2054.52,4,INR,KDQ,SKODA Kodiaq,SKODA,Full-size SUV (CKD),4200,0.35,END,Endurance Technologies,domestic,0.2,3,BRK,Braking,Cast iron,A,7654,0.712,PO-KDQ-BRK-00089-202503-1
KDQ-BRK-00089,Braking A06 - SKODA Kodiaq (Endurance Technologies),2025-03-13,2034.1199,23,INR,KDQ,SKODA Kodiaq,SKODA,Full-size SUV (CKD),4200,0.35,END,Endurance Technologies,domestic,0.2,3,BRK,Braking,Cast iron,A,7654,0.712,PO-KDQ-BRK-00089-202503-2
KDQ-BRK-00089,Braking A06 - SKODA Kodiaq (Endurance Technologies),2025-03-20,2021.4044,24,INR,KDQ,SKODA Kodiaq,SKODA,Full-size SUV (CKD),4200,0.35,END,Endurance Technologies,domestic,0.2,3,BRK,Braking,Cast iron,A,7654,0.712,PO-KDQ-BRK-00089-202503-3
KDQ-BRK-00089,Braking A06 - SKODA Kodiaq (Endurance Technologies),2025-04-06,1935.0243,39,INR,KDQ,SKODA Kodiaq,SKODA,Full-size SUV (CKD),4200,0.35,END,Endurance Technologies,domestic,0.2,3,BRK,Braking,Cast iron,A,7654,0.712,PO-KDQ-BRK-00089-202504-1
KDQ-BRK-00089,Braking A06 - SKODA Kodiaq (Endurance Technologies),2025-04-13,1911.9217,11,INR,KDQ,SKODA Kodiaq,SKODA,Full-size SUV (CKD),4200,0.35,END,Endurance Technologies,domestic,0.2,3,BRK,Braking,Cast iron,A,7654,0.712,PO-KDQ-BRK-00089-202504-2
KDQ-BRK-00089,Braking A06 - SKODA Kodiaq (Endurance Technologies),2025-05-06,1961.0983,24,INR,KDQ,SKODA Kodiaq,SKODA,Full-size SUV (CKD),4200,0.35,END,Endurance Technologies,domestic,0.2,3,BRK,Braking,Cast iron,A,7654,0.712,PO-KDQ-BRK-00089-202505-1
KDQ-BRK-00089,Braking A06 - SKODA Kodiaq (Endurance Technologies),2025-05-13,1954.2527,26,INR,KDQ,SKODA Kodiaq,SKODA,Full-size SUV (CKD),4200,0.35,END,Endurance Technologies,domestic,0.2,3,BRK,Braking,Cast iron,A,7654,0.712,PO-KDQ-BRK-00089-202505-2
KDQ-BRK-00089,Braking A06 - SKODA Kodiaq (Endurance Technologies),2025-06-06,2042.3263,50,INR,KDQ,SKODA Kodiaq,SKODA,Full-size SUV (CKD),4200,0.35,END,Endurance Technologies,domestic,0.2,3,BRK,Braking,Cast iron,A,7654,0.712,PO-KDQ-BRK-00089-202506-1
KDQ-BRK-00089,Braking A06 - SKODA Kodiaq (Endurance Technologies),2025-07-06,2034.8718,27,INR,KDQ,SKODA Kodiaq,SKODA,Full-size SUV (CKD),4200,0.35,END,Endurance Technologies,domestic,0.2,3,BRK,Braking,Cast iron,A,7654,0.712,PO-KDQ-BRK-00089-202507-1
KDQ-BRK-00089,Braking A06 - SKODA Kodiaq (Endurance Technologies),2025-07-13,2036.5957,12,INR,KDQ,SKODA Kodiaq,SKODA,Full-size SUV (CKD),4200,0.35,END,Endurance Technologies,domestic,0.2,3,BRK,Braking,Cast iron,A,7654,0.712,PO-KDQ-BRK-00089-202507-2
KDQ-BRK-00089,Braking A06 - SKODA Kodiaq (Endurance Technologies),2025-07-20,2000.8163,11,INR,KDQ,SKODA Kodiaq,SKODA,Full-size SUV (CKD),4200,0.35,END,Endurance Technologies,domestic,0.2,3,BRK,Braking,Cast iron,A,7654,0.712,PO-KDQ-BRK-00089-202507-3
KDQ-BRK-00089,Braking A06 - SKODA Kodiaq (Endurance Technologies),2025-08-06,2113.3576,50,INR,KDQ,SKODA Kodiaq,SKODA,Full-size SUV (CKD),4200,0.35,END,Endurance Technologies,domestic,0.2,3,BRK,Braking,Cast iron,A,7654,0.712,PO-KDQ-BRK-00089-202508-1
KDQ-BRK-00089,Braking A06 - SKODA Kodiaq (Endurance Technologies),2025-09-06,2175.3496,5,INR,KDQ,SKODA Kodiaq,SKODA,Full-size SUV (CKD),4200,0.35,END,Endurance Technologies,domestic,0.2,3,BRK,Braking,Cast iron,A,7654,0.712,PO-KDQ-BRK-00089-202509-1
KDQ-BRK-00089,Braking A06 - SKODA Kodiaq (Endurance Technologies),2025-09-13,2185.8077,45,INR,KDQ,SKODA Kodiaq,SKODA,Full-size SUV (CKD),4200,0.35,END,Endurance Technologies,domestic,0.2,3,BRK,Braking,Cast iron,A,7654,0.712,PO-KDQ-BRK-00089-202509-2
KDQ-BRK-00089,Braking A06 - SKODA Kodiaq (Endurance Technologies),2025-10-06,2170.2398,8,INR,KDQ,SKODA Kodiaq,SKODA,Full-size SUV (CKD),4200,0.35,END,Endurance Technologies,domestic,0.2,3,BRK,Braking,Cast iron,A,7654,0.712,PO-KDQ-BRK-00089-202510-1
KDQ-BRK-00089,Braking A06 - SKODA Kodiaq (Endurance Technologies),2025-10-13,2171.9082,13,INR,KDQ,SKODA Kodiaq,SKODA,Full-size SUV (CKD),4200,0.35,END,Endurance Technologies,domestic,0.2,3,BRK,Braking,Cast iron,A,7654,0.712,PO-KDQ-BRK-00089-202510-2
KDQ-BRK-00089,Braking A06 - SKODA Kodiaq (Endurance Technologies),2025-10-20,2167.3117,29,INR,KDQ,SKODA Kodiaq,SKODA,Full-size SUV (CKD),4200,0.35,END,Endurance Technologies,domestic,0.2,3,BRK,Braking,Cast iron,A,7654,0.712,PO-KDQ-BRK-00089-202510-3
KDQ-BRK-00089,Braking A06 - SKODA Kodiaq (Endurance Technologies),2025-11-06,2126.7257,47,INR,KDQ,SKODA Kodiaq,SKODA,Full-size SUV (CKD),4200,0.35,END,Endurance Technologies,domestic,0.2,3,BRK,Braking,Cast iron,A,7654,0.712,PO-KDQ-BRK-00089-202511-1
KDQ-BRK-00089,Braking A06 - SKODA Kodiaq (Endurance Technologies),2025-11-13,2159.0048,2,INR,KDQ,SKODA Kodiaq,SKODA,Full-size SUV (CKD),4200,0.35,END,Endurance Technologies,domestic,0.2,3,BRK,Braking,Cast iron,A,7654,0.712,PO-KDQ-BRK-00089-202511-2
KDQ-BRK-00089,Braking A06 - SKODA Kodiaq (Endurance Technologies),2025-11-20,2153.4814,1,INR,KDQ,SKODA Kodiaq,SKODA,Full-size SUV (CKD),4200,0.35,END,Endurance Technologies,domestic,0.2,3,BRK,Braking,Cast iron,A,7654,0.712,PO-KDQ-BRK-00089-202511-3
KDQ-BRK-00089,Braking A06 - SKODA Kodiaq (Endurance Technologies),2025-12-06,2161.3279,50,INR,KDQ,SKODA Kodiaq,SKODA,Full-size SUV (CKD),4200,0.35,END,Endurance Technologies,domestic,0.2,3,BRK,Braking,Cast iron,A,7654,0.712,PO-KDQ-BRK-00089-202512-1
KDQ-BRK-00089,Braking A06 - SKODA Kodiaq (Endurance Technologies),2026-01-06,2197.7919,50,INR,KDQ,SKODA Kodiaq,SKODA,Full-size SUV (CKD),4200,0.35,END,Endurance Technologies,domestic,0.2,3,BRK,Braking,Cast iron,A,7654,0.712,PO-KDQ-BRK-00089-202601-1
KDQ-BRK-00089,Braking A06 - SKODA Kodiaq (Endurance Technologies),2026-02-06,2156.1542,2,INR,KDQ,SKODA Kodiaq,SKODA,Full-size SUV (CKD),4200,0.35,END,Endurance Technologies,domestic,0.2,3,BRK,Braking,Cast iron,A,7654,0.712,PO-KDQ-BRK-00089-202602-1
KDQ-BRK-00089,Braking A06 - SKODA Kodiaq (Endurance Technologies),2026-02-13,2129.1639,48,INR,KDQ,SKODA Kodiaq,SKODA,Full-size SUV (CKD),4200,0.35,END,Endurance Technologies,domestic,0.2,3,BRK,Braking,Cast iron,A,7654,0.712,PO-KDQ-BRK-00089-202602-2
KDQ-BRK-00089,Braking A06 - SKODA Kodiaq (Endurance Technologies),2026-03-06,2083.4677,39,INR,KDQ,SKODA Kodiaq,SKODA,Full-size SUV (CKD),4200,0.35,END,Endurance Technologies,domestic,0.2,3,BRK,Braking,Cast iron,A,7654,0.712,PO-KDQ-BRK-00089-202603-1
KDQ-BRK-00089,Braking A06 - SKODA Kodiaq (Endurance Technologies),2026-03-13,2078.6781,11,INR,KDQ,SKODA Kodiaq,SKODA,Full-size SUV (CKD),4200,0.35,END,Endurance Technologies,domestic,0.2,3,BRK,Braking,Cast iron,A,7654,0.712,PO-KDQ-BRK-00089-202603-2
KDQ-BRK-00089,Braking A06 - SKODA Kodiaq (Endurance Technologies),2026-04-06,2057.4888,50,INR,KDQ,SKODA Kodiaq,SKODA,Full-size SUV (CKD),4200,0.35,END,Endurance Technologies,domestic,0.2,3,BRK,Braking,Cast iron,A,7654,0.712,PO-KDQ-BRK-00089-202604-1
KDQ-BRK-00089,Braking A06 - SKODA Kodiaq (Endurance Technologies),2026-05-06,2138.3989,33,INR,KDQ,SKODA Kodiaq,SKODA,Full-size SUV (CKD),4200,0.35,END,Endurance Technologies,domestic,0.2,3,BRK,Braking,Cast iron,A,7654,0.712,PO-KDQ-BRK-00089-202605-1
KDQ-BRK-00089,Braking A06 - SKODA Kodiaq (Endurance Technologies),2026-05-13,2101.2943,8,INR,KDQ,SKODA Kodiaq,SKODA,Full-size SUV (CKD),4200,0.35,END,Endurance Technologies,domestic,0.2,3,BRK,Braking,Cast iron,A,7654,0.712,PO-KDQ-BRK-00089-202605-2
KDQ-BRK-00089,Braking A06 - SKODA Kodiaq (Endurance Technologies),2026-05-20,2129.7601,8,INR,KDQ,SKODA Kodiaq,SKODA,Full-size SUV (CKD),4200,0.35,END,Endurance Technologies,domestic,0.2,3,BRK,Braking,Cast iron,A,7654,0.712,PO-KDQ-BRK-00089-202605-3
KDQ-BRK-00089,Braking A06 - SKODA Kodiaq (Endurance Technologies),2026-06-06,2061.3807,35,INR,KDQ,SKODA Kodiaq,SKODA,Full-size SUV (CKD),4200,0.35,END,Endurance Technologies,domestic,0.2,3,BRK,Braking,Cast iron,A,7654,0.712,PO-KDQ-BRK-00089-202606-1
KDQ-BRK-00089,Braking A06 - SKODA Kodiaq (Endurance Technologies),2026-06-13,2059.2385,15,INR,KDQ,SKODA Kodiaq,SKODA,Full-size SUV (CKD),4200,0.35,END,Endurance Technologies,domestic,0.2,3,BRK,Braking,Cast iron,A,7654,0.712,PO-KDQ-BRK-00089-202606-2
KDQ-ELC-00107,Electrical C27 - SKODA Kodiaq (Bosch India),2023-07-06,3993.7227,33,INR,KDQ,SKODA Kodiaq,SKODA,Full-size SUV (CKD),4200,0.35,BSH,Bosch India,international,0.62,3,ELC,Electrical,Copper,C,14684,3.26,PO-KDQ-ELC-00107-202307-1
KDQ-ELC-00107,Electrical C27 - SKODA Kodiaq (Bosch India),2023-07-13,3991.3381,17,INR,KDQ,SKODA Kodiaq,SKODA,Full-size SUV (CKD),4200,0.35,BSH,Bosch India,international,0.62,3,ELC,Electrical,Copper,C,14684,3.26,PO-KDQ-ELC-00107-202307-2
KDQ-ELC-00107,Electrical C27 - SKODA Kodiaq (Bosch India),2023-08-06,4193.1195,5,INR,KDQ,SKODA Kodiaq,SKODA,Full-size SUV (CKD),4200,0.35,BSH,Bosch India,international,0.62,3,ELC,Electrical,Copper,C,14684,3.26,PO-KDQ-ELC-00107-202308-1
KDQ-ELC-00107,Electrical C27 - SKODA Kodiaq (Bosch India),2023-08-13,4227.1565,45,INR,KDQ,SKODA Kodiaq,SKODA,Full-size SUV (CKD),4200,0.35,BSH,Bosch India,international,0.62,3,ELC,Electrical,Copper,C,14684,3.26,PO-KDQ-ELC-00107-202308-2
KDQ-ELC-00107,Electrical C27 - SKODA Kodiaq (Bosch India),2023-09-06,4199.5934,17,INR,KDQ,SKODA Kodiaq,SKODA,Full-size SUV (CKD),4200,0.35,BSH,Bosch India,international,0.62,3,ELC,Electrical,Copper,C,14684,3.26,PO-KDQ-ELC-00107-202309-1
KDQ-ELC-00107,Electrical C27 - SKODA Kodiaq (Bosch India),2023-09-13,4275.5806,33,INR,KDQ,SKODA Kodiaq,SKODA,Full-size SUV (CKD),4200,0.35,BSH,Bosch India,international,0.62,3,ELC,Electrical,Copper,C,14684,3.26,PO-KDQ-ELC-00107-202309-2
KDQ-ELC-00107,Electrical C27 - SKODA Kodiaq (Bosch India),2023-10-06,4340.7702,43,INR,KDQ,SKODA Kodiaq,SKODA,Full-size SUV (CKD),4200,0.35,BSH,Bosch India,international,0.62,3,ELC,Electrical,Copper,C,14684,3.26,PO-KDQ-ELC-00107-202310-1
KDQ-ELC-00107,Electrical C27 - SKODA Kodiaq (Bosch India),2023-10-13,4297.7456,7,INR,KDQ,SKODA Kodiaq,SKODA,Full-size SUV (CKD),4200,0.35,BSH,Bosch India,international,0.62,3,ELC,Electrical,Copper,C,14684,3.26,PO-KDQ-ELC-00107-202310-2
KDQ-ELC-00107,Electrical C27 - SKODA Kodiaq (Bosch India),2023-11-06,4420.9486,50,INR,KDQ,SKODA Kodiaq,SKODA,Full-size SUV (CKD),4200,0.35,BSH,Bosch India,international,0.62,3,ELC,Electrical,Copper,C,14684,3.26,PO-KDQ-ELC-00107-202311-1
KDQ-ELC-00107,Electrical C27 - SKODA Kodiaq (Bosch India),2023-12-06,4577.7419,37,INR,KDQ,SKODA Kodiaq,SKODA,Full-size SUV (CKD),4200,0.35,BSH,Bosch India,international,0.62,3,ELC,Electrical,Copper,C,14684,3.26,PO-KDQ-ELC-00107-202312-1
KDQ-ELC-00107,Electrical C27 - SKODA Kodiaq (Bosch India),2023-12-13,4495.8787,13,INR,KDQ,SKODA Kodiaq,SKODA,Full-size SUV (CKD),4200,0.35,BSH,Bosch India,international,0.62,3,ELC,Electrical,Copper,C,14684,3.26,PO-KDQ-ELC-00107-202312-2
KDQ-ELC-00107,Electrical C27 - SKODA Kodiaq (Bosch India),2024-01-06,4589.0706,3,INR,KDQ,SKODA Kodiaq,SKODA,Full-size SUV (CKD),4200,0.35,BSH,Bosch India,international,0.62,3,ELC,Electrical,Copper,C,14684,3.26,PO-KDQ-ELC-00107-202401-1
KDQ-ELC-00107,Electrical C27 - SKODA Kodiaq (Bosch India),2024-01-13,4572.4982,28,INR,KDQ,SKODA Kodiaq,SKODA,Full-size SUV (CKD),4200,0.35,BSH,Bosch India,international,0.62,3,ELC,Electrical,Copper,C,14684,3.26,PO-KDQ-ELC-00107-202401-2
KDQ-ELC-00107,Electrical C27 - SKODA Kodiaq (Bosch India),2024-01-20,4598.9929,18,INR,KDQ,SKODA Kodiaq,SKODA,Full-size SUV (CKD),4200,0.35,BSH,Bosch India,international,0.62,3,ELC,Electrical,Copper,C,14684,3.26,PO-KDQ-ELC-00107-202401-3
KDQ-ELC-00107,Electrical C27 - SKODA Kodiaq (Bosch India),2024-02-06,4545.1872,50,INR,KDQ,SKODA Kodiaq,SKODA,Full-size SUV (CKD),4200,0.35,BSH,Bosch India,international,0.62,3,ELC,Electrical,Copper,C,14684,3.26,PO-KDQ-ELC-00107-202402-1
KDQ-ELC-00107,Electrical C27 - SKODA Kodiaq (Bosch India),2024-03-06,4339.2024,20,INR,KDQ,SKODA Kodiaq,SKODA,Full-size SUV (CKD),4200,0.35,BSH,Bosch India,international,0.62,3,ELC,Electrical,Copper,C,14684,3.26,PO-KDQ-ELC-00107-202403-1
KDQ-ELC-00107,Electrical C27 - SKODA Kodiaq (Bosch India),2024-03-13,4337.1691,30,INR,KDQ,SKODA Kodiaq,SKODA,Full-size SUV (CKD),4200,0.35,BSH,Bosch India,international,0.62,3,ELC,Electrical,Copper,C,14684,3.26,PO-KDQ-ELC-00107-202403-2
KDQ-ELC-00107,Electrical C27 - SKODA Kodiaq (Bosch India),2024-04-06,4339.7758,35,INR,KDQ,SKODA Kodiaq,SKODA,Full-size SUV (CKD),4200,0.35,BSH,Bosch India,international,0.62,3,ELC,Electrical,Copper,C,14684,3.26,PO-KDQ-ELC-00107-202404-1
KDQ-ELC-00107,Electrical C27 - SKODA Kodiaq (Bosch India),2024-04-13,4249.6628,6,INR,KDQ,SKODA Kodiaq,SKODA,Full-size SUV (CKD),4200,0.35,BSH,Bosch India,international,0.62,3,ELC,Electrical,Copper,C,14684,3.26,PO-KDQ-ELC-00107-202404-2
KDQ-ELC-00107,Electrical C27 - SKODA Kodiaq (Bosch India),2024-04-20,4321.0384,9,INR,KDQ,SKODA Kodiaq,SKODA,Full-size SUV (CKD),4200,0.35,BSH,Bosch India,international,0.62,3,ELC,Electrical,Copper,C,14684,3.26,PO-KDQ-ELC-00107-202404-3
KDQ-ELC-00107,Electrical C27 - SKODA Kodiaq (Bosch India),2024-05-06,4340.3969,50,INR,KDQ,SKODA Kodiaq,SKODA,Full-size SUV (CKD),4200,0.35,BSH,Bosch India,international,0.62,3,ELC,Electrical,Copper,C,14684,3.26,PO-KDQ-ELC-00107-202405-1
KDQ-ELC-00107,Electrical C27 - SKODA Kodiaq (Bosch India),2024-06-06,4315.3388,50,INR,KDQ,SKODA Kodiaq,SKODA,Full-size SUV (CKD),4200,0.35,BSH,Bosch India,international,0.62,3,ELC,Electrical,Copper,C,14684,3.26,PO-KDQ-ELC-00107-202406-1
KDQ-ELC-00107,Electrical C27 - SKODA Kodiaq (Bosch India),2024-07-06,4431.9353,7,INR,KDQ,SKODA Kodiaq,SKODA,Full-size SUV (CKD),4200,0.35,BSH,Bosch India,international,0.62,3,ELC,Electrical,Copper,C,14684,3.26,PO-KDQ-ELC-00107-202407-1
KDQ-ELC-00107,Electrical C27 - SKODA Kodiaq (Bosch India),2024-07-13,4374.8414,29,INR,KDQ,SKODA Kodiaq,SKODA,Full-size SUV (CKD),4200,0.35,BSH,Bosch India,international,0.62,3,ELC,Electrical,Copper,C,14684,3.26,PO-KDQ-ELC-00107-202407-2
KDQ-ELC-00107,Electrical C27 - SKODA Kodiaq (Bosch India),2024-07-20,4318.0227,14,INR,KDQ,SKODA Kodiaq,SKODA,Full-size SUV (CKD),4200,0.35,BSH,Bosch India,international,0.62,3,ELC,Electrical,Copper,C,14684,3.26,PO-KDQ-ELC-00107-202407-3
KDQ-ELC-00107,Electrical C27 - SKODA Kodiaq (Bosch India),2024-08-06,4526.8857,20,INR,KDQ,SKODA Kodiaq,SKODA,Full-size SUV (CKD),4200,0.35,BSH,Bosch India,international,0.62,3,ELC,Electrical,Copper,C,14684,3.26,PO-KDQ-ELC-00107-202408-1
KDQ-ELC-00107,Electrical C27 - SKODA Kodiaq (Bosch India),2024-08-13,4581.5148,30,INR,KDQ,SKODA Kodiaq,SKODA,Full-size SUV (CKD),4200,0.35,BSH,Bosch India,international,0.62,3,ELC,Electrical,Copper,C,14684,3.26,PO-KDQ-ELC-00107-202408-2
KDQ-ELC-00107,Electrical C27 - SKODA Kodiaq (Bosch India),2024-09-06,4674.1046,1,INR,KDQ,SKODA Kodiaq,SKODA,Full-size SUV (CKD),4200,0.35,BSH,Bosch India,international,0.62,3,ELC,Electrical,Copper,C,14684,3.26,PO-KDQ-ELC-00107-202409-1
KDQ-ELC-00107,Electrical C27 - SKODA Kodiaq (Bosch India),2024-09-13,4664.9479,35,INR,KDQ,SKODA Kodiaq,SKODA,Full-size SUV (CKD),4200,0.35,BSH,Bosch India,international,0.62,3,ELC,Electrical,Copper,C,14684,3.26,PO-KDQ-ELC-00107-202409-2
KDQ-ELC-00107,Electrical C27 - SKODA Kodiaq (Bosch India),2024-09-20,4689.968,15,INR,KDQ,SKODA Kodiaq,SKODA,Full-size SUV (CKD),4200,0.35,BSH,Bosch India,international,0.62,3,ELC,Electrical,Copper,C,14684,3.26,PO-KDQ-ELC-00107-202409-3
KDQ-ELC-00107,Electrical C27 - SKODA Kodiaq (Bosch India),2024-10-06,4915.7672,50,INR,KDQ,SKODA Kodiaq,SKODA,Full-size SUV (CKD),4200,0.35,BSH,Bosch India,international,0.62,3,ELC,Electrical,Copper,C,14684,3.26,PO-KDQ-ELC-00107-202410-1
KDQ-ELC-00107,Electrical C27 - SKODA Kodiaq (Bosch India),2024-11-06,4961.999,10,INR,KDQ,SKODA Kodiaq,SKODA,Full-size SUV (CKD),4200,0.35,BSH,Bosch India,international,0.62,3,ELC,Electrical,Copper,C,14684,3.26,PO-KDQ-ELC-00107-202411-1
KDQ-ELC-00107,Electrical C27 - SKODA Kodiaq (Bosch India),2024-11-13,4938.2234,30,INR,KDQ,SKODA Kodiaq,SKODA,Full-size SUV (CKD),4200,0.35,BSH,Bosch India,international,0.62,3,ELC,Electrical,Copper,C,14684,3.26,PO-KDQ-ELC-00107-202411-2
KDQ-ELC-00107,Electrical C27 - SKODA Kodiaq (Bosch India),2024-11-20,4924.7414,9,INR,KDQ,SKODA Kodiaq,SKODA,Full-size SUV (CKD),4200,0.35,BSH,Bosch India,international,0.62,3,ELC,Electrical,Copper,C,14684,3.26,PO-KDQ-ELC-00107-202411-3
KDQ-ELC-00107,Electrical C27 - SKODA Kodiaq (Bosch India),2024-12-06,5128.991,50,INR,KDQ,SKODA Kodiaq,SKODA,Full-size SUV (CKD),4200,0.35,BSH,Bosch India,international,0.62,3,ELC,Electrical,Copper,C,14684,3.26,PO-KDQ-ELC-00107-202412-1
KDQ-ELC-00107,Electrical C27 - SKODA Kodiaq (Bosch India),2025-01-06,5305.6947,48,INR,KDQ,SKODA Kodiaq,SKODA,Full-size SUV (CKD),4200,0.35,BSH,Bosch India,international,0.62,3,ELC,Electrical,Copper,C,14684,3.26,PO-KDQ-ELC-00107-202501-1
KDQ-ELC-00107,Electrical C27 - SKODA Kodiaq (Bosch India),2025-01-13,5222.6551,2,INR,KDQ,SKODA Kodiaq,SKODA,Full-size SUV (CKD),4200,0.35,BSH,Bosch India,international,0.62,3,ELC,Electrical,Copper,C,14684,3.26,PO-KDQ-ELC-00107-202501-2
KDQ-ELC-00107,Electrical C27 - SKODA Kodiaq (Bosch India),2025-02-06,5160.3581,1,INR,KDQ,SKODA Kodiaq,SKODA,Full-size SUV (CKD),4200,0.35,BSH,Bosch India,international,0.62,3,ELC,Electrical,Copper,C,14684,3.26,PO-KDQ-ELC-00107-202502-1
KDQ-ELC-00107,Electrical C27 - SKODA Kodiaq (Bosch India),2025-02-13,5118.5218,49,INR,KDQ,SKODA Kodiaq,SKODA,Full-size SUV (CKD),4200,0.35,BSH,Bosch India,international,0.62,3,ELC,Electrical,Copper,C,14684,3.26,PO-KDQ-ELC-00107-202502-2
KDQ-ELC-00107,Electrical C27 - SKODA Kodiaq (Bosch India),2025-03-06,5059.0643,50,INR,KDQ,SKODA Kodiaq,SKODA,Full-size SUV (CKD),4200,0.35,BSH,Bosch India,international,0.62,3,ELC,Electrical,Copper,C,14684,3.26,PO-KDQ-ELC-00107-202503-1
KDQ-ELC-00107,Electrical C27 - SKODA Kodiaq (Bosch India),2025-04-06,4814.9138,12,INR,KDQ,SKODA Kodiaq,SKODA,Full-size SUV (CKD),4200,0.35,BSH,Bosch India,international,0.62,3,ELC,Electrical,Copper,C,14684,3.26,PO-KDQ-ELC-00107-202504-1
KDQ-ELC-00107,Electrical C27 - SKODA Kodiaq (Bosch India),2025-04-13,4778.1113,14,INR,KDQ,SKODA Kodiaq,SKODA,Full-size SUV (CKD),4200,0.35,BSH,Bosch India,international,0.62,3,ELC,Electrical,Copper,C,14684,3.26,PO-KDQ-ELC-00107-202504-2
KDQ-ELC-00107,Electrical C27 - SKODA Kodiaq (Bosch India),2025-04-20,4765.4042,24,INR,KDQ,SKODA Kodiaq,SKODA,Full-size SUV (CKD),4200,0.35,BSH,Bosch India,international,0.62,3,ELC,Electrical,Copper,C,14684,3.26,PO-KDQ-ELC-00107-202504-3
KDQ-ELC-00107,Electrical C27 - SKODA Kodiaq (Bosch India),2025-05-06,4732.1271,8,INR,KDQ,SKODA Kodiaq,SKODA,Full-size SUV (CKD),4200,0.35,BSH,Bosch India,international,0.62,3,ELC,Electrical,Copper,C,14684,3.26,PO-KDQ-ELC-00107-202505-1
KDQ-ELC-00107,Electrical C27 - SKODA Kodiaq (Bosch India),2025-05-13,4753.5891,42,INR,KDQ,SKODA Kodiaq,SKODA,Full-size SUV (CKD),4200,0.35,BSH,Bosch India,international,0.62,3,ELC,Electrical,Copper,C,14684,3.26,PO-KDQ-ELC-00107-202505-2
KDQ-ELC-00107,Electrical C27 - SKODA Kodiaq (Bosch India),2025-06-06,4656.816,50,INR,KDQ,SKODA Kodiaq,SKODA,Full-size SUV (CKD),4200,0.35,BSH,Bosch India,international,0.62,3,ELC,Electrical,Copper,C,14684,3.26,PO-KDQ-ELC-00107-202506-1
KDQ-ELC-00107,Electrical C27 - SKODA Kodiaq (Bosch India),2025-07-06,4714.6306,13,INR,KDQ,SKODA Kodiaq,SKODA,Full-size SUV (CKD),4200,0.35,BSH,Bosch India,international,0.62,3,ELC,Electrical,Copper,C,14684,3.26,PO-KDQ-ELC-00107-202507-1
KDQ-ELC-00107,Electrical C27 - SKODA Kodiaq (Bosch India),2025-07-13,4763.8511,19,INR,KDQ,SKODA Kodiaq,SKODA,Full-size SUV (CKD),4200,0.35,BSH,Bosch India,international,0.62,3,ELC,Electrical,Copper,C,14684,3.26,PO-KDQ-ELC-00107-202507-2
KDQ-ELC-00107,Electrical C27 - SKODA Kodiaq (Bosch India),2025-07-20,4801.9284,18,INR,KDQ,SKODA Kodiaq,SKODA,Full-size SUV (CKD),4200,0.35,BSH,Bosch India,international,0.62,3,ELC,Electrical,Copper,C,14684,3.26,PO-KDQ-ELC-00107-202507-3
KDQ-ELC-00107,Electrical C27 - SKODA Kodiaq (Bosch India),2025-08-06,4793.7277,26,INR,KDQ,SKODA Kodiaq,SKODA,Full-size SUV (CKD),4200,0.35,BSH,Bosch India,international,0.62,3,ELC,Electrical,Copper,C,14684,3.26,PO-KDQ-ELC-00107-202508-1
KDQ-ELC-00107,Electrical C27 - SKODA Kodiaq (Bosch India),2025-08-13,4745.8756,3,INR,KDQ,SKODA Kodiaq,SKODA,Full-size SUV (CKD),4200,0.35,BSH,Bosch India,international,0.62,3,ELC,Electrical,Copper,C,14684,3.26,PO-KDQ-ELC-00107-202508-2
KDQ-ELC-00107,Electrical C27 - SKODA Kodiaq (Bosch India),2025-08-20,4768.1624,21,INR,KDQ,SKODA Kodiaq,SKODA,Full-size SUV (CKD),4200,0.35,BSH,Bosch India,international,0.62,3,ELC,Electrical,Copper,C,14684,3.26,PO-KDQ-ELC-00107-202508-3
KDQ-ELC-00107,Electrical C27 - SKODA Kodiaq (Bosch India),2025-09-06,,36,INR,KDQ,SKODA Kodiaq,SKODA,Full-size SUV (CKD),4200,0.35,BSH,Bosch India,international,0.62,3,ELC,Electrical,Copper,C,14684,3.26,PO-KDQ-ELC-00107-202509-1
KDQ-ELC-00107,Electrical C27 - SKODA Kodiaq (Bosch India),2025-09-13,,14,INR,KDQ,SKODA Kodiaq,SKODA,Full-size SUV (CKD),4200,0.35,BSH,Bosch India,international,0.62,3,ELC,Electrical,Copper,C,14684,3.26,PO-KDQ-ELC-00107-202509-2
KDQ-ELC-00107,Electrical C27 - SKODA Kodiaq (Bosch India),2025-10-06,4869.9193,12,INR,KDQ,SKODA Kodiaq,SKODA,Full-size SUV (CKD),4200,0.35,BSH,Bosch India,international,0.62,3,ELC,Electrical,Copper,C,14684,3.26,PO-KDQ-ELC-00107-202510-1
KDQ-ELC-00107,Electrical C27 - SKODA Kodiaq (Bosch India),2025-10-13,4913.322,22,INR,KDQ,SKODA Kodiaq,SKODA,Full-size SUV (CKD),4200,0.35,BSH,Bosch India,international,0.62,3,ELC,Electrical,Copper,C,14684,3.26,PO-KDQ-ELC-00107-202510-2
KDQ-ELC-00107,Electrical C27 - SKODA Kodiaq (Bosch India),2025-10-20,4916.2441,16,INR,KDQ,SKODA Kodiaq,SKODA,Full-size SUV (CKD),4200,0.35,BSH,Bosch India,international,0.62,3,ELC,Electrical,Copper,C,14684,3.26,PO-KDQ-ELC-00107-202510-3
KDQ-ELC-00107,Electrical C27 - SKODA Kodiaq (Bosch India),2025-11-06,5384.1,18,INR,KDQ,SKODA Kodiaq,SKODA,Full-size SUV (CKD),4200,0.35,BSH,Bosch India,international,0.62,3,ELC,Electrical,Copper,C,14684,3.26,PO-KDQ-ELC-00107-202511-1
KDQ-ELC-00107,Electrical C27 - SKODA Kodiaq (Bosch India),2025-11-13,5389.7281,32,INR,KDQ,SKODA Kodiaq,SKODA,Full-size SUV (CKD),4200,0.35,BSH,Bosch India,international,0.62,3,ELC,Electrical,Copper,C,14684,3.26,PO-KDQ-ELC-00107-202511-2
KDQ-ELC-00107,Electrical C27 - SKODA Kodiaq (Bosch India),2025-12-06,5548.1829,22,INR,KDQ,SKODA Kodiaq,SKODA,Full-size SUV (CKD),4200,0.35,BSH,Bosch India,international,0.62,3,ELC,Electrical,Copper,C,14684,3.26,PO-KDQ-ELC-00107-202512-1
KDQ-ELC-00107,Electrical C27 - SKODA Kodiaq (Bosch India),2025-12-13,5510.8589,28,INR,KDQ,SKODA Kodiaq,SKODA,Full-size SUV (CKD),4200,0.35,BSH,Bosch India,international,0.62,3,ELC,Electrical,Copper,C,14684,3.26,PO-KDQ-ELC-00107-202512-2
KDQ-ELC-00107,Electrical C27 - SKODA Kodiaq (Bosch India),2026-01-06,5573.9729,50,INR,KDQ,SKODA Kodiaq,SKODA,Full-size SUV (CKD),4200,0.35,BSH,Bosch India,international,0.62,3,ELC,Electrical,Copper,C,14684,3.26,PO-KDQ-ELC-00107-202601-1
KDQ-ELC-00107,Electrical C27 - SKODA Kodiaq (Bosch India),2026-02-06,5721.9657,19,INR,KDQ,SKODA Kodiaq,SKODA,Full-size SUV (CKD),4200,0.35,BSH,Bosch India,international,0.62,3,ELC,Electrical,Copper,C,14684,3.26,PO-KDQ-ELC-00107-202602-1
KDQ-ELC-00107,Electrical C27 - SKODA Kodiaq (Bosch India),2026-02-13,5687.3503,24,INR,KDQ,SKODA Kodiaq,SKODA,Full-size SUV (CKD),4200,0.35,BSH,Bosch India,international,0.62,3,ELC,Electrical,Copper,C,14684,3.26,PO-KDQ-ELC-00107-202602-2
KDQ-ELC-00107,Electrical C27 - SKODA Kodiaq (Bosch India),2026-02-20,5742.7133,7,INR,KDQ,SKODA Kodiaq,SKODA,Full-size SUV (CKD),4200,0.35,BSH,Bosch India,international,0.62,3,ELC,Electrical,Copper,C,14684,3.26,PO-KDQ-ELC-00107-202602-3
KDQ-ELC-00107,Electrical C27 - SKODA Kodiaq (Bosch India),2026-03-06,5639.5003,48,INR,KDQ,SKODA Kodiaq,SKODA,Full-size SUV (CKD),4200,0.35,BSH,Bosch India,international,0.62,3,ELC,Electrical,Copper,C,14684,3.26,PO-KDQ-ELC-00107-202603-1
KDQ-ELC-00107,Electrical C27 - SKODA Kodiaq (Bosch India),2026-03-13,5615.6608,2,INR,KDQ,SKODA Kodiaq,SKODA,Full-size SUV (CKD),4200,0.35,BSH,Bosch India,international,0.62,3,ELC,Electrical,Copper,C,14684,3.26,PO-KDQ-ELC-00107-202603-2
KDQ-ELC-00107,Electrical C27 - SKODA Kodiaq (Bosch India),2026-03-20,5647.7838,1,INR,KDQ,SKODA Kodiaq,SKODA,Full-size SUV (CKD),4200,0.35,BSH,Bosch India,international,0.62,3,ELC,Electrical,Copper,C,14684,3.26,PO-KDQ-ELC-00107-202603-3
KDQ-ELC-00107,Electrical C27 - SKODA Kodiaq (Bosch India),2026-04-06,5605.4356,50,INR,KDQ,SKODA Kodiaq,SKODA,Full-size SUV (CKD),4200,0.35,BSH,Bosch India,international,0.62,3,ELC,Electrical,Copper,C,14684,3.26,PO-KDQ-ELC-00107-202604-1
KDQ-ELC-00107,Electrical C27 - SKODA Kodiaq (Bosch India),2026-05-06,5240.828,44,INR,KDQ,SKODA Kodiaq,SKODA,Full-size SUV (CKD),4200,0.35,BSH,Bosch India,international,0.62,3,ELC,Electrical,Copper,C,14684,3.26,PO-KDQ-ELC-00107-202605-1
KDQ-ELC-00107,Electrical C27 - SKODA Kodiaq (Bosch India),2026-05-13,5270.2051,6,INR,KDQ,SKODA Kodiaq,SKODA,Full-size SUV (CKD),4200,0.35,BSH,Bosch India,international,0.62,3,ELC,Electrical,Copper,C,14684,3.26,PO-KDQ-ELC-00107-202605-2
KDQ-ELC-00107,Electrical C27 - SKODA Kodiaq (Bosch India),2026-06-06,5402.0236,20,INR,KDQ,SKODA Kodiaq,SKODA,Full-size SUV (CKD),4200,0.35,BSH,Bosch India,international,0.62,3,ELC,Electrical,Copper,C,14684,3.26,PO-KDQ-ELC-00107-202606-1
KDQ-ELC-00107,Electrical C27 - SKODA Kodiaq (Bosch India),2026-06-13,5414.9948,8,INR,KDQ,SKODA Kodiaq,SKODA,Full-size SUV (CKD),4200,0.35,BSH,Bosch India,international,0.62,3,ELC,Electrical,Copper,C,14684,3.26,PO-KDQ-ELC-00107-202606-2
KDQ-ELC-00107,Electrical C27 - SKODA Kodiaq (Bosch India),2026-06-20,5449.635,23,INR,KDQ,SKODA Kodiaq,SKODA,Full-size SUV (CKD),4200,0.35,BSH,Bosch India,international,0.62,3,ELC,Electrical,Copper,C,14684,3.26,PO-KDQ-ELC-00107-202606-3
KDQ-FST-00125,Fasteners A25 - SKODA Kodiaq (JBM Auto),2023-07-06,22.9015,50,INR,KDQ,SKODA Kodiaq,SKODA,Full-size SUV (CKD),4200,0.35,JBM,JBM Auto,domestic,0.14,12,FST,Fasteners,Steel,A,8051,2.251,PO-KDQ-FST-00125-202307-1
KDQ-FST-00125,Fasteners A25 - SKODA Kodiaq (JBM Auto),2023-08-06,22.4773,11,INR,KDQ,SKODA Kodiaq,SKODA,Full-size SUV (CKD),4200,0.35,JBM,JBM Auto,domestic,0.14,12,FST,Fasteners,Steel,A,8051,2.251,PO-KDQ-FST-00125-202308-1
KDQ-FST-00125,Fasteners A25 - SKODA Kodiaq (JBM Auto),2023-08-13,23.0389,35,INR,KDQ,SKODA Kodiaq,SKODA,Full-size SUV (CKD),4200,0.35,JBM,JBM Auto,domestic,0.14,12,FST,Fasteners,Steel,A,8051,2.251,PO-KDQ-FST-00125-202308-2
KDQ-FST-00125,Fasteners A25 - SKODA Kodiaq (JBM Auto),2023-08-20,22.6464,4,INR,KDQ,SKODA Kodiaq,SKODA,Full-size SUV (CKD),4200,0.35,JBM,JBM Auto,domestic,0.14,12,FST,Fasteners,Steel,A,8051,2.251,PO-KDQ-FST-00125-202308-3
KDQ-FST-00125,Fasteners A25 - SKODA Kodiaq (JBM Auto),2023-09-06,22.1756,50,INR,KDQ,SKODA Kodiaq,SKODA,Full-size SUV (CKD),4200,0.35,JBM,JBM Auto,domestic,0.14,12,FST,Fasteners,Steel,A,8051,2.251,PO-KDQ-FST-00125-202309-1
KDQ-FST-00125,Fasteners A25 - SKODA Kodiaq (JBM Auto),2023-10-06,22.6976,13,INR,KDQ,SKODA Kodiaq,SKODA,Full-size SUV (CKD),4200,0.35,JBM,JBM Auto,domestic,0.14,12,FST,Fasteners,Steel,A,8051,2.251,PO-KDQ-FST-00125-202310-1
KDQ-FST-00125,Fasteners A25 - SKODA Kodiaq (JBM Auto),2023-10-13,23.0221,37,INR,KDQ,SKODA Kodiaq,SKODA,Full-size SUV (CKD),4200,0.35,JBM,JBM Auto,domestic,0.14,12,FST,Fasteners,Steel,A,8051,2.251,PO-KDQ-FST-00125-202310-2
KDQ-FST-00125,Fasteners A25 - SKODA Kodiaq (JBM Auto),2023-11-06,22.7104,36,INR,KDQ,SKODA Kodiaq,SKODA,Full-size SUV (CKD),4200,0.35,JBM,JBM Auto,domestic,0.14,12,FST,Fasteners,Steel,A,8051,2.251,PO-KDQ-FST-00125-202311-1
KDQ-FST-00125,Fasteners A25 - SKODA Kodiaq (JBM Auto),2023-11-13,22.3213,9,INR,KDQ,SKODA Kodiaq,SKODA,Full-size SUV (CKD),4200,0.35,JBM,JBM Auto,domestic,0.14,12,FST,Fasteners,Steel,A,8051,2.251,PO-KDQ-FST-00125-202311-2
KDQ-FST-00125,Fasteners A25 - SKODA Kodiaq (JBM Auto),2023-11-20,22.7762,4,INR,KDQ,SKODA Kodiaq,SKODA,Full-size SUV (CKD),4200,0.35,JBM,JBM Auto,domestic,0.14,12,FST,Fasteners,Steel,A,8051,2.251,PO-KDQ-FST-00125-202311-3
KDQ-FST-00125,Fasteners A25 - SKODA Kodiaq (JBM Auto),2023-12-06,23.2309,15,INR,KDQ,SKODA Kodiaq,SKODA,Full-size SUV (CKD),4200,0.35,JBM,JBM Auto,domestic,0.14,12,FST,Fasteners,Steel,A,8051,2.251,PO-KDQ-FST-00125-202312-1
KDQ-FST-00125,Fasteners A25 - SKODA Kodiaq (JBM Auto),2023-12-13,23.5845,20,INR,KDQ,SKODA Kodiaq,SKODA,Full-size SUV (CKD),4200,0.35,JBM,JBM Auto,domestic,0.14,12,FST,Fasteners,Steel,A,8051,2.251,PO-KDQ-FST-00125-202312-2
KDQ-FST-00125,Fasteners A25 - SKODA Kodiaq (JBM Auto),2023-12-20,23.4716,15,INR,KDQ,SKODA Kodiaq,SKODA,Full-size SUV (CKD),4200,0.35,JBM,JBM Auto,domestic,0.14,12,FST,Fasteners,Steel,A,8051,2.251,PO-KDQ-FST-00125-202312-3
KDQ-FST-00125,Fasteners A25 - SKODA Kodiaq (JBM Auto),2024-01-06,22.9804,50,INR,KDQ,SKODA Kodiaq,SKODA,Full-size SUV (CKD),4200,0.35,JBM,JBM Auto,domestic,0.14,12,FST,Fasteners,Steel,A,8051,2.251,PO-KDQ-FST-00125-202401-1
KDQ-FST-00125,Fasteners A25 - SKODA Kodiaq (JBM Auto),2024-02-06,22.7223,50,INR,KDQ,SKODA Kodiaq,SKODA,Full-size SUV (CKD),4200,0.35,JBM,JBM Auto,domestic,0.14,12,FST,Fasteners,Steel,A,8051,2.251,PO-KDQ-FST-00125-202402-1
KDQ-FST-00125,Fasteners A25 - SKODA Kodiaq (JBM Auto),2024-03-06,24.2871,22,INR,KDQ,SKODA Kodiaq,SKODA,Full-size SUV (CKD),4200,0.35,JBM,JBM Auto,domestic,0.14,12,FST,Fasteners,Steel,A,8051,2.251,PO-KDQ-FST-00125-202403-1
KDQ-FST-00125,Fasteners A25 - SKODA Kodiaq (JBM Auto),2024-03-13,24.156,28,INR,KDQ,SKODA Kodiaq,SKODA,Full-size SUV (CKD),4200,0.35,JBM,JBM Auto,domestic,0.14,12,FST,Fasteners,Steel,A,8051,2.251,PO-KDQ-FST-00125-202403-2
KDQ-FST-00125,Fasteners A25 - SKODA Kodiaq (JBM Auto),2024-04-06,23.6488,38,INR,KDQ,SKODA Kodiaq,SKODA,Full-size SUV (CKD),4200,0.35,JBM,JBM Auto,domestic,0.14,12,FST,Fasteners,Steel,A,8051,2.251,PO-KDQ-FST-00125-202404-1
KDQ-FST-00125,Fasteners A25 - SKODA Kodiaq (JBM Auto),2024-04-13,23.443,12,INR,KDQ,SKODA Kodiaq,SKODA,Full-size SUV (CKD),4200,0.35,JBM,JBM Auto,domestic,0.14,12,FST,Fasteners,Steel,A,8051,2.251,PO-KDQ-FST-00125-202404-2
KDQ-FST-00125,Fasteners A25 - SKODA Kodiaq (JBM Auto),2024-05-06,24.559,18,INR,KDQ,SKODA Kodiaq,SKODA,Full-size SUV (CKD),4200,0.35,JBM,JBM Auto,domestic,0.14,12,FST,Fasteners,Steel,A,8051,2.251,PO-KDQ-FST-00125-202405-1
KDQ-FST-00125,Fasteners A25 - SKODA Kodiaq (JBM Auto),2024-05-13,24.1956,26,INR,KDQ,SKODA Kodiaq,SKODA,Full-size SUV (CKD),4200,0.35,JBM,JBM Auto,domestic,0.14,12,FST,Fasteners,Steel,A,8051,2.251,PO-KDQ-FST-00125-202405-2
KDQ-FST-00125,Fasteners A25 - SKODA Kodiaq (JBM Auto),2024-05-20,24.4446,6,INR,KDQ,SKODA Kodiaq,SKODA,Full-size SUV (CKD),4200,0.35,JBM,JBM Auto,domestic,0.14,12,FST,Fasteners,Steel,A,8051,2.251,PO-KDQ-FST-00125-202405-3
KDQ-FST-00125,Fasteners A25 - SKODA Kodiaq (JBM Auto),2024-06-06,24.1678,50,INR,KDQ,SKODA Kodiaq,SKODA,Full-size SUV (CKD),4200,0.35,JBM,JBM Auto,domestic,0.14,12,FST,Fasteners,Steel,A,8051,2.251,PO-KDQ-FST-00125-202406-1
KDQ-FST-00125,Fasteners A25 - SKODA Kodiaq (JBM Auto),2024-07-06,23.8104,40,INR,KDQ,SKODA Kodiaq,SKODA,Full-size SUV (CKD),4200,0.35,JBM,JBM Auto,domestic,0.14,12,FST,Fasteners,Steel,A,8051,2.251,PO-KDQ-FST-00125-202407-1
KDQ-FST-00125,Fasteners A25 - SKODA Kodiaq (JBM Auto),2024-07-13,23.5764,2,INR,KDQ,SKODA Kodiaq,SKODA,Full-size SUV (CKD),4200,0.35,JBM,JBM Auto,domestic,0.14,12,FST,Fasteners,Steel,A,8051,2.251,PO-KDQ-FST-00125-202407-2
KDQ-FST-00125,Fasteners A25 - SKODA Kodiaq (JBM Auto),2024-07-20,23.7386,8,INR,KDQ,SKODA Kodiaq,SKODA,Full-size SUV (CKD),4200,0.35,JBM,JBM Auto,domestic,0.14,12,FST,Fasteners,Steel,A,8051,2.251,PO-KDQ-FST-00125-202407-3
KDQ-FST-00125,Fasteners A25 - SKODA Kodiaq (JBM Auto),2024-08-06,23.7412,36,INR,KDQ,SKODA Kodiaq,SKODA,Full-size SUV (CKD),4200,0.35,JBM,JBM Auto,domestic,0.14,12,FST,Fasteners,Steel,A,8051,2.251,PO-KDQ-FST-00125-202408-1
KDQ-FST-00125,Fasteners A25 - SKODA Kodiaq (JBM Auto),2024-08-13,24.2827,14,INR,KDQ,SKODA Kodiaq,SKODA,Full-size SUV (CKD),4200,0.35,JBM,JBM Auto,domestic,0.14,12,FST,Fasteners,Steel,A,8051,2.251,PO-KDQ-FST-00125-202408-2
KDQ-FST-00125,Fasteners A25 - SKODA Kodiaq (JBM Auto),2024-09-06,23.5266,1,INR,KDQ,SKODA Kodiaq,SKODA,Full-size SUV (CKD),4200,0.35,JBM,JBM Auto,domestic,0.14,12,FST,Fasteners,Steel,A,8051,2.251,PO-KDQ-FST-00125-202409-1
KDQ-FST-00125,Fasteners A25 - SKODA Kodiaq (JBM Auto),2024-09-13,23.0628,37,INR,KDQ,SKODA Kodiaq,SKODA,Full-size SUV (CKD),4200,0.35,JBM,JBM Auto,domestic,0.14,12,FST,Fasteners,Steel,A,8051,2.251,PO-KDQ-FST-00125-202409-2
KDQ-FST-00125,Fasteners A25 - SKODA Kodiaq (JBM Auto),2024-09-20,23.5445,13,INR,KDQ,SKODA Kodiaq,SKODA,Full-size SUV (CKD),4200,0.35,JBM,JBM Auto,domestic,0.14,12,FST,Fasteners,Steel,A,8051,2.251,PO-KDQ-FST-00125-202409-3
KDQ-FST-00125,Fasteners A25 - SKODA Kodiaq (JBM Auto),2024-10-06,23.8033,50,INR,KDQ,SKODA Kodiaq,SKODA,Full-size SUV (CKD),4200,0.35,JBM,JBM Auto,domestic,0.14,12,FST,Fasteners,Steel,A,8051,2.251,PO-KDQ-FST-00125-202410-1
KDQ-FST-00125,Fasteners A25 - SKODA Kodiaq (JBM Auto),2024-11-06,23.5291,50,INR,KDQ,SKODA Kodiaq,SKODA,Full-size SUV (CKD),4200,0.35,JBM,JBM Auto,domestic,0.14,12,FST,Fasteners,Steel,A,8051,2.251,PO-KDQ-FST-00125-202411-1
KDQ-FST-00125,Fasteners A25 - SKODA Kodiaq (JBM Auto),2024-12-06,24.0829,39,INR,KDQ,SKODA Kodiaq,SKODA,Full-size SUV (CKD),4200,0.35,JBM,JBM Auto,domestic,0.14,12,FST,Fasteners,Steel,A,8051,2.251,PO-KDQ-FST-00125-202412-1
KDQ-FST-00125,Fasteners A25 - SKODA Kodiaq (JBM Auto),2024-12-13,23.9383,11,INR,KDQ,SKODA Kodiaq,SKODA,Full-size SUV (CKD),4200,0.35,JBM,JBM Auto,domestic,0.14,12,FST,Fasteners,Steel,A,8051,2.251,PO-KDQ-FST-00125-202412-2
KDQ-FST-00125,Fasteners A25 - SKODA Kodiaq (JBM Auto),2025-01-06,24.9231,50,INR,KDQ,SKODA Kodiaq,SKODA,Full-size SUV (CKD),4200,0.35,JBM,JBM Auto,domestic,0.14,12,FST,Fasteners,Steel,A,8051,2.251,PO-KDQ-FST-00125-202501-1
KDQ-FST-00125,Fasteners A25 - SKODA Kodiaq (JBM Auto),2025-02-06,25.4011,17,INR,KDQ,SKODA Kodiaq,SKODA,Full-size SUV (CKD),4200,0.35,JBM,JBM Auto,domestic,0.14,12,FST,Fasteners,Steel,A,8051,2.251,PO-KDQ-FST-00125-202502-1
KDQ-FST-00125,Fasteners A25 - SKODA Kodiaq (JBM Auto),2025-02-13,24.9083,13,INR,KDQ,SKODA Kodiaq,SKODA,Full-size SUV (CKD),4200,0.35,JBM,JBM Auto,domestic,0.14,12,FST,Fasteners,Steel,A,8051,2.251,PO-KDQ-FST-00125-202502-2
KDQ-FST-00125,Fasteners A25 - SKODA Kodiaq (JBM Auto),2025-02-20,25.0565,20,INR,KDQ,SKODA Kodiaq,SKODA,Full-size SUV (CKD),4200,0.35,JBM,JBM Auto,domestic,0.14,12,FST,Fasteners,Steel,A,8051,2.251,PO-KDQ-FST-00125-202502-3
KDQ-FST-00125,Fasteners A25 - SKODA Kodiaq (JBM Auto),2025-03-06,24.6292,50,INR,KDQ,SKODA Kodiaq,SKODA,Full-size SUV (CKD),4200,0.35,JBM,JBM Auto,domestic,0.14,12,FST,Fasteners,Steel,A,8051,2.251,PO-KDQ-FST-00125-202503-1
KDQ-FST-00125,Fasteners A25 - SKODA Kodiaq (JBM Auto),2025-04-06,25.4676,24,INR,KDQ,SKODA Kodiaq,SKODA,Full-size SUV (CKD),4200,0.35,JBM,JBM Auto,domestic,0.14,12,FST,Fasteners,Steel,A,8051,2.251,PO-KDQ-FST-00125-202504-1
KDQ-FST-00125,Fasteners A25 - SKODA Kodiaq (JBM Auto),2025-04-13,25.4415,10,INR,KDQ,SKODA Kodiaq,SKODA,Full-size SUV (CKD),4200,0.35,JBM,JBM Auto,domestic,0.14,12,FST,Fasteners,Steel,A,8051,2.251,PO-KDQ-FST-00125-202504-2
KDQ-FST-00125,Fasteners A25 - SKODA Kodiaq (JBM Auto),2025-04-20,25.4537,16,INR,KDQ,SKODA Kodiaq,SKODA,Full-size SUV (CKD),4200,0.35,JBM,JBM Auto,domestic,0.14,12,FST,Fasteners,Steel,A,8051,2.251,PO-KDQ-FST-00125-202504-3
KDQ-FST-00125,Fasteners A25 - SKODA Kodiaq (JBM Auto),2025-05-06,25.9485,35,INR,KDQ,SKODA Kodiaq,SKODA,Full-size SUV (CKD),4200,0.35,JBM,JBM Auto,domestic,0.14,12,FST,Fasteners,Steel,A,8051,2.251,PO-KDQ-FST-00125-202505-1
KDQ-FST-00125,Fasteners A25 - SKODA Kodiaq (JBM Auto),2025-05-13,25.478,15,INR,KDQ,SKODA Kodiaq,SKODA,Full-size SUV (CKD),4200,0.35,JBM,JBM Auto,domestic,0.14,12,FST,Fasteners,Steel,A,8051,2.251,PO-KDQ-FST-00125-202505-2
KDQ-FST-00125,Fasteners A25 - SKODA Kodiaq (JBM Auto),2025-06-06,25.6929,7,INR,KDQ,SKODA Kodiaq,SKODA,Full-size SUV (CKD),4200,0.35,JBM,JBM Auto,domestic,0.14,12,FST,Fasteners,Steel,A,8051,2.251,PO-KDQ-FST-00125-202506-1
KDQ-FST-00125,Fasteners A25 - SKODA Kodiaq (JBM Auto),2025-06-13,25.5902,43,INR,KDQ,SKODA Kodiaq,SKODA,Full-size SUV (CKD),4200,0.35,JBM,JBM Auto,domestic,0.14,12,FST,Fasteners,Steel,A,8051,2.251,PO-KDQ-FST-00125-202506-2
KDQ-FST-00125,Fasteners A25 - SKODA Kodiaq (JBM Auto),2025-07-06,26.1271,22,INR,KDQ,SKODA Kodiaq,SKODA,Full-size SUV (CKD),4200,0.35,JBM,JBM Auto,domestic,0.14,12,FST,Fasteners,Steel,A,8051,2.251,PO-KDQ-FST-00125-202507-1
KDQ-FST-00125,Fasteners A25 - SKODA Kodiaq (JBM Auto),2025-07-13,26.1686,8,INR,KDQ,SKODA Kodiaq,SKODA,Full-size SUV (CKD),4200,0.35,JBM,JBM Auto,domestic,0.14,12,FST,Fasteners,Steel,A,8051,2.251,PO-KDQ-FST-00125-202507-2
KDQ-FST-00125,Fasteners A25 - SKODA Kodiaq (JBM Auto),2025-07-20,26.356,20,INR,KDQ,SKODA Kodiaq,SKODA,Full-size SUV (CKD),4200,0.35,JBM,JBM Auto,domestic,0.14,12,FST,Fasteners,Steel,A,8051,2.251,PO-KDQ-FST-00125-202507-3
KDQ-FST-00125,Fasteners A25 - SKODA Kodiaq (JBM Auto),2025-08-06,26.2965,50,INR,KDQ,SKODA Kodiaq,SKODA,Full-size SUV (CKD),4200,0.35,JBM,JBM Auto,domestic,0.14,12,FST,Fasteners,Steel,A,8051,2.251,PO-KDQ-FST-00125-202508-1
KDQ-FST-00125,Fasteners A25 - SKODA Kodiaq (JBM Auto),2025-09-06,25.5339,25,INR,KDQ,SKODA Kodiaq,SKODA,Full-size SUV (CKD),4200,0.35,JBM,JBM Auto,domestic,0.14,12,FST,Fasteners,Steel,A,8051,2.251,PO-KDQ-FST-00125-202509-1
KDQ-FST-00125,Fasteners A25 - SKODA Kodiaq (JBM Auto),2025-09-13,25.8756,25,INR,KDQ,SKODA Kodiaq,SKODA,Full-size SUV (CKD),4200,0.35,JBM,JBM Auto,domestic,0.14,12,FST,Fasteners,Steel,A,8051,2.251,PO-KDQ-FST-00125-202509-2
KDQ-FST-00125,Fasteners A25 - SKODA Kodiaq (JBM Auto),2025-10-06,26.5592,15,INR,KDQ,SKODA Kodiaq,SKODA,Full-size SUV (CKD),4200,0.35,JBM,JBM Auto,domestic,0.14,12,FST,Fasteners,Steel,A,8051,2.251,PO-KDQ-FST-00125-202510-1
KDQ-FST-00125,Fasteners A25 - SKODA Kodiaq (JBM Auto),2025-10-13,26.7951,17,INR,KDQ,SKODA Kodiaq,SKODA,Full-size SUV (CKD),4200,0.35,JBM,JBM Auto,domestic,0.14,12,FST,Fasteners,Steel,A,8051,2.251,PO-KDQ-FST-00125-202510-2
KDQ-FST-00125,Fasteners A25 - SKODA Kodiaq (JBM Auto),2025-10-20,26.528,18,INR,KDQ,SKODA Kodiaq,SKODA,Full-size SUV (CKD),4200,0.35,JBM,JBM Auto,domestic,0.14,12,FST,Fasteners,Steel,A,8051,2.251,PO-KDQ-FST-00125-202510-3
KDQ-FST-00125,Fasteners A25 - SKODA Kodiaq (JBM Auto),2025-11-06,26.2274,44,INR,KDQ,SKODA Kodiaq,SKODA,Full-size SUV (CKD),4200,0.35,JBM,JBM Auto,domestic,0.14,12,FST,Fasteners,Steel,A,8051,2.251,PO-KDQ-FST-00125-202511-1
KDQ-FST-00125,Fasteners A25 - SKODA Kodiaq (JBM Auto),2025-11-13,26.4195,6,INR,KDQ,SKODA Kodiaq,SKODA,Full-size SUV (CKD),4200,0.35,JBM,JBM Auto,domestic,0.14,12,FST,Fasteners,Steel,A,8051,2.251,PO-KDQ-FST-00125-202511-2
KDQ-FST-00125,Fasteners A25 - SKODA Kodiaq (JBM Auto),2025-12-06,27.4228,11,INR,KDQ,SKODA Kodiaq,SKODA,Full-size SUV (CKD),4200,0.35,JBM,JBM Auto,domestic,0.14,12,FST,Fasteners,Steel,A,8051,2.251,PO-KDQ-FST-00125-202512-1
KDQ-FST-00125,Fasteners A25 - SKODA Kodiaq (JBM Auto),2025-12-13,26.7232,10,INR,KDQ,SKODA Kodiaq,SKODA,Full-size SUV (CKD),4200,0.35,JBM,JBM Auto,domestic,0.14,12,FST,Fasteners,Steel,A,8051,2.251,PO-KDQ-FST-00125-202512-2
KDQ-FST-00125,Fasteners A25 - SKODA Kodiaq (JBM Auto),2025-12-20,26.8355,29,INR,KDQ,SKODA Kodiaq,SKODA,Full-size SUV (CKD),4200,0.35,JBM,JBM Auto,domestic,0.14,12,FST,Fasteners,Steel,A,8051,2.251,PO-KDQ-FST-00125-202512-3
KDQ-FST-00125,Fasteners A25 - SKODA Kodiaq (JBM Auto),2026-01-06,26.4717,13,INR,KDQ,SKODA Kodiaq,SKODA,Full-size SUV (CKD),4200,0.35,JBM,JBM Auto,domestic,0.14,12,FST,Fasteners,Steel,A,8051,2.251,PO-KDQ-FST-00125-202601-1
KDQ-FST-00125,Fasteners A25 - SKODA Kodiaq (JBM Auto),2026-01-13,26.8051,25,INR,KDQ,SKODA Kodiaq,SKODA,Full-size SUV (CKD),4200,0.35,JBM,JBM Auto,domestic,0.14,12,FST,Fasteners,Steel,A,8051,2.251,PO-KDQ-FST-00125-202601-2
KDQ-FST-00125,Fasteners A25 - SKODA Kodiaq (JBM Auto),2026-01-20,26.5199,12,INR,KDQ,SKODA Kodiaq,SKODA,Full-size SUV (CKD),4200,0.35,JBM,JBM Auto,domestic,0.14,12,FST,Fasteners,Steel,A,8051,2.251,PO-KDQ-FST-00125-202601-3
KDQ-FST-00125,Fasteners A25 - SKODA Kodiaq (JBM Auto),2026-02-06,27.8512,46,INR,KDQ,SKODA Kodiaq,SKODA,Full-size SUV (CKD),4200,0.35,JBM,JBM Auto,domestic,0.14,12,FST,Fasteners,Steel,A,8051,2.251,PO-KDQ-FST-00125-202602-1
KDQ-FST-00125,Fasteners A25 - SKODA Kodiaq (JBM Auto),2026-02-13,27.2876,4,INR,KDQ,SKODA Kodiaq,SKODA,Full-size SUV (CKD),4200,0.35,JBM,JBM Auto,domestic,0.14,12,FST,Fasteners,Steel,A,8051,2.251,PO-KDQ-FST-00125-202602-2
KDQ-FST-00125,Fasteners A25 - SKODA Kodiaq (JBM Auto),2026-03-06,27.9761,24,INR,KDQ,SKODA Kodiaq,SKODA,Full-size SUV (CKD),4200,0.35,JBM,JBM Auto,domestic,0.14,12,FST,Fasteners,Steel,A,8051,2.251,PO-KDQ-FST-00125-202603-1
KDQ-FST-00125,Fasteners A25 - SKODA Kodiaq (JBM Auto),2026-03-13,27.3768,26,INR,KDQ,SKODA Kodiaq,SKODA,Full-size SUV (CKD),4200,0.35,JBM,JBM Auto,domestic,0.14,12,FST,Fasteners,Steel,A,8051,2.251,PO-KDQ-FST-00125-202603-2
KDQ-FST-00125,Fasteners A25 - SKODA Kodiaq (JBM Auto),2026-04-06,27.1483,10,INR,KDQ,SKODA Kodiaq,SKODA,Full-size SUV (CKD),4200,0.35,JBM,JBM Auto,domestic,0.14,12,FST,Fasteners,Steel,A,8051,2.251,PO-KDQ-FST-00125-202604-1
KDQ-FST-00125,Fasteners A25 - SKODA Kodiaq (JBM Auto),2026-04-13,27.2095,36,INR,KDQ,SKODA Kodiaq,SKODA,Full-size SUV (CKD),4200,0.35,JBM,JBM Auto,domestic,0.14,12,FST,Fasteners,Steel,A,8051,2.251,PO-KDQ-FST-00125-202604-2
KDQ-FST-00125,Fasteners A25 - SKODA Kodiaq (JBM Auto),2026-04-20,27.0847,5,INR,KDQ,SKODA Kodiaq,SKODA,Full-size SUV (CKD),4200,0.35,JBM,JBM Auto,domestic,0.14,12,FST,Fasteners,Steel,A,8051,2.251,PO-KDQ-FST-00125-202604-3
KDQ-FST-00125,Fasteners A25 - SKODA Kodiaq (JBM Auto),2026-05-06,27.1278,9,INR,KDQ,SKODA Kodiaq,SKODA,Full-size SUV (CKD),4200,0.35,JBM,JBM Auto,domestic,0.14,12,FST,Fasteners,Steel,A,8051,2.251,PO-KDQ-FST-00125-202605-1
KDQ-FST-00125,Fasteners A25 - SKODA Kodiaq (JBM Auto),2026-05-13,27.0376,41,INR,KDQ,SKODA Kodiaq,SKODA,Full-size SUV (CKD),4200,0.35,JBM,JBM Auto,domestic,0.14,12,FST,Fasteners,Steel,A,8051,2.251,PO-KDQ-FST-00125-202605-2
KDQ-FST-00125,Fasteners A25 - SKODA Kodiaq (JBM Auto),2026-06-06,28.1812,10,INR,KDQ,SKODA Kodiaq,SKODA,Full-size SUV (CKD),4200,0.35,JBM,JBM Auto,domestic,0.14,12,FST,Fasteners,Steel,A,8051,2.251,PO-KDQ-FST-00125-202606-1
KDQ-FST-00125,Fasteners A25 - SKODA Kodiaq (JBM Auto),2026-06-13,28.1574,26,INR,KDQ,SKODA Kodiaq,SKODA,Full-size SUV (CKD),4200,0.35,JBM,JBM Auto,domestic,0.14,12,FST,Fasteners,Steel,A,8051,2.251,PO-KDQ-FST-00125-202606-2
KDQ-FST-00125,Fasteners A25 - SKODA Kodiaq (JBM Auto),2026-06-20,28.2709,14,INR,KDQ,SKODA Kodiaq,SKODA,Full-size SUV (CKD),4200,0.35,JBM,JBM Auto,domestic,0.14,12,FST,Fasteners,Steel,A,8051,2.251,PO-KDQ-FST-00125-202606-3
KDQ-BDY-00131,Body Stampings A01 - SKODA Kodiaq (Endurance Technologies),2023-07-06,1199.8246,50,INR,KDQ,SKODA Kodiaq,SKODA,Full-size SUV (CKD),4200,0.35,END,Endurance Technologies,domestic,0.2,3,BDY,Body Stampings,Steel,A,3398,8.887,PO-KDQ-BDY-00131-202307-1
KDQ-BDY-00131,Body Stampings A01 - SKODA Kodiaq (Endurance Technologies),2023-08-06,1245.8121,50,INR,KDQ,SKODA Kodiaq,SKODA,Full-size SUV (CKD),4200,0.35,END,Endurance Technologies,domestic,0.2,3,BDY,Body Stampings,Steel,A,3398,8.887,PO-KDQ-BDY-00131-202308-1
KDQ-BDY-00131,Body Stampings A01 - SKODA Kodiaq (Endurance Technologies),2023-09-06,1197.8918,21,INR,KDQ,SKODA Kodiaq,SKODA,Full-size SUV (CKD),4200,0.35,END,Endurance Technologies,domestic,0.2,3,BDY,Body Stampings,Steel,A,3398,8.887,PO-KDQ-BDY-00131-202309-1
KDQ-BDY-00131,Body Stampings A01 - SKODA Kodiaq (Endurance Technologies),2023-09-13,1199.5909,29,INR,KDQ,SKODA Kodiaq,SKODA,Full-size SUV (CKD),4200,0.35,END,Endurance Technologies,domestic,0.2,3,BDY,Body Stampings,Steel,A,3398,8.887,PO-KDQ-BDY-00131-202309-2
KDQ-BDY-00131,Body Stampings A01 - SKODA Kodiaq (Endurance Technologies),2023-10-06,1192.6256,19,INR,KDQ,SKODA Kodiaq,SKODA,Full-size SUV (CKD),4200,0.35,END,Endurance Technologies,domestic,0.2,3,BDY,Body Stampings,Steel,A,3398,8.887,PO-KDQ-BDY-00131-202310-1
KDQ-BDY-00131,Body Stampings A01 - SKODA Kodiaq (Endurance Technologies),2023-10-13,1220.5452,16,INR,KDQ,SKODA Kodiaq,SKODA,Full-size SUV (CKD),4200,0.35,END,Endurance Technologies,domestic,0.2,3,BDY,Body Stampings,Steel,A,3398,8.887,PO-KDQ-BDY-00131-202310-2
KDQ-BDY-00131,Body Stampings A01 - SKODA Kodiaq (Endurance Technologies),2023-10-20,1224.9364,15,INR,KDQ,SKODA Kodiaq,SKODA,Full-size SUV (CKD),4200,0.35,END,Endurance Technologies,domestic,0.2,3,BDY,Body Stampings,Steel,A,3398,8.887,PO-KDQ-BDY-00131-202310-3
KDQ-BDY-00131,Body Stampings A01 - SKODA Kodiaq (Endurance Technologies),2023-11-06,1239.8269,39,INR,KDQ,SKODA Kodiaq,SKODA,Full-size SUV (CKD),4200,0.35,END,Endurance Technologies,domestic,0.2,3,BDY,Body Stampings,Steel,A,3398,8.887,PO-KDQ-BDY-00131-202311-1
KDQ-BDY-00131,Body Stampings A01 - SKODA Kodiaq (Endurance Technologies),2023-11-13,1246.7056,11,INR,KDQ,SKODA Kodiaq,SKODA,Full-size SUV (CKD),4200,0.35,END,Endurance Technologies,domestic,0.2,3,BDY,Body Stampings,Steel,A,3398,8.887,PO-KDQ-BDY-00131-202311-2
KDQ-BDY-00131,Body Stampings A01 - SKODA Kodiaq (Endurance Technologies),2023-12-06,1210.5815,43,INR,KDQ,SKODA Kodiaq,SKODA,Full-size SUV (CKD),4200,0.35,END,Endurance Technologies,domestic,0.2,3,BDY,Body Stampings,Steel,A,3398,8.887,PO-KDQ-BDY-00131-202312-1
KDQ-BDY-00131,Body Stampings A01 - SKODA Kodiaq (Endurance Technologies),2023-12-13,1225.5516,7,INR,KDQ,SKODA Kodiaq,SKODA,Full-size SUV (CKD),4200,0.35,END,Endurance Technologies,domestic,0.2,3,BDY,Body Stampings,Steel,A,3398,8.887,PO-KDQ-BDY-00131-202312-2
KDQ-BDY-00131,Body Stampings A01 - SKODA Kodiaq (Endurance Technologies),2024-01-06,1201.1764,50,INR,KDQ,SKODA Kodiaq,SKODA,Full-size SUV (CKD),4200,0.35,END,Endurance Technologies,domestic,0.2,3,BDY,Body Stampings,Steel,A,3398,8.887,PO-KDQ-BDY-00131-202401-1
KDQ-BDY-00131,Body Stampings A01 - SKODA Kodiaq (Endurance Technologies),2024-02-06,1185.8731,12,INR,KDQ,SKODA Kodiaq,SKODA,Full-size SUV (CKD),4200,0.35,END,Endurance Technologies,domestic,0.2,3,BDY,Body Stampings,Steel,A,3398,8.887,PO-KDQ-BDY-00131-202402-1
KDQ-BDY-00131,Body Stampings A01 - SKODA Kodiaq (Endurance Technologies),2024-02-13,1188.8677,38,INR,KDQ,SKODA Kodiaq,SKODA,Full-size SUV (CKD),4200,0.35,END,Endurance Technologies,domestic,0.2,3,BDY,Body Stampings,Steel,A,3398,8.887,PO-KDQ-BDY-00131-202402-2
KDQ-BDY-00131,Body Stampings A01 - SKODA Kodiaq (Endurance Technologies),2024-03-06,1233.7306,2,INR,KDQ,SKODA Kodiaq,SKODA,Full-size SUV (CKD),4200,0.35,END,Endurance Technologies,domestic,0.2,3,BDY,Body Stampings,Steel,A,3398,8.887,PO-KDQ-BDY-00131-202403-1
KDQ-BDY-00131,Body Stampings A01 - SKODA Kodiaq (Endurance Technologies),2024-03-13,1226.4749,48,INR,KDQ,SKODA Kodiaq,SKODA,Full-size SUV (CKD),4200,0.35,END,Endurance Technologies,domestic,0.2,3,BDY,Body Stampings,Steel,A,3398,8.887,PO-KDQ-BDY-00131-202403-2
KDQ-BDY-00131,Body Stampings A01 - SKODA Kodiaq (Endurance Technologies),2024-04-06,1215.4182,50,INR,KDQ,SKODA Kodiaq,SKODA,Full-size SUV (CKD),4200,0.35,END,Endurance Technologies,domestic,0.2,3,BDY,Body Stampings,Steel,A,3398,8.887,PO-KDQ-BDY-00131-202404-1
KDQ-BDY-00131,Body Stampings A01 - SKODA Kodiaq (Endurance Technologies),2024-05-06,1254.9957,50,INR,KDQ,SKODA Kodiaq,SKODA,Full-size SUV (CKD),4200,0.35,END,Endurance Technologies,domestic,0.2,3,BDY,Body Stampings,Steel,A,3398,8.887,PO-KDQ-BDY-00131-202405-1
KDQ-BDY-00131,Body Stampings A01 - SKODA Kodiaq (Endurance Technologies),2024-06-06,,50,INR,KDQ,SKODA Kodiaq,SKODA,Full-size SUV (CKD),4200,0.35,END,Endurance Technologies,domestic,0.2,3,BDY,Body Stampings,Steel,A,3398,8.887,PO-KDQ-BDY-00131-202406-1
KDQ-BDY-00131,Body Stampings A01 - SKODA Kodiaq (Endurance Technologies),2024-07-06,1283.1959,3,INR,KDQ,SKODA Kodiaq,SKODA,Full-size SUV (CKD),4200,0.35,END,Endurance Technologies,domestic,0.2,3,BDY,Body Stampings,Steel,A,3398,8.887,PO-KDQ-BDY-00131-202407-1
KDQ-BDY-00131,Body Stampings A01 - SKODA Kodiaq (Endurance Technologies),2024-07-13,1276.5748,46,INR,KDQ,SKODA Kodiaq,SKODA,Full-size SUV (CKD),4200,0.35,END,Endurance Technologies,domestic,0.2,3,BDY,Body Stampings,Steel,A,3398,8.887,PO-KDQ-BDY-00131-202407-2
KDQ-BDY-00131,Body Stampings A01 - SKODA Kodiaq (Endurance Technologies),2024-07-20,1258.3481,1,INR,KDQ,SKODA Kodiaq,SKODA,Full-size SUV (CKD),4200,0.35,END,Endurance Technologies,domestic,0.2,3,BDY,Body Stampings,Steel,A,3398,8.887,PO-KDQ-BDY-00131-202407-3
KDQ-BDY-00131,Body Stampings A01 - SKODA Kodiaq (Endurance Technologies),2024-08-06,1258.1873,50,INR,KDQ,SKODA Kodiaq,SKODA,Full-size SUV (CKD),4200,0.35,END,Endurance Technologies,domestic,0.2,3,BDY,Body Stampings,Steel,A,3398,8.887,PO-KDQ-BDY-00131-202408-1
KDQ-BDY-00131,Body Stampings A01 - SKODA Kodiaq (Endurance Technologies),2024-09-06,1243.4021,15,INR,KDQ,SKODA Kodiaq,SKODA,Full-size SUV (CKD),4200,0.35,END,Endurance Technologies,domestic,0.2,3,BDY,Body Stampings,Steel,A,3398,8.887,PO-KDQ-BDY-00131-202409-1
KDQ-BDY-00131,Body Stampings A01 - SKODA Kodiaq (Endurance Technologies),2024-09-13,1239.7633,35,INR,KDQ,SKODA Kodiaq,SKODA,Full-size SUV (CKD),4200,0.35,END,Endurance Technologies,domestic,0.2,3,BDY,Body Stampings,Steel,A,3398,8.887,PO-KDQ-BDY-00131-202409-2
KDQ-BDY-00131,Body Stampings A01 - SKODA Kodiaq (Endurance Technologies),2024-10-06,1220.0503,50,INR,KDQ,SKODA Kodiaq,SKODA,Full-size SUV (CKD),4200,0.35,END,Endurance Technologies,domestic,0.2,3,BDY,Body Stampings,Steel,A,3398,8.887,PO-KDQ-BDY-00131-202410-1
KDQ-BDY-00131,Body Stampings A01 - SKODA Kodiaq (Endurance Technologies),2024-11-06,1233.6984,3,INR,KDQ,SKODA Kodiaq,SKODA,Full-size SUV (CKD),4200,0.35,END,Endurance Technologies,domestic,0.2,3,BDY,Body Stampings,Steel,A,3398,8.887,PO-KDQ-BDY-00131-202411-1
KDQ-BDY-00131,Body Stampings A01 - SKODA Kodiaq (Endurance Technologies),2024-11-13,1234.9927,42,INR,KDQ,SKODA Kodiaq,SKODA,Full-size SUV (CKD),4200,0.35,END,Endurance Technologies,domestic,0.2,3,BDY,Body Stampings,Steel,A,3398,8.887,PO-KDQ-BDY-00131-202411-2
KDQ-BDY-00131,Body Stampings A01 - SKODA Kodiaq (Endurance Technologies),2024-11-20,1227.3804,6,INR,KDQ,SKODA Kodiaq,SKODA,Full-size SUV (CKD),4200,0.35,END,Endurance Technologies,domestic,0.2,3,BDY,Body Stampings,Steel,A,3398,8.887,PO-KDQ-BDY-00131-202411-3
KDQ-BDY-00131,Body Stampings A01 - SKODA Kodiaq (Endurance Technologies),2024-12-06,1254.4749,50,INR,KDQ,SKODA Kodiaq,SKODA,Full-size SUV (CKD),4200,0.35,END,Endurance Technologies,domestic,0.2,3,BDY,Body Stampings,Steel,A,3398,8.887,PO-KDQ-BDY-00131-202412-1
KDQ-BDY-00131,Body Stampings A01 - SKODA Kodiaq (Endurance Technologies),2025-01-06,1199.331,40,INR,KDQ,SKODA Kodiaq,SKODA,Full-size SUV (CKD),4200,0.35,END,Endurance Technologies,domestic,0.2,3,BDY,Body Stampings,Steel,A,3398,8.887,PO-KDQ-BDY-00131-202501-1
KDQ-BDY-00131,Body Stampings A01 - SKODA Kodiaq (Endurance Technologies),2025-01-13,1204.7069,5,INR,KDQ,SKODA Kodiaq,SKODA,Full-size SUV (CKD),4200,0.35,END,Endurance Technologies,domestic,0.2,3,BDY,Body Stampings,Steel,A,3398,8.887,PO-KDQ-BDY-00131-202501-2
KDQ-BDY-00131,Body Stampings A01 - SKODA Kodiaq (Endurance Technologies),2025-01-20,1184.3943,5,INR,KDQ,SKODA Kodiaq,SKODA,Full-size SUV (CKD),4200,0.35,END,Endurance Technologies,domestic,0.2,3,BDY,Body Stampings,Steel,A,3398,8.887,PO-KDQ-BDY-00131-202501-3
KDQ-BDY-00131,Body Stampings A01 - SKODA Kodiaq (Endurance Technologies),2025-02-06,1266.189,32,INR,KDQ,SKODA Kodiaq,SKODA,Full-size SUV (CKD),4200,0.35,END,Endurance Technologies,domestic,0.2,3,BDY,Body Stampings,Steel,A,3398,8.887,PO-KDQ-BDY-00131-202502-1
KDQ-BDY-00131,Body Stampings A01 - SKODA Kodiaq (Endurance Technologies),2025-02-13,1248.381,18,INR,KDQ,SKODA Kodiaq,SKODA,Full-size SUV (CKD),4200,0.35,END,Endurance Technologies,domestic,0.2,3,BDY,Body Stampings,Steel,A,3398,8.887,PO-KDQ-BDY-00131-202502-2
KDQ-BDY-00131,Body Stampings A01 - SKODA Kodiaq (Endurance Technologies),2025-03-06,1257.7301,50,INR,KDQ,SKODA Kodiaq,SKODA,Full-size SUV (CKD),4200,0.35,END,Endurance Technologies,domestic,0.2,3,BDY,Body Stampings,Steel,A,3398,8.887,PO-KDQ-BDY-00131-202503-1
KDQ-BDY-00131,Body Stampings A01 - SKODA Kodiaq (Endurance Technologies),2025-04-06,1299.3661,32,INR,KDQ,SKODA Kodiaq,SKODA,Full-size SUV (CKD),4200,0.35,END,Endurance Technologies,domestic,0.2,3,BDY,Body Stampings,Steel,A,3398,8.887,PO-KDQ-BDY-00131-202504-1
KDQ-BDY-00131,Body Stampings A01 - SKODA Kodiaq (Endurance Technologies),2025-04-13,1289.2419,17,INR,KDQ,SKODA Kodiaq,SKODA,Full-size SUV (CKD),4200,0.35,END,Endurance Technologies,domestic,0.2,3,BDY,Body Stampings,Steel,A,3398,8.887,PO-KDQ-BDY-00131-202504-2
KDQ-BDY-00131,Body Stampings A01 - SKODA Kodiaq (Endurance Technologies),2025-04-20,1310.1711,1,INR,KDQ,SKODA Kodiaq,SKODA,Full-size SUV (CKD),4200,0.35,END,Endurance Technologies,domestic,0.2,3,BDY,Body Stampings,Steel,A,3398,8.887,PO-KDQ-BDY-00131-202504-3
KDQ-BDY-00131,Body Stampings A01 - SKODA Kodiaq (Endurance Technologies),2025-05-06,1350.4121,50,INR,KDQ,SKODA Kodiaq,SKODA,Full-size SUV (CKD),4200,0.35,END,Endurance Technologies,domestic,0.2,3,BDY,Body Stampings,Steel,A,3398,8.887,PO-KDQ-BDY-00131-202505-1
KDQ-BDY-00131,Body Stampings A01 - SKODA Kodiaq (Endurance Technologies),2025-06-06,1349.2067,50,INR,KDQ,SKODA Kodiaq,SKODA,Full-size SUV (CKD),4200,0.35,END,Endurance Technologies,domestic,0.2,3,BDY,Body Stampings,Steel,A,3398,8.887,PO-KDQ-BDY-00131-202506-1
KDQ-BDY-00131,Body Stampings A01 - SKODA Kodiaq (Endurance Technologies),2025-07-06,1362.6728,13,INR,KDQ,SKODA Kodiaq,SKODA,Full-size SUV (CKD),4200,0.35,END,Endurance Technologies,domestic,0.2,3,BDY,Body Stampings,Steel,A,3398,8.887,PO-KDQ-BDY-00131-202507-1
KDQ-BDY-00131,Body Stampings A01 - SKODA Kodiaq (Endurance Technologies),2025-07-13,1363.9256,37,INR,KDQ,SKODA Kodiaq,SKODA,Full-size SUV (CKD),4200,0.35,END,Endurance Technologies,domestic,0.2,3,BDY,Body Stampings,Steel,A,3398,8.887,PO-KDQ-BDY-00131-202507-2
KDQ-BDY-00131,Body Stampings A01 - SKODA Kodiaq (Endurance Technologies),2025-08-06,1353.8801,50,INR,KDQ,SKODA Kodiaq,SKODA,Full-size SUV (CKD),4200,0.35,END,Endurance Technologies,domestic,0.2,3,BDY,Body Stampings,Steel,A,3398,8.887,PO-KDQ-BDY-00131-202508-1
KDQ-BDY-00131,Body Stampings A01 - SKODA Kodiaq (Endurance Technologies),2025-09-06,1381.5927,50,INR,KDQ,SKODA Kodiaq,SKODA,Full-size SUV (CKD),4200,0.35,END,Endurance Technologies,domestic,0.2,3,BDY,Body Stampings,Steel,A,3398,8.887,PO-KDQ-BDY-00131-202509-1
KDQ-BDY-00131,Body Stampings A01 - SKODA Kodiaq (Endurance Technologies),2025-10-06,1309.0167,7,INR,KDQ,SKODA Kodiaq,SKODA,Full-size SUV (CKD),4200,0.35,END,Endurance Technologies,domestic,0.2,3,BDY,Body Stampings,Steel,A,3398,8.887,PO-KDQ-BDY-00131-202510-1
KDQ-BDY-00131,Body Stampings A01 - SKODA Kodiaq (Endurance Technologies),2025-10-13,1326.2908,2,INR,KDQ,SKODA Kodiaq,SKODA,Full-size SUV (CKD),4200,0.35,END,Endurance Technologies,domestic,0.2,3,BDY,Body Stampings,Steel,A,3398,8.887,PO-KDQ-BDY-00131-202510-2
KDQ-BDY-00131,Body Stampings A01 - SKODA Kodiaq (Endurance Technologies),2025-10-20,1312.1609,41,INR,KDQ,SKODA Kodiaq,SKODA,Full-size SUV (CKD),4200,0.35,END,Endurance Technologies,domestic,0.2,3,BDY,Body Stampings,Steel,A,3398,8.887,PO-KDQ-BDY-00131-202510-3
KDQ-BDY-00131,Body Stampings A01 - SKODA Kodiaq (Endurance Technologies),2025-11-06,1292.3242,4,INR,KDQ,SKODA Kodiaq,SKODA,Full-size SUV (CKD),4200,0.35,END,Endurance Technologies,domestic,0.2,3,BDY,Body Stampings,Steel,A,3398,8.887,PO-KDQ-BDY-00131-202511-1
KDQ-BDY-00131,Body Stampings A01 - SKODA Kodiaq (Endurance Technologies),2025-11-13,1324.3544,46,INR,KDQ,SKODA Kodiaq,SKODA,Full-size SUV (CKD),4200,0.35,END,Endurance Technologies,domestic,0.2,3,BDY,Body Stampings,Steel,A,3398,8.887,PO-KDQ-BDY-00131-202511-2
KDQ-BDY-00131,Body Stampings A01 - SKODA Kodiaq (Endurance Technologies),2025-12-06,1337.2881,22,INR,KDQ,SKODA Kodiaq,SKODA,Full-size SUV (CKD),4200,0.35,END,Endurance Technologies,domestic,0.2,3,BDY,Body Stampings,Steel,A,3398,8.887,PO-KDQ-BDY-00131-202512-1
KDQ-BDY-00131,Body Stampings A01 - SKODA Kodiaq (Endurance Technologies),2025-12-13,1357.6032,16,INR,KDQ,SKODA Kodiaq,SKODA,Full-size SUV (CKD),4200,0.35,END,Endurance Technologies,domestic,0.2,3,BDY,Body Stampings,Steel,A,3398,8.887,PO-KDQ-BDY-00131-202512-2
KDQ-BDY-00131,Body Stampings A01 - SKODA Kodiaq (Endurance Technologies),2025-12-20,1356.16,12,INR,KDQ,SKODA Kodiaq,SKODA,Full-size SUV (CKD),4200,0.35,END,Endurance Technologies,domestic,0.2,3,BDY,Body Stampings,Steel,A,3398,8.887,PO-KDQ-BDY-00131-202512-3
KDQ-BDY-00131,Body Stampings A01 - SKODA Kodiaq (Endurance Technologies),2026-01-06,1355.2001,15,INR,KDQ,SKODA Kodiaq,SKODA,Full-size SUV (CKD),4200,0.35,END,Endurance Technologies,domestic,0.2,3,BDY,Body Stampings,Steel,A,3398,8.887,PO-KDQ-BDY-00131-202601-1
KDQ-BDY-00131,Body Stampings A01 - SKODA Kodiaq (Endurance Technologies),2026-01-13,1326.8327,35,INR,KDQ,SKODA Kodiaq,SKODA,Full-size SUV (CKD),4200,0.35,END,Endurance Technologies,domestic,0.2,3,BDY,Body Stampings,Steel,A,3398,8.887,PO-KDQ-BDY-00131-202601-2
KDQ-BDY-00131,Body Stampings A01 - SKODA Kodiaq (Endurance Technologies),2026-02-06,1392.8989,50,INR,KDQ,SKODA Kodiaq,SKODA,Full-size SUV (CKD),4200,0.35,END,Endurance Technologies,domestic,0.2,3,BDY,Body Stampings,Steel,A,3398,8.887,PO-KDQ-BDY-00131-202602-1
KDQ-BDY-00131,Body Stampings A01 - SKODA Kodiaq (Endurance Technologies),2026-03-06,1384.4841,50,INR,KDQ,SKODA Kodiaq,SKODA,Full-size SUV (CKD),4200,0.35,END,Endurance Technologies,domestic,0.2,3,BDY,Body Stampings,Steel,A,3398,8.887,PO-KDQ-BDY-00131-202603-1
KDQ-BDY-00131,Body Stampings A01 - SKODA Kodiaq (Endurance Technologies),2026-04-06,1427.5473,28,INR,KDQ,SKODA Kodiaq,SKODA,Full-size SUV (CKD),4200,0.35,END,Endurance Technologies,domestic,0.2,3,BDY,Body Stampings,Steel,A,3398,8.887,PO-KDQ-BDY-00131-202604-1
KDQ-BDY-00131,Body Stampings A01 - SKODA Kodiaq (Endurance Technologies),2026-04-13,1448.477,2,INR,KDQ,SKODA Kodiaq,SKODA,Full-size SUV (CKD),4200,0.35,END,Endurance Technologies,domestic,0.2,3,BDY,Body Stampings,Steel,A,3398,8.887,PO-KDQ-BDY-00131-202604-2
KDQ-BDY-00131,Body Stampings A01 - SKODA Kodiaq (Endurance Technologies),2026-04-20,1431.9352,20,INR,KDQ,SKODA Kodiaq,SKODA,Full-size SUV (CKD),4200,0.35,END,Endurance Technologies,domestic,0.2,3,BDY,Body Stampings,Steel,A,3398,8.887,PO-KDQ-BDY-00131-202604-3
KDQ-BDY-00131,Body Stampings A01 - SKODA Kodiaq (Endurance Technologies),2026-05-06,1481.6584,23,INR,KDQ,SKODA Kodiaq,SKODA,Full-size SUV (CKD),4200,0.35,END,Endurance Technologies,domestic,0.2,3,BDY,Body Stampings,Steel,A,3398,8.887,PO-KDQ-BDY-00131-202605-1
KDQ-BDY-00131,Body Stampings A01 - SKODA Kodiaq (Endurance Technologies),2026-05-13,1483.8971,9,INR,KDQ,SKODA Kodiaq,SKODA,Full-size SUV (CKD),4200,0.35,END,Endurance Technologies,domestic,0.2,3,BDY,Body Stampings,Steel,A,3398,8.887,PO-KDQ-BDY-00131-202605-2
KDQ-BDY-00131,Body Stampings A01 - SKODA Kodiaq (Endurance Technologies),2026-05-20,1459.9434,18,INR,KDQ,SKODA Kodiaq,SKODA,Full-size SUV (CKD),4200,0.35,END,Endurance Technologies,domestic,0.2,3,BDY,Body Stampings,Steel,A,3398,8.887,PO-KDQ-BDY-00131-202605-3
KDQ-BDY-00131,Body Stampings A01 - SKODA Kodiaq (Endurance Technologies),2026-06-06,1458.8816,21,INR,KDQ,SKODA Kodiaq,SKODA,Full-size SUV (CKD),4200,0.35,END,Endurance Technologies,domestic,0.2,3,BDY,Body Stampings,Steel,A,3398,8.887,PO-KDQ-BDY-00131-202606-1
KDQ-BDY-00131,Body Stampings A01 - SKODA Kodiaq (Endurance Technologies),2026-06-13,1434.4245,6,INR,KDQ,SKODA Kodiaq,SKODA,Full-size SUV (CKD),4200,0.35,END,Endurance Technologies,domestic,0.2,3,BDY,Body Stampings,Steel,A,3398,8.887,PO-KDQ-BDY-00131-202606-2
KDQ-BDY-00131,Body Stampings A01 - SKODA Kodiaq (Endurance Technologies),2026-06-20,1445.0419,22,INR,KDQ,SKODA Kodiaq,SKODA,Full-size SUV (CKD),4200,0.35,END,Endurance Technologies,domestic,0.2,3,BDY,Body Stampings,Steel,A,3398,8.887,PO-KDQ-BDY-00131-202606-3
KDQ-CHS-00137,Chassis A10 - SKODA Kodiaq (ZF India),2023-07-06,2534.5364,50,INR,KDQ,SKODA Kodiaq,SKODA,Full-size SUV (CKD),4200,0.35,ZFI,ZF India,international,0.55,3,CHS,Chassis,Steel,A,4644,1.56,PO-KDQ-CHS-00137-202307-1
KDQ-CHS-00137,Chassis A10 - SKODA Kodiaq (ZF India),2023-08-06,2526.2787,50,INR,KDQ,SKODA Kodiaq,SKODA,Full-size SUV (CKD),4200,0.35,ZFI,ZF India,international,0.55,3,CHS,Chassis,Steel,A,4644,1.56,PO-KDQ-CHS-00137-202308-1
KDQ-CHS-00137,Chassis A10 - SKODA Kodiaq (ZF India),2023-09-06,2627.9623,50,INR,KDQ,SKODA Kodiaq,SKODA,Full-size SUV (CKD),4200,0.35,ZFI,ZF India,international,0.55,3,CHS,Chassis,Steel,A,4644,1.56,PO-KDQ-CHS-00137-202309-1
KDQ-CHS-00137,Chassis A10 - SKODA Kodiaq (ZF India),2023-10-06,2649.7713,19,INR,KDQ,SKODA Kodiaq,SKODA,Full-size SUV (CKD),4200,0.35,ZFI,ZF India,international,0.55,3,CHS,Chassis,Steel,A,4644,1.56,PO-KDQ-CHS-00137-202310-1
KDQ-CHS-00137,Chassis A10 - SKODA Kodiaq (ZF India),2023-10-13,2648.2663,22,INR,KDQ,SKODA Kodiaq,SKODA,Full-size SUV (CKD),4200,0.35,ZFI,ZF India,international,0.55,3,CHS,Chassis,Steel,A,4644,1.56,PO-KDQ-CHS-00137-202310-2
KDQ-CHS-00137,Chassis A10 - SKODA Kodiaq (ZF India),2023-10-20,2657.0034,9,INR,KDQ,SKODA Kodiaq,SKODA,Full-size SUV (CKD),4200,0.35,ZFI,ZF India,international,0.55,3,CHS,Chassis,Steel,A,4644,1.56,PO-KDQ-CHS-00137-202310-3
KDQ-CHS-00137,Chassis A10 - SKODA Kodiaq (ZF India),2023-11-06,2729.7165,12,INR,KDQ,SKODA Kodiaq,SKODA,Full-size SUV (CKD),4200,0.35,ZFI,ZF India,international,0.55,3,CHS,Chassis,Steel,A,4644,1.56,PO-KDQ-CHS-00137-202311-1
KDQ-CHS-00137,Chassis A10 - SKODA Kodiaq (ZF India),2023-11-13,2759.3166,31,INR,KDQ,SKODA Kodiaq,SKODA,Full-size SUV (CKD),4200,0.35,ZFI,ZF India,international,0.55,3,CHS,Chassis,Steel,A,4644,1.56,PO-KDQ-CHS-00137-202311-2
KDQ-CHS-00137,Chassis A10 - SKODA Kodiaq (ZF India),2023-11-20,2735.6329,6,INR,KDQ,SKODA Kodiaq,SKODA,Full-size SUV (CKD),4200,0.35,ZFI,ZF India,international,0.55,3,CHS,Chassis,Steel,A,4644,1.56,PO-KDQ-CHS-00137-202311-3
KDQ-CHS-00137,Chassis A10 - SKODA Kodiaq (ZF India),2023-12-06,2802.3659,4,INR,KDQ,SKODA Kodiaq,SKODA,Full-size SUV (CKD),4200,0.35,ZFI,ZF India,international,0.55,3,CHS,Chassis,Steel,A,4644,1.56,PO-KDQ-CHS-00137-202312-1
KDQ-CHS-00137,Chassis A10 - SKODA Kodiaq (ZF India),2023-12-13,2796.0204,46,INR,KDQ,SKODA Kodiaq,SKODA,Full-size SUV (CKD),4200,0.35,ZFI,ZF India,international,0.55,3,CHS,Chassis,Steel,A,4644,1.56,PO-KDQ-CHS-00137-202312-2
KDQ-CHS-00137,Chassis A10 - SKODA Kodiaq (ZF India),2024-01-06,2746.2115,50,INR,KDQ,SKODA Kodiaq,SKODA,Full-size SUV (CKD),4200,0.35,ZFI,ZF India,international,0.55,3,CHS,Chassis,Steel,A,4644,1.56,PO-KDQ-CHS-00137-202401-1
KDQ-CHS-00137,Chassis A10 - SKODA Kodiaq (ZF India),2024-02-06,2804.1991,21,INR,KDQ,SKODA Kodiaq,SKODA,Full-size SUV (CKD),4200,0.35,ZFI,ZF India,international,0.55,3,CHS,Chassis,Steel,A,4644,1.56,PO-KDQ-CHS-00137-202402-1
KDQ-CHS-00137,Chassis A10 - SKODA Kodiaq (ZF India),2024-02-13,2843.9118,29,INR,KDQ,SKODA Kodiaq,SKODA,Full-size SUV (CKD),4200,0.35,ZFI,ZF India,international,0.55,3,CHS,Chassis,Steel,A,4644,1.56,PO-KDQ-CHS-00137-202402-2
KDQ-CHS-00137,Chassis A10 - SKODA Kodiaq (ZF India),2024-03-06,2735.8129,1,INR,KDQ,SKODA Kodiaq,SKODA,Full-size SUV (CKD),4200,0.35,ZFI,ZF India,international,0.55,3,CHS,Chassis,Steel,A,4644,1.56,PO-KDQ-CHS-00137-202403-1
KDQ-CHS-00137,Chassis A10 - SKODA Kodiaq (ZF India),2024-03-13,2733.8891,28,INR,KDQ,SKODA Kodiaq,SKODA,Full-size SUV (CKD),4200,0.35,ZFI,ZF India,international,0.55,3,CHS,Chassis,Steel,A,4644,1.56,PO-KDQ-CHS-00137-202403-2
KDQ-CHS-00137,Chassis A10 - SKODA Kodiaq (ZF India),2024-03-20,2725.2628,21,INR,KDQ,SKODA Kodiaq,SKODA,Full-size SUV (CKD),4200,0.35,ZFI,ZF India,international,0.55,3,CHS,Chassis,Steel,A,4644,1.56,PO-KDQ-CHS-00137-202403-3
KDQ-CHS-00137,Chassis A10 - SKODA Kodiaq (ZF India),2024-04-06,2785.9797,22,INR,KDQ,SKODA Kodiaq,SKODA,Full-size SUV (CKD),4200,0.35,ZFI,ZF India,international,0.55,3,CHS,Chassis,Steel,A,4644,1.56,PO-KDQ-CHS-00137-202404-1
KDQ-CHS-00137,Chassis A10 - SKODA Kodiaq (ZF India),2024-04-13,2781.9339,18,INR,KDQ,SKODA Kodiaq,SKODA,Full-size SUV (CKD),4200,0.35,ZFI,ZF India,international,0.55,3,CHS,Chassis,Steel,A,4644,1.56,PO-KDQ-CHS-00137-202404-2
KDQ-CHS-00137,Chassis A10 - SKODA Kodiaq (ZF India),2024-04-20,2745.1386,10,INR,KDQ,SKODA Kodiaq,SKODA,Full-size SUV (CKD),4200,0.35,ZFI,ZF India,international,0.55,3,CHS,Chassis,Steel,A,4644,1.56,PO-KDQ-CHS-00137-202404-3
KDQ-CHS-00137,Chassis A10 - SKODA Kodiaq (ZF India),2024-05-06,2710.445,50,INR,KDQ,SKODA Kodiaq,SKODA,Full-size SUV (CKD),4200,0.35,ZFI,ZF India,international,0.55,3,CHS,Chassis,Steel,A,4644,1.56,PO-KDQ-CHS-00137-202405-1
KDQ-CHS-00137,Chassis A10 - SKODA Kodiaq (ZF India),2024-06-06,2711.9871,9,INR,KDQ,SKODA Kodiaq,SKODA,Full-size SUV (CKD),4200,0.35,ZFI,ZF India,international,0.55,3,CHS,Chassis,Steel,A,4644,1.56,PO-KDQ-CHS-00137-202406-1
KDQ-CHS-00137,Chassis A10 - SKODA Kodiaq (ZF India),2024-06-13,2688.0628,9,INR,KDQ,SKODA Kodiaq,SKODA,Full-size SUV (CKD),4200,0.35,ZFI,ZF India,international,0.55,3,CHS,Chassis,Steel,A,4644,1.56,PO-KDQ-CHS-00137-202406-2
KDQ-CHS-00137,Chassis A10 - SKODA Kodiaq (ZF India),2024-06-20,2673.7519,31,INR,KDQ,SKODA Kodiaq,SKODA,Full-size SUV (CKD),4200,0.35,ZFI,ZF India,international,0.55,3,CHS,Chassis,Steel,A,4644,1.56,PO-KDQ-CHS-00137-202406-3
KDQ-CHS-00137,Chassis A10 - SKODA Kodiaq (ZF India),2024-07-06,2731.9578,2,INR,KDQ,SKODA Kodiaq,SKODA,Full-size SUV (CKD),4200,0.35,ZFI,ZF India,international,0.55,3,CHS,Chassis,Steel,A,4644,1.56,PO-KDQ-CHS-00137-202407-1
KDQ-CHS-00137,Chassis A10 - SKODA Kodiaq (ZF India),2024-07-13,2729.6682,41,INR,KDQ,SKODA Kodiaq,SKODA,Full-size SUV (CKD),4200,0.35,ZFI,ZF India,international,0.55,3,CHS,Chassis,Steel,A,4644,1.56,PO-KDQ-CHS-00137-202407-2
KDQ-CHS-00137,Chassis A10 - SKODA Kodiaq (ZF India),2024-07-20,2719.6194,7,INR,KDQ,SKODA Kodiaq,SKODA,Full-size SUV (CKD),4200,0.35,ZFI,ZF India,international,0.55,3,CHS,Chassis,Steel,A,4644,1.56,PO-KDQ-CHS-00137-202407-3
KDQ-CHS-00137,Chassis A10 - SKODA Kodiaq (ZF India),2024-08-06,2715.9939,26,INR,KDQ,SKODA Kodiaq,SKODA,Full-size SUV (CKD),4200,0.35,ZFI,ZF India,international,0.55,3,CHS,Chassis,Steel,A,4644,1.56,PO-KDQ-CHS-00137-202408-1
KDQ-CHS-00137,Chassis A10 - SKODA Kodiaq (ZF India),2024-08-13,2712.9557,16,INR,KDQ,SKODA Kodiaq,SKODA,Full-size SUV (CKD),4200,0.35,ZFI,ZF India,international,0.55,3,CHS,Chassis,Steel,A,4644,1.56,PO-KDQ-CHS-00137-202408-2
KDQ-CHS-00137,Chassis A10 - SKODA Kodiaq (ZF India),2024-08-20,2757.692,8,INR,KDQ,SKODA Kodiaq,SKODA,Full-size SUV (CKD),4200,0.35,ZFI,ZF India,international,0.55,3,CHS,Chassis,Steel,A,4644,1.56,PO-KDQ-CHS-00137-202408-3
KDQ-CHS-00137,Chassis A10 - SKODA Kodiaq (ZF India),2024-09-06,2813.6122,7,INR,KDQ,SKODA Kodiaq,SKODA,Full-size SUV (CKD),4200,0.35,ZFI,ZF India,international,0.55,3,CHS,Chassis,Steel,A,4644,1.56,PO-KDQ-CHS-00137-202409-1
KDQ-CHS-00137,Chassis A10 - SKODA Kodiaq (ZF India),2024-09-13,2773.4776,43,INR,KDQ,SKODA Kodiaq,SKODA,Full-size SUV (CKD),4200,0.35,ZFI,ZF India,international,0.55,3,CHS,Chassis,Steel,A,4644,1.56,PO-KDQ-CHS-00137-202409-2
KDQ-CHS-00137,Chassis A10 - SKODA Kodiaq (ZF India),2024-10-06,2791.2874,27,INR,KDQ,SKODA Kodiaq,SKODA,Full-size SUV (CKD),4200,0.35,ZFI,ZF India,international,0.55,3,CHS,Chassis,Steel,A,4644,1.56,PO-KDQ-CHS-00137-202410-1
KDQ-CHS-00137,Chassis A10 - SKODA Kodiaq (ZF India),2024-10-13,2764.6615,4,INR,KDQ,SKODA Kodiaq,SKODA,Full-size SUV (CKD),4200,0.35,ZFI,ZF India,international,0.55,3,CHS,Chassis,Steel,A,4644,1.56,PO-KDQ-CHS-00137-202410-2
KDQ-CHS-00137,Chassis A10 - SKODA Kodiaq (ZF India),2024-10-20,2797.053,19,INR,KDQ,SKODA Kodiaq,SKODA,Full-size SUV (CKD),4200,0.35,ZFI,ZF India,international,0.55,3,CHS,Chassis,Steel,A,4644,1.56,PO-KDQ-CHS-00137-202410-3
KDQ-CHS-00137,Chassis A10 - SKODA Kodiaq (ZF India),2024-11-06,2787.4312,31,INR,KDQ,SKODA Kodiaq,SKODA,Full-size SUV (CKD),4200,0.35,ZFI,ZF India,international,0.55,3,CHS,Chassis,Steel,A,4644,1.56,PO-KDQ-CHS-00137-202411-1
KDQ-CHS-00137,Chassis A10 - SKODA Kodiaq (ZF India),2024-11-13,2815.3012,19,INR,KDQ,SKODA Kodiaq,SKODA,Full-size SUV (CKD),4200,0.35,ZFI,ZF India,international,0.55,3,CHS,Chassis,Steel,A,4644,1.56,PO-KDQ-CHS-00137-202411-2
KDQ-CHS-00137,Chassis A10 - SKODA Kodiaq (ZF India),2024-12-06,2838.8604,16,INR,KDQ,SKODA Kodiaq,SKODA,Full-size SUV (CKD),4200,0.35,ZFI,ZF India,international,0.55,3,CHS,Chassis,Steel,A,4644,1.56,PO-KDQ-CHS-00137-202412-1
KDQ-CHS-00137,Chassis A10 - SKODA Kodiaq (ZF India),2024-12-13,2835.1888,4,INR,KDQ,SKODA Kodiaq,SKODA,Full-size SUV (CKD),4200,0.35,ZFI,ZF India,international,0.55,3,CHS,Chassis,Steel,A,4644,1.56,PO-KDQ-CHS-00137-202412-2
KDQ-CHS-00137,Chassis A10 - SKODA Kodiaq (ZF India),2024-12-20,2826.2501,30,INR,KDQ,SKODA Kodiaq,SKODA,Full-size SUV (CKD),4200,0.35,ZFI,ZF India,international,0.55,3,CHS,Chassis,Steel,A,4644,1.56,PO-KDQ-CHS-00137-202412-3
KDQ-CHS-00137,Chassis A10 - SKODA Kodiaq (ZF India),2025-01-06,2904.7644,5,INR,KDQ,SKODA Kodiaq,SKODA,Full-size SUV (CKD),4200,0.35,ZFI,ZF India,international,0.55,3,CHS,Chassis,Steel,A,4644,1.56,PO-KDQ-CHS-00137-202501-1
KDQ-CHS-00137,Chassis A10 - SKODA Kodiaq (ZF India),2025-01-13,2943.8715,45,INR,KDQ,SKODA Kodiaq,SKODA,Full-size SUV (CKD),4200,0.35,ZFI,ZF India,international,0.55,3,CHS,Chassis,Steel,A,4644,1.56,PO-KDQ-CHS-00137-202501-2
KDQ-CHS-00137,Chassis A10 - SKODA Kodiaq (ZF India),2025-02-06,,47,INR,KDQ,SKODA Kodiaq,SKODA,Full-size SUV (CKD),4200,0.35,ZFI,ZF India,international,0.55,3,CHS,Chassis,Steel,A,4644,1.56,PO-KDQ-CHS-00137-202502-1
KDQ-CHS-00137,Chassis A10 - SKODA Kodiaq (ZF India),2025-02-13,,3,INR,KDQ,SKODA Kodiaq,SKODA,Full-size SUV (CKD),4200,0.35,ZFI,ZF India,international,0.55,3,CHS,Chassis,Steel,A,4644,1.56,PO-KDQ-CHS-00137-202502-2
KDQ-CHS-00137,Chassis A10 - SKODA Kodiaq (ZF India),2025-03-06,2880.4635,50,INR,KDQ,SKODA Kodiaq,SKODA,Full-size SUV (CKD),4200,0.35,ZFI,ZF India,international,0.55,3,CHS,Chassis,Steel,A,4644,1.56,PO-KDQ-CHS-00137-202503-1
KDQ-CHS-00137,Chassis A10 - SKODA Kodiaq (ZF India),2025-04-06,2948.178,47,INR,KDQ,SKODA Kodiaq,SKODA,Full-size SUV (CKD),4200,0.35,ZFI,ZF India,international,0.55,3,CHS,Chassis,Steel,A,4644,1.56,PO-KDQ-CHS-00137-202504-1
KDQ-CHS-00137,Chassis A10 - SKODA Kodiaq (ZF India),2025-04-13,2931.9836,3,INR,KDQ,SKODA Kodiaq,SKODA,Full-size SUV (CKD),4200,0.35,ZFI,ZF India,international,0.55,3,CHS,Chassis,Steel,A,4644,1.56,PO-KDQ-CHS-00137-202504-2
KDQ-CHS-00137,Chassis A10 - SKODA Kodiaq (ZF India),2025-05-06,2835.4669,42,INR,KDQ,SKODA Kodiaq,SKODA,Full-size SUV (CKD),4200,0.35,ZFI,ZF India,international,0.55,3,CHS,Chassis,Steel,A,4644,1.56,PO-KDQ-CHS-00137-202505-1
KDQ-CHS-00137,Chassis A10 - SKODA Kodiaq (ZF India),2025-05-13,2832.1465,1,INR,KDQ,SKODA Kodiaq,SKODA,Full-size SUV (CKD),4200,0.35,ZFI,ZF India,international,0.55,3,CHS,Chassis,Steel,A,4644,1.56,PO-KDQ-CHS-00137-202505-2
KDQ-CHS-00137,Chassis A10 - SKODA Kodiaq (ZF India),2025-05-20,2807.9558,7,INR,KDQ,SKODA Kodiaq,SKODA,Full-size SUV (CKD),4200,0.35,ZFI,ZF India,international,0.55,3,CHS,Chassis,Steel,A,4644,1.56,PO-KDQ-CHS-00137-202505-3
KDQ-CHS-00137,Chassis A10 - SKODA Kodiaq (ZF India),2025-06-06,2848.6168,50,INR,KDQ,SKODA Kodiaq,SKODA,Full-size SUV (CKD),4200,0.35,ZFI,ZF India,international,0.55,3,CHS,Chassis,Steel,A,4644,1.56,PO-KDQ-CHS-00137-202506-1
KDQ-CHS-00137,Chassis A10 - SKODA Kodiaq (ZF India),2025-07-06,2795.8718,25,INR,KDQ,SKODA Kodiaq,SKODA,Full-size SUV (CKD),4200,0.35,ZFI,ZF India,international,0.55,3,CHS,Chassis,Steel,A,4644,1.56,PO-KDQ-CHS-00137-202507-1
KDQ-CHS-00137,Chassis A10 - SKODA Kodiaq (ZF India),2025-07-13,2746.4674,6,INR,KDQ,SKODA Kodiaq,SKODA,Full-size SUV (CKD),4200,0.35,ZFI,ZF India,international,0.55,3,CHS,Chassis,Steel,A,4644,1.56,PO-KDQ-CHS-00137-202507-2
KDQ-CHS-00137,Chassis A10 - SKODA Kodiaq (ZF India),2025-07-20,2774.2102,18,INR,KDQ,SKODA Kodiaq,SKODA,Full-size SUV (CKD),4200,0.35,ZFI,ZF India,international,0.55,3,CHS,Chassis,Steel,A,4644,1.56,PO-KDQ-CHS-00137-202507-3
KDQ-CHS-00137,Chassis A10 - SKODA Kodiaq (ZF India),2025-08-06,2859.7779,50,INR,KDQ,SKODA Kodiaq,SKODA,Full-size SUV (CKD),4200,0.35,ZFI,ZF India,international,0.55,3,CHS,Chassis,Steel,A,4644,1.56,PO-KDQ-CHS-00137-202508-1
KDQ-CHS-00137,Chassis A10 - SKODA Kodiaq (ZF India),2025-09-06,2993.9899,50,INR,KDQ,SKODA Kodiaq,SKODA,Full-size SUV (CKD),4200,0.35,ZFI,ZF India,international,0.55,3,CHS,Chassis,Steel,A,4644,1.56,PO-KDQ-CHS-00137-202509-1
KDQ-CHS-00137,Chassis A10 - SKODA Kodiaq (ZF India),2025-10-06,2903.1253,50,INR,KDQ,SKODA Kodiaq,SKODA,Full-size SUV (CKD),4200,0.35,ZFI,ZF India,international,0.55,3,CHS,Chassis,Steel,A,4644,1.56,PO-KDQ-CHS-00137-202510-1
KDQ-CHS-00137,Chassis A10 - SKODA Kodiaq (ZF India),2025-11-06,2948.7432,4,INR,KDQ,SKODA Kodiaq,SKODA,Full-size SUV (CKD),4200,0.35,ZFI,ZF India,international,0.55,3,CHS,Chassis,Steel,A,4644,1.56,PO-KDQ-CHS-00137-202511-1
KDQ-CHS-00137,Chassis A10 - SKODA Kodiaq (ZF India),2025-11-13,2937.0653,24,INR,KDQ,SKODA Kodiaq,SKODA,Full-size SUV (CKD),4200,0.35,ZFI,ZF India,international,0.55,3,CHS,Chassis,Steel,A,4644,1.56,PO-KDQ-CHS-00137-202511-2
KDQ-CHS-00137,Chassis A10 - SKODA Kodiaq (ZF India),2025-11-20,2953.1878,22,INR,KDQ,SKODA Kodiaq,SKODA,Full-size SUV (CKD),4200,0.35,ZFI,ZF India,international,0.55,3,CHS,Chassis,Steel,A,4644,1.56,PO-KDQ-CHS-00137-202511-3
KDQ-CHS-00137,Chassis A10 - SKODA Kodiaq (ZF India),2025-12-06,3064.6726,16,INR,KDQ,SKODA Kodiaq,SKODA,Full-size SUV (CKD),4200,0.35,ZFI,ZF India,international,0.55,3,CHS,Chassis,Steel,A,4644,1.56,PO-KDQ-CHS-00137-202512-1
KDQ-CHS-00137,Chassis A10 - SKODA Kodiaq (ZF India),2025-12-13,3023.8816,34,INR,KDQ,SKODA Kodiaq,SKODA,Full-size SUV (CKD),4200,0.35,ZFI,ZF India,international,0.55,3,CHS,Chassis,Steel,A,4644,1.56,PO-KDQ-CHS-00137-202512-2
KDQ-CHS-00137,Chassis A10 - SKODA Kodiaq (ZF India),2026-01-06,2949.6322,10,INR,KDQ,SKODA Kodiaq,SKODA,Full-size SUV (CKD),4200,0.35,ZFI,ZF India,international,0.55,3,CHS,Chassis,Steel,A,4644,1.56,PO-KDQ-CHS-00137-202601-1
KDQ-CHS-00137,Chassis A10 - SKODA Kodiaq (ZF India),2026-01-13,2924.971,40,INR,KDQ,SKODA Kodiaq,SKODA,Full-size SUV (CKD),4200,0.35,ZFI,ZF India,international,0.55,3,CHS,Chassis,Steel,A,4644,1.56,PO-KDQ-CHS-00137-202601-2
KDQ-CHS-00137,Chassis A10 - SKODA Kodiaq (ZF India),2026-02-06,3032.701,50,INR,KDQ,SKODA Kodiaq,SKODA,Full-size SUV (CKD),4200,0.35,ZFI,ZF India,international,0.55,3,CHS,Chassis,Steel,A,4644,1.56,PO-KDQ-CHS-00137-202602-1
KDQ-CHS-00137,Chassis A10 - SKODA Kodiaq (ZF India),2026-03-06,3115.5716,22,INR,KDQ,SKODA Kodiaq,SKODA,Full-size SUV (CKD),4200,0.35,ZFI,ZF India,international,0.55,3,CHS,Chassis,Steel,A,4644,1.56,PO-KDQ-CHS-00137-202603-1
KDQ-CHS-00137,Chassis A10 - SKODA Kodiaq (ZF India),2026-03-13,3118.2026,28,INR,KDQ,SKODA Kodiaq,SKODA,Full-size SUV (CKD),4200,0.35,ZFI,ZF India,international,0.55,3,CHS,Chassis,Steel,A,4644,1.56,PO-KDQ-CHS-00137-202603-2
KDQ-CHS-00137,Chassis A10 - SKODA Kodiaq (ZF India),2026-04-06,2946.6669,8,INR,KDQ,SKODA Kodiaq,SKODA,Full-size SUV (CKD),4200,0.35,ZFI,ZF India,international,0.55,3,CHS,Chassis,Steel,A,4644,1.56,PO-KDQ-CHS-00137-202604-1
KDQ-CHS-00137,Chassis A10 - SKODA Kodiaq (ZF India),2026-04-13,2954.2711,5,INR,KDQ,SKODA Kodiaq,SKODA,Full-size SUV (CKD),4200,0.35,ZFI,ZF India,international,0.55,3,CHS,Chassis,Steel,A,4644,1.56,PO-KDQ-CHS-00137-202604-2
KDQ-CHS-00137,Chassis A10 - SKODA Kodiaq (ZF India),2026-04-20,2955.3302,37,INR,KDQ,SKODA Kodiaq,SKODA,Full-size SUV (CKD),4200,0.35,ZFI,ZF India,international,0.55,3,CHS,Chassis,Steel,A,4644,1.56,PO-KDQ-CHS-00137-202604-3
KDQ-CHS-00137,Chassis A10 - SKODA Kodiaq (ZF India),2026-05-06,2929.2057,15,INR,KDQ,SKODA Kodiaq,SKODA,Full-size SUV (CKD),4200,0.35,ZFI,ZF India,international,0.55,3,CHS,Chassis,Steel,A,4644,1.56,PO-KDQ-CHS-00137-202605-1
KDQ-CHS-00137,Chassis A10 - SKODA Kodiaq (ZF India),2026-05-13,2949.8861,27,INR,KDQ,SKODA Kodiaq,SKODA,Full-size SUV (CKD),4200,0.35,ZFI,ZF India,international,0.55,3,CHS,Chassis,Steel,A,4644,1.56,PO-KDQ-CHS-00137-202605-2
KDQ-CHS-00137,Chassis A10 - SKODA Kodiaq (ZF India),2026-05-20,2947.6292,8,INR,KDQ,SKODA Kodiaq,SKODA,Full-size SUV (CKD),4200,0.35,ZFI,ZF India,international,0.55,3,CHS,Chassis,Steel,A,4644,1.56,PO-KDQ-CHS-00137-202605-3
KDQ-CHS-00137,Chassis A10 - SKODA Kodiaq (ZF India),2026-06-06,3084.4752,5,INR,KDQ,SKODA Kodiaq,SKODA,Full-size SUV (CKD),4200,0.35,ZFI,ZF India,international,0.55,3,CHS,Chassis,Steel,A,4644,1.56,PO-KDQ-CHS-00137-202606-1
KDQ-CHS-00137,Chassis A10 - SKODA Kodiaq (ZF India),2026-06-13,3100.3664,23,INR,KDQ,SKODA Kodiaq,SKODA,Full-size SUV (CKD),4200,0.35,ZFI,ZF India,international,0.55,3,CHS,Chassis,Steel,A,4644,1.56,PO-KDQ-CHS-00137-202606-2
KDQ-CHS-00137,Chassis A10 - SKODA Kodiaq (ZF India),2026-06-20,3076.5001,23,INR,KDQ,SKODA Kodiaq,SKODA,Full-size SUV (CKD),4200,0.35,ZFI,ZF India,international,0.55,3,CHS,Chassis,Steel,A,4644,1.56,PO-KDQ-CHS-00137-202606-3
KDQ-BRK-00149,Braking A22 - SKODA Kodiaq (Bosch India),2023-07-06,3778.2593,5,INR,KDQ,SKODA Kodiaq,SKODA,Full-size SUV (CKD),4200,0.35,BSH,Bosch India,international,0.62,3,BRK,Braking,Cast iron,A,4694,12.045,PO-KDQ-BRK-00149-202307-1
KDQ-BRK-00149,Braking A22 - SKODA Kodiaq (Bosch India),2023-07-13,3796.2796,43,INR,KDQ,SKODA Kodiaq,SKODA,Full-size SUV (CKD),4200,0.35,BSH,Bosch India,international,0.62,3,BRK,Braking,Cast iron,A,4694,12.045,PO-KDQ-BRK-00149-202307-2
KDQ-BRK-00149,Braking A22 - SKODA Kodiaq (Bosch India),2023-07-20,3780.3758,2,INR,KDQ,SKODA Kodiaq,SKODA,Full-size SUV (CKD),4200,0.35,BSH,Bosch India,international,0.62,3,BRK,Braking,Cast iron,A,4694,12.045,PO-KDQ-BRK-00149-202307-3
KDQ-BRK-00149,Braking A22 - SKODA Kodiaq (Bosch India),2023-08-06,3979.3277,21,INR,KDQ,SKODA Kodiaq,SKODA,Full-size SUV (CKD),4200,0.35,BSH,Bosch India,international,0.62,3,BRK,Braking,Cast iron,A,4694,12.045,PO-KDQ-BRK-00149-202308-1
KDQ-BRK-00149,Braking A22 - SKODA Kodiaq (Bosch India),2023-08-13,3907.3547,11,INR,KDQ,SKODA Kodiaq,SKODA,Full-size SUV (CKD),4200,0.35,BSH,Bosch India,international,0.62,3,BRK,Braking,Cast iron,A,4694,12.045,PO-KDQ-BRK-00149-202308-2
KDQ-BRK-00149,Braking A22 - SKODA Kodiaq (Bosch India),2023-08-20,3872.6506,18,INR,KDQ,SKODA Kodiaq,SKODA,Full-size SUV (CKD),4200,0.35,BSH,Bosch India,international,0.62,3,BRK,Braking,Cast iron,A,4694,12.045,PO-KDQ-BRK-00149-202308-3
KDQ-BRK-00149,Braking A22 - SKODA Kodiaq (Bosch India),2023-09-06,3954.6501,50,INR,KDQ,SKODA Kodiaq,SKODA,Full-size SUV (CKD),4200,0.35,BSH,Bosch India,international,0.62,3,BRK,Braking,Cast iron,A,4694,12.045,PO-KDQ-BRK-00149-202309-1
KDQ-BRK-00149,Braking A22 - SKODA Kodiaq (Bosch India),2023-10-06,3802.6806,50,INR,KDQ,SKODA Kodiaq,SKODA,Full-size SUV (CKD),4200,0.35,BSH,Bosch India,international,0.62,3,BRK,Braking,Cast iron,A,4694,12.045,PO-KDQ-BRK-00149-202310-1
KDQ-BRK-00149,Braking A22 - SKODA Kodiaq (Bosch India),2023-11-06,3940.4952,50,INR,KDQ,SKODA Kodiaq,SKODA,Full-size SUV (CKD),4200,0.35,BSH,Bosch India,international,0.62,3,BRK,Braking,Cast iron,A,4694,12.045,PO-KDQ-BRK-00149-202311-1
KDQ-BRK-00149,Braking A22 - SKODA Kodiaq (Bosch India),2023-12-06,3955.8957,50,INR,KDQ,SKODA Kodiaq,SKODA,Full-size SUV (CKD),4200,0.35,BSH,Bosch India,international,0.62,3,BRK,Braking,Cast iron,A,4694,12.045,PO-KDQ-BRK-00149-202312-1
KDQ-BRK-00149,Braking A22 - SKODA Kodiaq (Bosch India),2024-01-06,3778.7308,50,INR,KDQ,SKODA Kodiaq,SKODA,Full-size SUV (CKD),4200,0.35,BSH,Bosch India,international,0.62,3,BRK,Braking,Cast iron,A,4694,12.045,PO-KDQ-BRK-00149-202401-1
KDQ-BRK-00149,Braking A22 - SKODA Kodiaq (Bosch India),2024-02-06,3655.218,50,INR,KDQ,SKODA Kodiaq,SKODA,Full-size SUV (CKD),4200,0.35,BSH,Bosch India,international,0.62,3,BRK,Braking,Cast iron,A,4694,12.045,PO-KDQ-BRK-00149-202402-1
KDQ-BRK-00149,Braking A22 - SKODA Kodiaq (Bosch India),2024-03-06,3727.5738,10,INR,KDQ,SKODA Kodiaq,SKODA,Full-size SUV (CKD),4200,0.35,BSH,Bosch India,international,0.62,3,BRK,Braking,Cast iron,A,4694,12.045,PO-KDQ-BRK-00149-202403-1
KDQ-BRK-00149,Braking A22 - SKODA Kodiaq (Bosch India),2024-03-13,3726.7303,40,INR,KDQ,SKODA Kodiaq,SKODA,Full-size SUV (CKD),4200,0.35,BSH,Bosch India,international,0.62,3,BRK,Braking,Cast iron,A,4694,12.045,PO-KDQ-BRK-00149-202403-2
KDQ-BRK-00149,Braking A22 - SKODA Kodiaq (Bosch India),2024-04-06,3754.0825,50,INR,KDQ,SKODA Kodiaq,SKODA,Full-size SUV (CKD),4200,0.35,BSH,Bosch India,international,0.62,3,BRK,Braking,Cast iron,A,4694,12.045,PO-KDQ-BRK-00149-202404-1
KDQ-BRK-00149,Braking A22 - SKODA Kodiaq (Bosch India),2024-05-06,3708.5347,18,INR,KDQ,SKODA Kodiaq,SKODA,Full-size SUV (CKD),4200,0.35,BSH,Bosch India,international,0.62,3,BRK,Braking,Cast iron,A,4694,12.045,PO-KDQ-BRK-00149-202405-1
KDQ-BRK-00149,Braking A22 - SKODA Kodiaq (Bosch India),2024-05-13,3701.7609,32,INR,KDQ,SKODA Kodiaq,SKODA,Full-size SUV (CKD),4200,0.35,BSH,Bosch India,international,0.62,3,BRK,Braking,Cast iron,A,4694,12.045,PO-KDQ-BRK-00149-202405-2
KDQ-BRK-00149,Braking A22 - SKODA Kodiaq (Bosch India),2024-06-06,3821.3598,25,INR,KDQ,SKODA Kodiaq,SKODA,Full-size SUV (CKD),4200,0.35,BSH,Bosch India,international,0.62,3,BRK,Braking,Cast iron,A,4694,12.045,PO-KDQ-BRK-00149-202406-1
KDQ-BRK-00149,Braking A22 - SKODA Kodiaq (Bosch India),2024-06-13,3834.4794,8,INR,KDQ,SKODA Kodiaq,SKODA,Full-size SUV (CKD),4200,0.35,BSH,Bosch India,international,0.62,3,BRK,Braking,Cast iron,A,4694,12.045,PO-KDQ-BRK-00149-202406-2
KDQ-BRK-00149,Braking A22 - SKODA Kodiaq (Bosch India),2024-06-20,3835.2953,17,INR,KDQ,SKODA Kodiaq,SKODA,Full-size SUV (CKD),4200,0.35,BSH,Bosch India,international,0.62,3,BRK,Braking,Cast iron,A,4694,12.045,PO-KDQ-BRK-00149-202406-3
KDQ-BRK-00149,Braking A22 - SKODA Kodiaq (Bosch India),2024-07-06,3826.4028,27,INR,KDQ,SKODA Kodiaq,SKODA,Full-size SUV (CKD),4200,0.35,BSH,Bosch India,international,0.62,3,BRK,Braking,Cast iron,A,4694,12.045,PO-KDQ-BRK-00149-202407-1
KDQ-BRK-00149,Braking A22 - SKODA Kodiaq (Bosch India),2024-07-13,3762.3338,23,INR,KDQ,SKODA Kodiaq,SKODA,Full-size SUV (CKD),4200,0.35,BSH,Bosch India,international,0.62,3,BRK,Braking,Cast iron,A,4694,12.045,PO-KDQ-BRK-00149-202407-2
KDQ-BRK-00149,Braking A22 - SKODA Kodiaq (Bosch India),2024-08-06,3752.6403,50,INR,KDQ,SKODA Kodiaq,SKODA,Full-size SUV (CKD),4200,0.35,BSH,Bosch India,international,0.62,3,BRK,Braking,Cast iron,A,4694,12.045,PO-KDQ-BRK-00149-202408-1
KDQ-BRK-00149,Braking A22 - SKODA Kodiaq (Bosch India),2024-09-06,4017.5385,9,INR,KDQ,SKODA Kodiaq,SKODA,Full-size SUV (CKD),4200,0.35,BSH,Bosch India,international,0.62,3,BRK,Braking,Cast iron,A,4694,12.045,PO-KDQ-BRK-00149-202409-1
KDQ-BRK-00149,Braking A22 - SKODA Kodiaq (Bosch India),2024-09-13,3971.2951,41,INR,KDQ,SKODA Kodiaq,SKODA,Full-size SUV (CKD),4200,0.35,BSH,Bosch India,international,0.62,3,BRK,Braking,Cast iron,A,4694,12.045,PO-KDQ-BRK-00149-202409-2
KDQ-BRK-00149,Braking A22 - SKODA Kodiaq (Bosch India),2024-10-06,3948.3722,26,INR,KDQ,SKODA Kodiaq,SKODA,Full-size SUV (CKD),4200,0.35,BSH,Bosch India,international,0.62,3,BRK,Braking,Cast iron,A,4694,12.045,PO-KDQ-BRK-00149-202410-1
KDQ-BRK-00149,Braking A22 - SKODA Kodiaq (Bosch India),2024-10-13,3952.6732,13,INR,KDQ,SKODA Kodiaq,SKODA,Full-size SUV (CKD),4200,0.35,BSH,Bosch India,international,0.62,3,BRK,Braking,Cast iron,A,4694,12.045,PO-KDQ-BRK-00149-202410-2
KDQ-BRK-00149,Braking A22 - SKODA Kodiaq (Bosch India),2024-10-20,3888.592,11,INR,KDQ,SKODA Kodiaq,SKODA,Full-size SUV (CKD),4200,0.35,BSH,Bosch India,international,0.62,3,BRK,Braking,Cast iron,A,4694,12.045,PO-KDQ-BRK-00149-202410-3
KDQ-BRK-00149,Braking A22 - SKODA Kodiaq (Bosch India),2024-11-06,3938.0884,9,INR,KDQ,SKODA Kodiaq,SKODA,Full-size SUV (CKD),4200,0.35,BSH,Bosch India,international,0.62,3,BRK,Braking,Cast iron,A,4694,12.045,PO-KDQ-BRK-00149-202411-1
KDQ-BRK-00149,Braking A22 - SKODA Kodiaq (Bosch India),2024-11-13,3949.5639,30,INR,KDQ,SKODA Kodiaq,SKODA,Full-size SUV (CKD),4200,0.35,BSH,Bosch India,international,0.62,3,BRK,Braking,Cast iron,A,4694,12.045,PO-KDQ-BRK-00149-202411-2
KDQ-BRK-00149,Braking A22 - SKODA Kodiaq (Bosch India),2024-11-20,3958.033,11,INR,KDQ,SKODA Kodiaq,SKODA,Full-size SUV (CKD),4200,0.35,BSH,Bosch India,international,0.62,3,BRK,Braking,Cast iron,A,4694,12.045,PO-KDQ-BRK-00149-202411-3
KDQ-BRK-00149,Braking A22 - SKODA Kodiaq (Bosch India),2024-12-06,3872.4172,50,INR,KDQ,SKODA Kodiaq,SKODA,Full-size SUV (CKD),4200,0.35,BSH,Bosch India,international,0.62,3,BRK,Braking,Cast iron,A,4694,12.045,PO-KDQ-BRK-00149-202412-1
KDQ-BRK-00149,Braking A22 - SKODA Kodiaq (Bosch India),2025-01-06,3873.7255,50,INR,KDQ,SKODA Kodiaq,SKODA,Full-size SUV (CKD),4200,0.35,BSH,Bosch India,international,0.62,3,BRK,Braking,Cast iron,A,4694,12.045,PO-KDQ-BRK-00149-202501-1
KDQ-BRK-00149,Braking A22 - SKODA Kodiaq (Bosch India),2025-02-06,3903.8193,5,INR,KDQ,SKODA Kodiaq,SKODA,Full-size SUV (CKD),4200,0.35,BSH,Bosch India,international,0.62,3,BRK,Braking,Cast iron,A,4694,12.045,PO-KDQ-BRK-00149-202502-1
KDQ-BRK-00149,Braking A22 - SKODA Kodiaq (Bosch India),2025-02-13,3909.6908,45,INR,KDQ,SKODA Kodiaq,SKODA,Full-size SUV (CKD),4200,0.35,BSH,Bosch India,international,0.62,3,BRK,Braking,Cast iron,A,4694,12.045,PO-KDQ-BRK-00149-202502-2
KDQ-BRK-00149,Braking A22 - SKODA Kodiaq (Bosch India),2025-03-06,3877.4798,8,INR,KDQ,SKODA Kodiaq,SKODA,Full-size SUV (CKD),4200,0.35,BSH,Bosch India,international,0.62,3,BRK,Braking,Cast iron,A,4694,12.045,PO-KDQ-BRK-00149-202503-1
KDQ-BRK-00149,Braking A22 - SKODA Kodiaq (Bosch India),2025-03-13,3874.088,36,INR,KDQ,SKODA Kodiaq,SKODA,Full-size SUV (CKD),4200,0.35,BSH,Bosch India,international,0.62,3,BRK,Braking,Cast iron,A,4694,12.045,PO-KDQ-BRK-00149-202503-2
KDQ-BRK-00149,Braking A22 - SKODA Kodiaq (Bosch India),2025-03-20,3856.9918,6,INR,KDQ,SKODA Kodiaq,SKODA,Full-size SUV (CKD),4200,0.35,BSH,Bosch India,international,0.62,3,BRK,Braking,Cast iron,A,4694,12.045,PO-KDQ-BRK-00149-202503-3
KDQ-BRK-00149,Braking A22 - SKODA Kodiaq (Bosch India),2025-04-06,3772.0106,31,INR,KDQ,SKODA Kodiaq,SKODA,Full-size SUV (CKD),4200,0.35,BSH,Bosch India,international,0.62,3,BRK,Braking,Cast iron,A,4694,12.045,PO-KDQ-BRK-00149-202504-1
KDQ-BRK-00149,Braking A22 - SKODA Kodiaq (Bosch India),2025-04-13,3797.951,19,INR,KDQ,SKODA Kodiaq,SKODA,Full-size SUV (CKD),4200,0.35,BSH,Bosch India,international,0.62,3,BRK,Braking,Cast iron,A,4694,12.045,PO-KDQ-BRK-00149-202504-2
KDQ-BRK-00149,Braking A22 - SKODA Kodiaq (Bosch India),2025-05-06,3801.254,50,INR,KDQ,SKODA Kodiaq,SKODA,Full-size SUV (CKD),4200,0.35,BSH,Bosch India,international,0.62,3,BRK,Braking,Cast iron,A,4694,12.045,PO-KDQ-BRK-00149-202505-1
KDQ-BRK-00149,Braking A22 - SKODA Kodiaq (Bosch India),2025-05-13,3814.2647,1,INR,KDQ,SKODA Kodiaq,SKODA,Full-size SUV (CKD),4200,0.35,BSH,Bosch India,international,0.62,3,BRK,Braking,Cast iron,A,4694,12.045,PO-KDQ-BRK-00149-202505-2
KDQ-BRK-00149,Braking A22 - SKODA Kodiaq (Bosch India),2025-06-06,3884.2943,36,INR,KDQ,SKODA Kodiaq,SKODA,Full-size SUV (CKD),4200,0.35,BSH,Bosch India,international,0.62,3,BRK,Braking,Cast iron,A,4694,12.045,PO-KDQ-BRK-00149-202506-1
KDQ-BRK-00149,Braking A22 - SKODA Kodiaq (Bosch India),2025-06-13,3877.7325,5,INR,KDQ,SKODA Kodiaq,SKODA,Full-size SUV (CKD),4200,0.35,BSH,Bosch India,international,0.62,3,BRK,Braking,Cast iron,A,4694,12.045,PO-KDQ-BRK-00149-202506-2
KDQ-BRK-00149,Braking A22 - SKODA Kodiaq (Bosch India),2025-06-20,3967.6831,9,INR,KDQ,SKODA Kodiaq,SKODA,Full-size SUV (CKD),4200,0.35,BSH,Bosch India,international,0.62,3,BRK,Braking,Cast iron,A,4694,12.045,PO-KDQ-BRK-00149-202506-3
KDQ-BRK-00149,Braking A22 - SKODA Kodiaq (Bosch India),2025-07-06,4069.6966,50,INR,KDQ,SKODA Kodiaq,SKODA,Full-size SUV (CKD),4200,0.35,BSH,Bosch India,international,0.62,3,BRK,Braking,Cast iron,A,4694,12.045,PO-KDQ-BRK-00149-202507-1
KDQ-BRK-00149,Braking A22 - SKODA Kodiaq (Bosch India),2025-08-06,4138.4131,50,INR,KDQ,SKODA Kodiaq,SKODA,Full-size SUV (CKD),4200,0.35,BSH,Bosch India,international,0.62,3,BRK,Braking,Cast iron,A,4694,12.045,PO-KDQ-BRK-00149-202508-1
KDQ-BRK-00149,Braking A22 - SKODA Kodiaq (Bosch India),2025-09-06,4159.8633,50,INR,KDQ,SKODA Kodiaq,SKODA,Full-size SUV (CKD),4200,0.35,BSH,Bosch India,international,0.62,3,BRK,Braking,Cast iron,A,4694,12.045,PO-KDQ-BRK-00149-202509-1
KDQ-BRK-00149,Braking A22 - SKODA Kodiaq (Bosch India),2025-10-06,4256.9604,50,INR,KDQ,SKODA Kodiaq,SKODA,Full-size SUV (CKD),4200,0.35,BSH,Bosch India,international,0.62,3,BRK,Braking,Cast iron,A,4694,12.045,PO-KDQ-BRK-00149-202510-1
KDQ-BRK-00149,Braking A22 - SKODA Kodiaq (Bosch India),2025-11-06,4293.8583,1,INR,KDQ,SKODA Kodiaq,SKODA,Full-size SUV (CKD),4200,0.35,BSH,Bosch India,international,0.62,3,BRK,Braking,Cast iron,A,4694,12.045,PO-KDQ-BRK-00149-202511-1
KDQ-BRK-00149,Braking A22 - SKODA Kodiaq (Bosch India),2025-11-13,4317.6996,49,INR,KDQ,SKODA Kodiaq,SKODA,Full-size SUV (CKD),4200,0.35,BSH,Bosch India,international,0.62,3,BRK,Braking,Cast iron,A,4694,12.045,PO-KDQ-BRK-00149-202511-2
KDQ-BRK-00149,Braking A22 - SKODA Kodiaq (Bosch India),2025-12-06,4251.023,50,INR,KDQ,SKODA Kodiaq,SKODA,Full-size SUV (CKD),4200,0.35,BSH,Bosch India,international,0.62,3,BRK,Braking,Cast iron,A,4694,12.045,PO-KDQ-BRK-00149-202512-1
KDQ-BRK-00149,Braking A22 - SKODA Kodiaq (Bosch India),2026-01-06,3980.2629,50,INR,KDQ,SKODA Kodiaq,SKODA,Full-size SUV (CKD),4200,0.35,BSH,Bosch India,international,0.62,3,BRK,Braking,Cast iron,A,4694,12.045,PO-KDQ-BRK-00149-202601-1
KDQ-BRK-00149,Braking A22 - SKODA Kodiaq (Bosch India),2026-02-06,4104.454,25,INR,KDQ,SKODA Kodiaq,SKODA,Full-size SUV (CKD),4200,0.35,BSH,Bosch India,international,0.62,3,BRK,Braking,Cast iron,A,4694,12.045,PO-KDQ-BRK-00149-202602-1
KDQ-BRK-00149,Braking A22 - SKODA Kodiaq (Bosch India),2026-02-13,4131.9129,13,INR,KDQ,SKODA Kodiaq,SKODA,Full-size SUV (CKD),4200,0.35,BSH,Bosch India,international,0.62,3,BRK,Braking,Cast iron,A,4694,12.045,PO-KDQ-BRK-00149-202602-2
KDQ-BRK-00149,Braking A22 - SKODA Kodiaq (Bosch India),2026-02-20,4114.4243,12,INR,KDQ,SKODA Kodiaq,SKODA,Full-size SUV (CKD),4200,0.35,BSH,Bosch India,international,0.62,3,BRK,Braking,Cast iron,A,4694,12.045,PO-KDQ-BRK-00149-202602-3
KDQ-BRK-00149,Braking A22 - SKODA Kodiaq (Bosch India),2026-03-06,4270.1089,6,INR,KDQ,SKODA Kodiaq,SKODA,Full-size SUV (CKD),4200,0.35,BSH,Bosch India,international,0.62,3,BRK,Braking,Cast iron,A,4694,12.045,PO-KDQ-BRK-00149-202603-1
KDQ-BRK-00149,Braking A22 - SKODA Kodiaq (Bosch India),2026-03-13,4293.1211,44,INR,KDQ,SKODA Kodiaq,SKODA,Full-size SUV (CKD),4200,0.35,BSH,Bosch India,international,0.62,3,BRK,Braking,Cast iron,A,4694,12.045,PO-KDQ-BRK-00149-202603-2
KDQ-BRK-00149,Braking A22 - SKODA Kodiaq (Bosch India),2026-04-06,4034.0017,10,INR,KDQ,SKODA Kodiaq,SKODA,Full-size SUV (CKD),4200,0.35,BSH,Bosch India,international,0.62,3,BRK,Braking,Cast iron,A,4694,12.045,PO-KDQ-BRK-00149-202604-1
KDQ-BRK-00149,Braking A22 - SKODA Kodiaq (Bosch India),2026-04-13,4079.5603,1,INR,KDQ,SKODA Kodiaq,SKODA,Full-size SUV (CKD),4200,0.35,BSH,Bosch India,international,0.62,3,BRK,Braking,Cast iron,A,4694,12.045,PO-KDQ-BRK-00149-202604-2
KDQ-BRK-00149,Braking A22 - SKODA Kodiaq (Bosch India),2026-04-20,4108.1185,39,INR,KDQ,SKODA Kodiaq,SKODA,Full-size SUV (CKD),4200,0.35,BSH,Bosch India,international,0.62,3,BRK,Braking,Cast iron,A,4694,12.045,PO-KDQ-BRK-00149-202604-3
KDQ-BRK-00149,Braking A22 - SKODA Kodiaq (Bosch India),2026-05-06,4004.3952,32,INR,KDQ,SKODA Kodiaq,SKODA,Full-size SUV (CKD),4200,0.35,BSH,Bosch India,international,0.62,3,BRK,Braking,Cast iron,A,4694,12.045,PO-KDQ-BRK-00149-202605-1
KDQ-BRK-00149,Braking A22 - SKODA Kodiaq (Bosch India),2026-05-13,4063.0375,1,INR,KDQ,SKODA Kodiaq,SKODA,Full-size SUV (CKD),4200,0.35,BSH,Bosch India,international,0.62,3,BRK,Braking,Cast iron,A,4694,12.045,PO-KDQ-BRK-00149-202605-2
KDQ-BRK-00149,Braking A22 - SKODA Kodiaq (Bosch India),2026-05-20,4166.9526,17,INR,KDQ,SKODA Kodiaq,SKODA,Full-size SUV (CKD),4200,0.35,BSH,Bosch India,international,0.62,3,BRK,Braking,Cast iron,A,4694,12.045,PO-KDQ-BRK-00149-202605-3
KDQ-BRK-00149,Braking A22 - SKODA Kodiaq (Bosch India),2026-06-06,4104.0452,50,INR,KDQ,SKODA Kodiaq,SKODA,Full-size SUV (CKD),4200,0.35,BSH,Bosch India,international,0.62,3,BRK,Braking,Cast iron,A,4694,12.045,PO-KDQ-BRK-00149-202606-1
KDQ-ELC-00167,Electrical C10 - SKODA Kodiaq (Minda Industries),2023-07-06,3626.5352,12,INR,KDQ,SKODA Kodiaq,SKODA,Full-size SUV (CKD),4200,0.35,MND,Minda Industries,domestic,0.28,3,ELC,Electrical,Copper,C,3554,1.302,PO-KDQ-ELC-00167-202307-1
KDQ-ELC-00167,Electrical C10 - SKODA Kodiaq (Minda Industries),2023-07-13,3623.7732,32,INR,KDQ,SKODA Kodiaq,SKODA,Full-size SUV (CKD),4200,0.35,MND,Minda Industries,domestic,0.28,3,ELC,Electrical,Copper,C,3554,1.302,PO-KDQ-ELC-00167-202307-2
KDQ-ELC-00167,Electrical C10 - SKODA Kodiaq (Minda Industries),2023-07-20,3633.4418,6,INR,KDQ,SKODA Kodiaq,SKODA,Full-size SUV (CKD),4200,0.35,MND,Minda Industries,domestic,0.28,3,ELC,Electrical,Copper,C,3554,1.302,PO-KDQ-ELC-00167-202307-3
KDQ-ELC-00167,Electrical C10 - SKODA Kodiaq (Minda Industries),2023-08-06,3630.2659,37,INR,KDQ,SKODA Kodiaq,SKODA,Full-size SUV (CKD),4200,0.35,MND,Minda Industries,domestic,0.28,3,ELC,Electrical,Copper,C,3554,1.302,PO-KDQ-ELC-00167-202308-1
KDQ-ELC-00167,Electrical C10 - SKODA Kodiaq (Minda Industries),2023-08-13,3689.8881,13,INR,KDQ,SKODA Kodiaq,SKODA,Full-size SUV (CKD),4200,0.35,MND,Minda Industries,domestic,0.28,3,ELC,Electrical,Copper,C,3554,1.302,PO-KDQ-ELC-00167-202308-2
KDQ-ELC-00167,Electrical C10 - SKODA Kodiaq (Minda Industries),2023-09-06,3742.7135,16,INR,KDQ,SKODA Kodiaq,SKODA,Full-size SUV (CKD),4200,0.35,MND,Minda Industries,domestic,0.28,3,ELC,Electrical,Copper,C,3554,1.302,PO-KDQ-ELC-00167-202309-1
KDQ-ELC-00167,Electrical C10 - SKODA Kodiaq (Minda Industries),2023-09-13,3791.5981,8,INR,KDQ,SKODA Kodiaq,SKODA,Full-size SUV (CKD),4200,0.35,MND,Minda Industries,domestic,0.28,3,ELC,Electrical,Copper,C,3554,1.302,PO-KDQ-ELC-00167-202309-2
KDQ-ELC-00167,Electrical C10 - SKODA Kodiaq (Minda Industries),2023-09-20,3692.8491,26,INR,KDQ,SKODA Kodiaq,SKODA,Full-size SUV (CKD),4200,0.35,MND,Minda Industries,domestic,0.28,3,ELC,Electrical,Copper,C,3554,1.302,PO-KDQ-ELC-00167-202309-3
KDQ-ELC-00167,Electrical C10 - SKODA Kodiaq (Minda Industries),2023-10-06,3868.2735,50,INR,KDQ,SKODA Kodiaq,SKODA,Full-size SUV (CKD),4200,0.35,MND,Minda Industries,domestic,0.28,3,ELC,Electrical,Copper,C,3554,1.302,PO-KDQ-ELC-00167-202310-1
KDQ-ELC-00167,Electrical C10 - SKODA Kodiaq (Minda Industries),2023-11-06,4120.7604,28,INR,KDQ,SKODA Kodiaq,SKODA,Full-size SUV (CKD),4200,0.35,MND,Minda Industries,domestic,0.28,3,ELC,Electrical,Copper,C,3554,1.302,PO-KDQ-ELC-00167-202311-1
KDQ-ELC-00167,Electrical C10 - SKODA Kodiaq (Minda Industries),2023-11-13,4092.4083,3,INR,KDQ,SKODA Kodiaq,SKODA,Full-size SUV (CKD),4200,0.35,MND,Minda Industries,domestic,0.28,3,ELC,Electrical,Copper,C,3554,1.302,PO-KDQ-ELC-00167-202311-2
KDQ-ELC-00167,Electrical C10 - SKODA Kodiaq (Minda Industries),2023-11-20,4172.234,18,INR,KDQ,SKODA Kodiaq,SKODA,Full-size SUV (CKD),4200,0.35,MND,Minda Industries,domestic,0.28,3,ELC,Electrical,Copper,C,3554,1.302,PO-KDQ-ELC-00167-202311-3
KDQ-ELC-00167,Electrical C10 - SKODA Kodiaq (Minda Industries),2023-12-06,4179.2935,50,INR,KDQ,SKODA Kodiaq,SKODA,Full-size SUV (CKD),4200,0.35,MND,Minda Industries,domestic,0.28,3,ELC,Electrical,Copper,C,3554,1.302,PO-KDQ-ELC-00167-202312-1
KDQ-ELC-00167,Electrical C10 - SKODA Kodiaq (Minda Industries),2024-01-06,4214.8438,50,INR,KDQ,SKODA Kodiaq,SKODA,Full-size SUV (CKD),4200,0.35,MND,Minda Industries,domestic,0.28,3,ELC,Electrical,Copper,C,3554,1.302,PO-KDQ-ELC-00167-202401-1
KDQ-ELC-00167,Electrical C10 - SKODA Kodiaq (Minda Industries),2024-01-13,4171.0558,1,INR,KDQ,SKODA Kodiaq,SKODA,Full-size SUV (CKD),4200,0.35,MND,Minda Industries,domestic,0.28,3,ELC,Electrical,Copper,C,3554,1.302,PO-KDQ-ELC-00167-202401-2
KDQ-ELC-00167,Electrical C10 - SKODA Kodiaq (Minda Industries),2024-02-06,4253.098,50,INR,KDQ,SKODA Kodiaq,SKODA,Full-size SUV (CKD),4200,0.35,MND,Minda Industries,domestic,0.28,3,ELC,Electrical,Copper,C,3554,1.302,PO-KDQ-ELC-00167-202402-1
KDQ-ELC-00167,Electrical C10 - SKODA Kodiaq (Minda Industries),2024-03-06,4139.4343,28,INR,KDQ,SKODA Kodiaq,SKODA,Full-size SUV (CKD),4200,0.35,MND,Minda Industries,domestic,0.28,3,ELC,Electrical,Copper,C,3554,1.302,PO-KDQ-ELC-00167-202403-1
KDQ-ELC-00167,Electrical C10 - SKODA Kodiaq (Minda Industries),2024-03-13,4167.1026,5,INR,KDQ,SKODA Kodiaq,SKODA,Full-size SUV (CKD),4200,0.35,MND,Minda Industries,domestic,0.28,3,ELC,Electrical,Copper,C,3554,1.302,PO-KDQ-ELC-00167-202403-2
KDQ-ELC-00167,Electrical C10 - SKODA Kodiaq (Minda Industries),2024-03-20,4163.2237,18,INR,KDQ,SKODA Kodiaq,SKODA,Full-size SUV (CKD),4200,0.35,MND,Minda Industries,domestic,0.28,3,ELC,Electrical,Copper,C,3554,1.302,PO-KDQ-ELC-00167-202403-3
KDQ-ELC-00167,Electrical C10 - SKODA Kodiaq (Minda Industries),2024-04-06,3832.3675,50,INR,KDQ,SKODA Kodiaq,SKODA,Full-size SUV (CKD),4200,0.35,MND,Minda Industries,domestic,0.28,3,ELC,Electrical,Copper,C,3554,1.302,PO-KDQ-ELC-00167-202404-1
KDQ-ELC-00167,Electrical C10 - SKODA Kodiaq (Minda Industries),2024-05-06,3875.3525,50,INR,KDQ,SKODA Kodiaq,SKODA,Full-size SUV (CKD),4200,0.35,MND,Minda Industries,domestic,0.28,3,ELC,Electrical,Copper,C,3554,1.302,PO-KDQ-ELC-00167-202405-1
KDQ-ELC-00167,Electrical C10 - SKODA Kodiaq (Minda Industries),2024-06-06,3714.9643,50,INR,KDQ,SKODA Kodiaq,SKODA,Full-size SUV (CKD),4200,0.35,MND,Minda Industries,domestic,0.28,3,ELC,Electrical,Copper,C,3554,1.302,PO-KDQ-ELC-00167-202406-1
KDQ-ELC-00167,Electrical C10 - SKODA Kodiaq (Minda Industries),2024-07-06,3707.0153,47,INR,KDQ,SKODA Kodiaq,SKODA,Full-size SUV (CKD),4200,0.35,MND,Minda Industries,domestic,0.28,3,ELC,Electrical,Copper,C,3554,1.302,PO-KDQ-ELC-00167-202407-1
KDQ-ELC-00167,Electrical C10 - SKODA Kodiaq (Minda Industries),2024-07-13,3724.1706,2,INR,KDQ,SKODA Kodiaq,SKODA,Full-size SUV (CKD),4200,0.35,MND,Minda Industries,domestic,0.28,3,ELC,Electrical,Copper,C,3554,1.302,PO-KDQ-ELC-00167-202407-2
KDQ-ELC-00167,Electrical C10 - SKODA Kodiaq (Minda Industries),2024-07-20,3804.0454,1,INR,KDQ,SKODA Kodiaq,SKODA,Full-size SUV (CKD),4200,0.35,MND,Minda Industries,domestic,0.28,3,ELC,Electrical,Copper,C,3554,1.302,PO-KDQ-ELC-00167-202407-3
KDQ-ELC-00167,Electrical C10 - SKODA Kodiaq (Minda Industries),2024-08-06,3823.3628,14,INR,KDQ,SKODA Kodiaq,SKODA,Full-size SUV (CKD),4200,0.35,MND,Minda Industries,domestic,0.28,3,ELC,Electrical,Copper,C,3554,1.302,PO-KDQ-ELC-00167-202408-1
KDQ-ELC-00167,Electrical C10 - SKODA Kodiaq (Minda Industries),2024-08-13,3772.8943,16,INR,KDQ,SKODA Kodiaq,SKODA,Full-size SUV (CKD),4200,0.35,MND,Minda Industries,domestic,0.28,3,ELC,Electrical,Copper,C,3554,1.302,PO-KDQ-ELC-00167-202408-2
KDQ-ELC-00167,Electrical C10 - SKODA Kodiaq (Minda Industries),2024-08-20,3716.5264,20,INR,KDQ,SKODA Kodiaq,SKODA,Full-size SUV (CKD),4200,0.35,MND,Minda Industries,domestic,0.28,3,ELC,Electrical,Copper,C,3554,1.302,PO-KDQ-ELC-00167-202408-3
KDQ-ELC-00167,Electrical C10 - SKODA Kodiaq (Minda Industries),2024-09-06,3750.1108,24,INR,KDQ,SKODA Kodiaq,SKODA,Full-size SUV (CKD),4200,0.35,MND,Minda Industries,domestic,0.28,3,ELC,Electrical,Copper,C,3554,1.302,PO-KDQ-ELC-00167-202409-1
KDQ-ELC-00167,Electrical C10 - SKODA Kodiaq (Minda Industries),2024-09-13,3816.293,26,INR,KDQ,SKODA Kodiaq,SKODA,Full-size SUV (CKD),4200,0.35,MND,Minda Industries,domestic,0.28,3,ELC,Electrical,Copper,C,3554,1.302,PO-KDQ-ELC-00167-202409-2
KDQ-ELC-00167,Electrical C10 - SKODA Kodiaq (Minda Industries),2024-10-06,3950.1527,50,INR,KDQ,SKODA Kodiaq,SKODA,Full-size SUV (CKD),4200,0.35,MND,Minda Industries,domestic,0.28,3,ELC,Electrical,Copper,C,3554,1.302,PO-KDQ-ELC-00167-202410-1
KDQ-ELC-00167,Electrical C10 - SKODA Kodiaq (Minda Industries),2024-11-06,4017.6998,50,INR,KDQ,SKODA Kodiaq,SKODA,Full-size SUV (CKD),4200,0.35,MND,Minda Industries,domestic,0.28,3,ELC,Electrical,Copper,C,3554,1.302,PO-KDQ-ELC-00167-202411-1
KDQ-ELC-00167,Electrical C10 - SKODA Kodiaq (Minda Industries),2024-12-06,4152.9463,10,INR,KDQ,SKODA Kodiaq,SKODA,Full-size SUV (CKD),4200,0.35,MND,Minda Industries,domestic,0.28,3,ELC,Electrical,Copper,C,3554,1.302,PO-KDQ-ELC-00167-202412-1
KDQ-ELC-00167,Electrical C10 - SKODA Kodiaq (Minda Industries),2024-12-13,4182.2822,5,INR,KDQ,SKODA Kodiaq,SKODA,Full-size SUV (CKD),4200,0.35,MND,Minda Industries,domestic,0.28,3,ELC,Electrical,Copper,C,3554,1.302,PO-KDQ-ELC-00167-202412-2
KDQ-ELC-00167,Electrical C10 - SKODA Kodiaq (Minda Industries),2024-12-20,4194.2804,36,INR,KDQ,SKODA Kodiaq,SKODA,Full-size SUV (CKD),4200,0.35,MND,Minda Industries,domestic,0.28,3,ELC,Electrical,Copper,C,3554,1.302,PO-KDQ-ELC-00167-202412-3
KDQ-ELC-00167,Electrical C10 - SKODA Kodiaq (Minda Industries),2025-01-06,4258.8829,21,INR,KDQ,SKODA Kodiaq,SKODA,Full-size SUV (CKD),4200,0.35,MND,Minda Industries,domestic,0.28,3,ELC,Electrical,Copper,C,3554,1.302,PO-KDQ-ELC-00167-202501-1
KDQ-ELC-00167,Electrical C10 - SKODA Kodiaq (Minda Industries),2025-01-13,4328.5145,29,INR,KDQ,SKODA Kodiaq,SKODA,Full-size SUV (CKD),4200,0.35,MND,Minda Industries,domestic,0.28,3,ELC,Electrical,Copper,C,3554,1.302,PO-KDQ-ELC-00167-202501-2
KDQ-ELC-00167,Electrical C10 - SKODA Kodiaq (Minda Industries),2025-02-06,4150.0786,5,INR,KDQ,SKODA Kodiaq,SKODA,Full-size SUV (CKD),4200,0.35,MND,Minda Industries,domestic,0.28,3,ELC,Electrical,Copper,C,3554,1.302,PO-KDQ-ELC-00167-202502-1
KDQ-ELC-00167,Electrical C10 - SKODA Kodiaq (Minda Industries),2025-02-13,4205.9886,11,INR,KDQ,SKODA Kodiaq,SKODA,Full-size SUV (CKD),4200,0.35,MND,Minda Industries,domestic,0.28,3,ELC,Electrical,Copper,C,3554,1.302,PO-KDQ-ELC-00167-202502-2
KDQ-ELC-00167,Electrical C10 - SKODA Kodiaq (Minda Industries),2025-02-20,4142.8073,34,INR,KDQ,SKODA Kodiaq,SKODA,Full-size SUV (CKD),4200,0.35,MND,Minda Industries,domestic,0.28,3,ELC,Electrical,Copper,C,3554,1.302,PO-KDQ-ELC-00167-202502-3
KDQ-ELC-00167,Electrical C10 - SKODA Kodiaq (Minda Industries),2025-03-06,4079.0464,50,INR,KDQ,SKODA Kodiaq,SKODA,Full-size SUV (CKD),4200,0.35,MND,Minda Industries,domestic,0.28,3,ELC,Electrical,Copper,C,3554,1.302,PO-KDQ-ELC-00167-202503-1
KDQ-ELC-00167,Electrical C10 - SKODA Kodiaq (Minda Industries),2025-04-06,3897.1965,50,INR,KDQ,SKODA Kodiaq,SKODA,Full-size SUV (CKD),4200,0.35,MND,Minda Industries,domestic,0.28,3,ELC,Electrical,Copper,C,3554,1.302,PO-KDQ-ELC-00167-202504-1
KDQ-ELC-00167,Electrical C10 - SKODA Kodiaq (Minda Industries),2025-05-06,3807.4081,50,INR,KDQ,SKODA Kodiaq,SKODA,Full-size SUV (CKD),4200,0.35,MND,Minda Industries,domestic,0.28,3,ELC,Electrical,Copper,C,3554,1.302,PO-KDQ-ELC-00167-202505-1
KDQ-ELC-00167,Electrical C10 - SKODA Kodiaq (Minda Industries),2025-06-06,3669.2481,50,INR,KDQ,SKODA Kodiaq,SKODA,Full-size SUV (CKD),4200,0.35,MND,Minda Industries,domestic,0.28,3,ELC,Electrical,Copper,C,3554,1.302,PO-KDQ-ELC-00167-202506-1
KDQ-ELC-00167,Electrical C10 - SKODA Kodiaq (Minda Industries),2025-07-06,3502.9561,35,INR,KDQ,SKODA Kodiaq,SKODA,Full-size SUV (CKD),4200,0.35,MND,Minda Industries,domestic,0.28,3,ELC,Electrical,Copper,C,3554,1.302,PO-KDQ-ELC-00167-202507-1
KDQ-ELC-00167,Electrical C10 - SKODA Kodiaq (Minda Industries),2025-07-13,3474.9428,7,INR,KDQ,SKODA Kodiaq,SKODA,Full-size SUV (CKD),4200,0.35,MND,Minda Industries,domestic,0.28,3,ELC,Electrical,Copper,C,3554,1.302,PO-KDQ-ELC-00167-202507-2
KDQ-ELC-00167,Electrical C10 - SKODA Kodiaq (Minda Industries),2025-07-20,3539.0779,8,INR,KDQ,SKODA Kodiaq,SKODA,Full-size SUV (CKD),4200,0.35,MND,Minda Industries,domestic,0.28,3,ELC,Electrical,Copper,C,3554,1.302,PO-KDQ-ELC-00167-202507-3
KDQ-ELC-00167,Electrical C10 - SKODA Kodiaq (Minda Industries),2025-08-06,3701.4816,19,INR,KDQ,SKODA Kodiaq,SKODA,Full-size SUV (CKD),4200,0.35,MND,Minda Industries,domestic,0.28,3,ELC,Electrical,Copper,C,3554,1.302,PO-KDQ-ELC-00167-202508-1
KDQ-ELC-00167,Electrical C10 - SKODA Kodiaq (Minda Industries),2025-08-13,3666.1453,13,INR,KDQ,SKODA Kodiaq,SKODA,Full-size SUV (CKD),4200,0.35,MND,Minda Industries,domestic,0.28,3,ELC,Electrical,Copper,C,3554,1.302,PO-KDQ-ELC-00167-202508-2
KDQ-ELC-00167,Electrical C10 - SKODA Kodiaq (Minda Industries),2025-08-20,3658.0996,17,INR,KDQ,SKODA Kodiaq,SKODA,Full-size SUV (CKD),4200,0.35,MND,Minda Industries,domestic,0.28,3,ELC,Electrical,Copper,C,3554,1.302,PO-KDQ-ELC-00167-202508-3
KDQ-ELC-00167,Electrical C10 - SKODA Kodiaq (Minda Industries),2025-09-06,3772.6165,50,INR,KDQ,SKODA Kodiaq,SKODA,Full-size SUV (CKD),4200,0.35,MND,Minda Industries,domestic,0.28,3,ELC,Electrical,Copper,C,3554,1.302,PO-KDQ-ELC-00167-202509-1
KDQ-ELC-00167,Electrical C10 - SKODA Kodiaq (Minda Industries),2025-10-06,3957.6862,50,INR,KDQ,SKODA Kodiaq,SKODA,Full-size SUV (CKD),4200,0.35,MND,Minda Industries,domestic,0.28,3,ELC,Electrical,Copper,C,3554,1.302,PO-KDQ-ELC-00167-202510-1
KDQ-ELC-00167,Electrical C10 - SKODA Kodiaq (Minda Industries),2025-11-06,3900.5404,4,INR,KDQ,SKODA Kodiaq,SKODA,Full-size SUV (CKD),4200,0.35,MND,Minda Industries,domestic,0.28,3,ELC,Electrical,Copper,C,3554,1.302,PO-KDQ-ELC-00167-202511-1
KDQ-ELC-00167,Electrical C10 - SKODA Kodiaq (Minda Industries),2025-11-13,3875.9824,46,INR,KDQ,SKODA Kodiaq,SKODA,Full-size SUV (CKD),4200,0.35,MND,Minda Industries,domestic,0.28,3,ELC,Electrical,Copper,C,3554,1.302,PO-KDQ-ELC-00167-202511-2
KDQ-ELC-00167,Electrical C10 - SKODA Kodiaq (Minda Industries),2025-12-06,4067.7517,5,INR,KDQ,SKODA Kodiaq,SKODA,Full-size SUV (CKD),4200,0.35,MND,Minda Industries,domestic,0.28,3,ELC,Electrical,Copper,C,3554,1.302,PO-KDQ-ELC-00167-202512-1
KDQ-ELC-00167,Electrical C10 - SKODA Kodiaq (Minda Industries),2025-12-13,4055.8123,7,INR,KDQ,SKODA Kodiaq,SKODA,Full-size SUV (CKD),4200,0.35,MND,Minda Industries,domestic,0.28,3,ELC,Electrical,Copper,C,3554,1.302,PO-KDQ-ELC-00167-202512-2
KDQ-ELC-00167,Electrical C10 - SKODA Kodiaq (Minda Industries),2025-12-20,4136.7564,38,INR,KDQ,SKODA Kodiaq,SKODA,Full-size SUV (CKD),4200,0.35,MND,Minda Industries,domestic,0.28,3,ELC,Electrical,Copper,C,3554,1.302,PO-KDQ-ELC-00167-202512-3
KDQ-ELC-00167,Electrical C10 - SKODA Kodiaq (Minda Industries),2026-01-06,4232.18,50,INR,KDQ,SKODA Kodiaq,SKODA,Full-size SUV (CKD),4200,0.35,MND,Minda Industries,domestic,0.28,3,ELC,Electrical,Copper,C,3554,1.302,PO-KDQ-ELC-00167-202601-1
KDQ-ELC-00167,Electrical C10 - SKODA Kodiaq (Minda Industries),2026-02-06,4086.1312,50,INR,KDQ,SKODA Kodiaq,SKODA,Full-size SUV (CKD),4200,0.35,MND,Minda Industries,domestic,0.28,3,ELC,Electrical,Copper,C,3554,1.302,PO-KDQ-ELC-00167-202602-1
KDQ-ELC-00167,Electrical C10 - SKODA Kodiaq (Minda Industries),2026-03-06,4055.3404,50,INR,KDQ,SKODA Kodiaq,SKODA,Full-size SUV (CKD),4200,0.35,MND,Minda Industries,domestic,0.28,3,ELC,Electrical,Copper,C,3554,1.302,PO-KDQ-ELC-00167-202603-1
KDQ-ELC-00167,Electrical C10 - SKODA Kodiaq (Minda Industries),2026-04-06,4030.0977,41,INR,KDQ,SKODA Kodiaq,SKODA,Full-size SUV (CKD),4200,0.35,MND,Minda Industries,domestic,0.28,3,ELC,Electrical,Copper,C,3554,1.302,PO-KDQ-ELC-00167-202604-1
KDQ-ELC-00167,Electrical C10 - SKODA Kodiaq (Minda Industries),2026-04-13,3966.8638,9,INR,KDQ,SKODA Kodiaq,SKODA,Full-size SUV (CKD),4200,0.35,MND,Minda Industries,domestic,0.28,3,ELC,Electrical,Copper,C,3554,1.302,PO-KDQ-ELC-00167-202604-2
KDQ-ELC-00167,Electrical C10 - SKODA Kodiaq (Minda Industries),2026-05-06,3863.0596,4,INR,KDQ,SKODA Kodiaq,SKODA,Full-size SUV (CKD),4200,0.35,MND,Minda Industries,domestic,0.28,3,ELC,Electrical,Copper,C,3554,1.302,PO-KDQ-ELC-00167-202605-1
KDQ-ELC-00167,Electrical C10 - SKODA Kodiaq (Minda Industries),2026-05-13,3919.8972,8,INR,KDQ,SKODA Kodiaq,SKODA,Full-size SUV (CKD),4200,0.35,MND,Minda Industries,domestic,0.28,3,ELC,Electrical,Copper,C,3554,1.302,PO-KDQ-ELC-00167-202605-2
KDQ-ELC-00167,Electrical C10 - SKODA Kodiaq (Minda Industries),2026-05-20,3816.5309,38,INR,KDQ,SKODA Kodiaq,SKODA,Full-size SUV (CKD),4200,0.35,MND,Minda Industries,domestic,0.28,3,ELC,Electrical,Copper,C,3554,1.302,PO-KDQ-ELC-00167-202605-3
KDQ-ELC-00167,Electrical C10 - SKODA Kodiaq (Minda Industries),2026-06-06,3806.5254,50,INR,KDQ,SKODA Kodiaq,SKODA,Full-size SUV (CKD),4200,0.35,MND,Minda Industries,domestic,0.28,3,ELC,Electrical,Copper,C,3554,1.302,PO-KDQ-ELC-00167-202606-1
KDQ-FST-00185,Fasteners A01 - SKODA Kodiaq (JBM Auto),2023-07-06,28.5421,28,INR,KDQ,SKODA Kodiaq,SKODA,Full-size SUV (CKD),4200,0.35,JBM,JBM Auto,domestic,0.14,12,FST,Fasteners,Steel,A,4445,2.778,PO-KDQ-FST-00185-202307-1
KDQ-FST-00185,Fasteners A01 - SKODA Kodiaq (JBM Auto),2023-07-13,28.7025,18,INR,KDQ,SKODA Kodiaq,SKODA,Full-size SUV (CKD),4200,0.35,JBM,JBM Auto,domestic,0.14,12,FST,Fasteners,Steel,A,4445,2.778,PO-KDQ-FST-00185-202307-2
KDQ-FST-00185,Fasteners A01 - SKODA Kodiaq (JBM Auto),2023-07-20,28.994,5,INR,KDQ,SKODA Kodiaq,SKODA,Full-size SUV (CKD),4200,0.35,JBM,JBM Auto,domestic,0.14,12,FST,Fasteners,Steel,A,4445,2.778,PO-KDQ-FST-00185-202307-3
KDQ-FST-00185,Fasteners A01 - SKODA Kodiaq (JBM Auto),2023-08-06,27.8756,2,INR,KDQ,SKODA Kodiaq,SKODA,Full-size SUV (CKD),4200,0.35,JBM,JBM Auto,domestic,0.14,12,FST,Fasteners,Steel,A,4445,2.778,PO-KDQ-FST-00185-202308-1
KDQ-FST-00185,Fasteners A01 - SKODA Kodiaq (JBM Auto),2023-08-13,27.9873,48,INR,KDQ,SKODA Kodiaq,SKODA,Full-size SUV (CKD),4200,0.35,JBM,JBM Auto,domestic,0.14,12,FST,Fasteners,Steel,A,4445,2.778,PO-KDQ-FST-00185-202308-2
KDQ-FST-00185,Fasteners A01 - SKODA Kodiaq (JBM Auto),2023-09-06,28.0155,3,INR,KDQ,SKODA Kodiaq,SKODA,Full-size SUV (CKD),4200,0.35,JBM,JBM Auto,domestic,0.14,12,FST,Fasteners,Steel,A,4445,2.778,PO-KDQ-FST-00185-202309-1
KDQ-FST-00185,Fasteners A01 - SKODA Kodiaq (JBM Auto),2023-09-13,27.997,22,INR,KDQ,SKODA Kodiaq,SKODA,Full-size SUV (CKD),4200,0.35,JBM,JBM Auto,domestic,0.14,12,FST,Fasteners,Steel,A,4445,2.778,PO-KDQ-FST-00185-202309-2
KDQ-FST-00185,Fasteners A01 - SKODA Kodiaq (JBM Auto),2023-09-20,28.2729,25,INR,KDQ,SKODA Kodiaq,SKODA,Full-size SUV (CKD),4200,0.35,JBM,JBM Auto,domestic,0.14,12,FST,Fasteners,Steel,A,4445,2.778,PO-KDQ-FST-00185-202309-3
KDQ-FST-00185,Fasteners A01 - SKODA Kodiaq (JBM Auto),2023-10-06,27.1222,18,INR,KDQ,SKODA Kodiaq,SKODA,Full-size SUV (CKD),4200,0.35,JBM,JBM Auto,domestic,0.14,12,FST,Fasteners,Steel,A,4445,2.778,PO-KDQ-FST-00185-202310-1
KDQ-FST-00185,Fasteners A01 - SKODA Kodiaq (JBM Auto),2023-10-13,27.3278,32,INR,KDQ,SKODA Kodiaq,SKODA,Full-size SUV (CKD),4200,0.35,JBM,JBM Auto,domestic,0.14,12,FST,Fasteners,Steel,A,4445,2.778,PO-KDQ-FST-00185-202310-2
KDQ-FST-00185,Fasteners A01 - SKODA Kodiaq (JBM Auto),2023-11-06,28.5255,27,INR,KDQ,SKODA Kodiaq,SKODA,Full-size SUV (CKD),4200,0.35,JBM,JBM Auto,domestic,0.14,12,FST,Fasteners,Steel,A,4445,2.778,PO-KDQ-FST-00185-202311-1
KDQ-FST-00185,Fasteners A01 - SKODA Kodiaq (JBM Auto),2023-11-13,28.1631,23,INR,KDQ,SKODA Kodiaq,SKODA,Full-size SUV (CKD),4200,0.35,JBM,JBM Auto,domestic,0.14,12,FST,Fasteners,Steel,A,4445,2.778,PO-KDQ-FST-00185-202311-2
KDQ-FST-00185,Fasteners A01 - SKODA Kodiaq (JBM Auto),2023-12-06,27.4189,14,INR,KDQ,SKODA Kodiaq,SKODA,Full-size SUV (CKD),4200,0.35,JBM,JBM Auto,domestic,0.14,12,FST,Fasteners,Steel,A,4445,2.778,PO-KDQ-FST-00185-202312-1
KDQ-FST-00185,Fasteners A01 - SKODA Kodiaq (JBM Auto),2023-12-13,27.6757,28,INR,KDQ,SKODA Kodiaq,SKODA,Full-size SUV (CKD),4200,0.35,JBM,JBM Auto,domestic,0.14,12,FST,Fasteners,Steel,A,4445,2.778,PO-KDQ-FST-00185-202312-2
KDQ-FST-00185,Fasteners A01 - SKODA Kodiaq (JBM Auto),2023-12-20,27.4464,8,INR,KDQ,SKODA Kodiaq,SKODA,Full-size SUV (CKD),4200,0.35,JBM,JBM Auto,domestic,0.14,12,FST,Fasteners,Steel,A,4445,2.778,PO-KDQ-FST-00185-202312-3
KDQ-FST-00185,Fasteners A01 - SKODA Kodiaq (JBM Auto),2024-01-06,28.1583,13,INR,KDQ,SKODA Kodiaq,SKODA,Full-size SUV (CKD),4200,0.35,JBM,JBM Auto,domestic,0.14,12,FST,Fasteners,Steel,A,4445,2.778,PO-KDQ-FST-00185-202401-1
KDQ-FST-00185,Fasteners A01 - SKODA Kodiaq (JBM Auto),2024-01-13,28.0136,19,INR,KDQ,SKODA Kodiaq,SKODA,Full-size SUV (CKD),4200,0.35,JBM,JBM Auto,domestic,0.14,12,FST,Fasteners,Steel,A,4445,2.778,PO-KDQ-FST-00185-202401-2
KDQ-FST-00185,Fasteners A01 - SKODA Kodiaq (JBM Auto),2024-01-20,27.9067,19,INR,KDQ,SKODA Kodiaq,SKODA,Full-size SUV (CKD),4200,0.35,JBM,JBM Auto,domestic,0.14,12,FST,Fasteners,Steel,A,4445,2.778,PO-KDQ-FST-00185-202401-3
KDQ-FST-00185,Fasteners A01 - SKODA Kodiaq (JBM Auto),2024-02-06,28.3923,19,INR,KDQ,SKODA Kodiaq,SKODA,Full-size SUV (CKD),4200,0.35,JBM,JBM Auto,domestic,0.14,12,FST,Fasteners,Steel,A,4445,2.778,PO-KDQ-FST-00185-202402-1
KDQ-FST-00185,Fasteners A01 - SKODA Kodiaq (JBM Auto),2024-02-13,28.6083,31,INR,KDQ,SKODA Kodiaq,SKODA,Full-size SUV (CKD),4200,0.35,JBM,JBM Auto,domestic,0.14,12,FST,Fasteners,Steel,A,4445,2.778,PO-KDQ-FST-00185-202402-2
KDQ-FST-00185,Fasteners A01 - SKODA Kodiaq (JBM Auto),2024-03-06,29.0847,19,INR,KDQ,SKODA Kodiaq,SKODA,Full-size SUV (CKD),4200,0.35,JBM,JBM Auto,domestic,0.14,12,FST,Fasteners,Steel,A,4445,2.778,PO-KDQ-FST-00185-202403-1
KDQ-FST-00185,Fasteners A01 - SKODA Kodiaq (JBM Auto),2024-03-13,29.5736,31,INR,KDQ,SKODA Kodiaq,SKODA,Full-size SUV (CKD),4200,0.35,JBM,JBM Auto,domestic,0.14,12,FST,Fasteners,Steel,A,4445,2.778,PO-KDQ-FST-00185-202403-2
KDQ-FST-00185,Fasteners A01 - SKODA Kodiaq (JBM Auto),2024-04-06,29.0017,14,INR,KDQ,SKODA Kodiaq,SKODA,Full-size SUV (CKD),4200,0.35,JBM,JBM Auto,domestic,0.14,12,FST,Fasteners,Steel,A,4445,2.778,PO-KDQ-FST-00185-202404-1
KDQ-FST-00185,Fasteners A01 - SKODA Kodiaq (JBM Auto),2024-04-13,28.9867,36,INR,KDQ,SKODA Kodiaq,SKODA,Full-size SUV (CKD),4200,0.35,JBM,JBM Auto,domestic,0.14,12,FST,Fasteners,Steel,A,4445,2.778,PO-KDQ-FST-00185-202404-2
KDQ-FST-00185,Fasteners A01 - SKODA Kodiaq (JBM Auto),2024-05-06,29.9895,4,INR,KDQ,SKODA Kodiaq,SKODA,Full-size SUV (CKD),4200,0.35,JBM,JBM Auto,domestic,0.14,12,FST,Fasteners,Steel,A,4445,2.778,PO-KDQ-FST-00185-202405-1
KDQ-FST-00185,Fasteners A01 - SKODA Kodiaq (JBM Auto),2024-05-13,30.1856,25,INR,KDQ,SKODA Kodiaq,SKODA,Full-size SUV (CKD),4200,0.35,JBM,JBM Auto,domestic,0.14,12,FST,Fasteners,Steel,A,4445,2.778,PO-KDQ-FST-00185-202405-2
KDQ-FST-00185,Fasteners A01 - SKODA Kodiaq (JBM Auto),2024-05-20,29.8216,20,INR,KDQ,SKODA Kodiaq,SKODA,Full-size SUV (CKD),4200,0.35,JBM,JBM Auto,domestic,0.14,12,FST,Fasteners,Steel,A,4445,2.778,PO-KDQ-FST-00185-202405-3
KDQ-FST-00185,Fasteners A01 - SKODA Kodiaq (JBM Auto),2024-06-06,30.1104,6,INR,KDQ,SKODA Kodiaq,SKODA,Full-size SUV (CKD),4200,0.35,JBM,JBM Auto,domestic,0.14,12,FST,Fasteners,Steel,A,4445,2.778,PO-KDQ-FST-00185-202406-1
KDQ-FST-00185,Fasteners A01 - SKODA Kodiaq (JBM Auto),2024-06-13,30.3779,44,INR,KDQ,SKODA Kodiaq,SKODA,Full-size SUV (CKD),4200,0.35,JBM,JBM Auto,domestic,0.14,12,FST,Fasteners,Steel,A,4445,2.778,PO-KDQ-FST-00185-202406-2
KDQ-FST-00185,Fasteners A01 - SKODA Kodiaq (JBM Auto),2024-07-06,29.6196,50,INR,KDQ,SKODA Kodiaq,SKODA,Full-size SUV (CKD),4200,0.35,JBM,JBM Auto,domestic,0.14,12,FST,Fasteners,Steel,A,4445,2.778,PO-KDQ-FST-00185-202407-1
KDQ-FST-00185,Fasteners A01 - SKODA Kodiaq (JBM Auto),2024-08-06,28.677,48,INR,KDQ,SKODA Kodiaq,SKODA,Full-size SUV (CKD),4200,0.35,JBM,JBM Auto,domestic,0.14,12,FST,Fasteners,Steel,A,4445,2.778,PO-KDQ-FST-00185-202408-1
KDQ-FST-00185,Fasteners A01 - SKODA Kodiaq (JBM Auto),2024-08-13,28.8509,2,INR,KDQ,SKODA Kodiaq,SKODA,Full-size SUV (CKD),4200,0.35,JBM,JBM Auto,domestic,0.14,12,FST,Fasteners,Steel,A,4445,2.778,PO-KDQ-FST-00185-202408-2
KDQ-FST-00185,Fasteners A01 - SKODA Kodiaq (JBM Auto),2024-09-06,29.9557,18,INR,KDQ,SKODA Kodiaq,SKODA,Full-size SUV (CKD),4200,0.35,JBM,JBM Auto,domestic,0.14,12,FST,Fasteners,Steel,A,4445,2.778,PO-KDQ-FST-00185-202409-1
KDQ-FST-00185,Fasteners A01 - SKODA Kodiaq (JBM Auto),2024-09-13,30.0863,23,INR,KDQ,SKODA Kodiaq,SKODA,Full-size SUV (CKD),4200,0.35,JBM,JBM Auto,domestic,0.14,12,FST,Fasteners,Steel,A,4445,2.778,PO-KDQ-FST-00185-202409-2
KDQ-FST-00185,Fasteners A01 - SKODA Kodiaq (JBM Auto),2024-09-20,29.7966,8,INR,KDQ,SKODA Kodiaq,SKODA,Full-size SUV (CKD),4200,0.35,JBM,JBM Auto,domestic,0.14,12,FST,Fasteners,Steel,A,4445,2.778,PO-KDQ-FST-00185-202409-3
KDQ-FST-00185,Fasteners A01 - SKODA Kodiaq (JBM Auto),2024-10-06,29.4467,50,INR,KDQ,SKODA Kodiaq,SKODA,Full-size SUV (CKD),4200,0.35,JBM,JBM Auto,domestic,0.14,12,FST,Fasteners,Steel,A,4445,2.778,PO-KDQ-FST-00185-202410-1
KDQ-FST-00185,Fasteners A01 - SKODA Kodiaq (JBM Auto),2024-11-06,29.9226,39,INR,KDQ,SKODA Kodiaq,SKODA,Full-size SUV (CKD),4200,0.35,JBM,JBM Auto,domestic,0.14,12,FST,Fasteners,Steel,A,4445,2.778,PO-KDQ-FST-00185-202411-1
KDQ-FST-00185,Fasteners A01 - SKODA Kodiaq (JBM Auto),2024-11-13,30.2637,11,INR,KDQ,SKODA Kodiaq,SKODA,Full-size SUV (CKD),4200,0.35,JBM,JBM Auto,domestic,0.14,12,FST,Fasteners,Steel,A,4445,2.778,PO-KDQ-FST-00185-202411-2
KDQ-FST-00185,Fasteners A01 - SKODA Kodiaq (JBM Auto),2024-12-06,30.697,32,INR,KDQ,SKODA Kodiaq,SKODA,Full-size SUV (CKD),4200,0.35,JBM,JBM Auto,domestic,0.14,12,FST,Fasteners,Steel,A,4445,2.778,PO-KDQ-FST-00185-202412-1
KDQ-FST-00185,Fasteners A01 - SKODA Kodiaq (JBM Auto),2024-12-13,31.1884,18,INR,KDQ,SKODA Kodiaq,SKODA,Full-size SUV (CKD),4200,0.35,JBM,JBM Auto,domestic,0.14,12,FST,Fasteners,Steel,A,4445,2.778,PO-KDQ-FST-00185-202412-2
KDQ-FST-00185,Fasteners A01 - SKODA Kodiaq (JBM Auto),2025-01-06,31.104,13,INR,KDQ,SKODA Kodiaq,SKODA,Full-size SUV (CKD),4200,0.35,JBM,JBM Auto,domestic,0.14,12,FST,Fasteners,Steel,A,4445,2.778,PO-KDQ-FST-00185-202501-1
KDQ-FST-00185,Fasteners A01 - SKODA Kodiaq (JBM Auto),2025-01-13,30.8073,3,INR,KDQ,SKODA Kodiaq,SKODA,Full-size SUV (CKD),4200,0.35,JBM,JBM Auto,domestic,0.14,12,FST,Fasteners,Steel,A,4445,2.778,PO-KDQ-FST-00185-202501-2
KDQ-FST-00185,Fasteners A01 - SKODA Kodiaq (JBM Auto),2025-01-20,30.6228,34,INR,KDQ,SKODA Kodiaq,SKODA,Full-size SUV (CKD),4200,0.35,JBM,JBM Auto,domestic,0.14,12,FST,Fasteners,Steel,A,4445,2.778,PO-KDQ-FST-00185-202501-3
KDQ-FST-00185,Fasteners A01 - SKODA Kodiaq (JBM Auto),2025-02-06,31.0364,50,INR,KDQ,SKODA Kodiaq,SKODA,Full-size SUV (CKD),4200,0.35,JBM,JBM Auto,domestic,0.14,12,FST,Fasteners,Steel,A,4445,2.778,PO-KDQ-FST-00185-202502-1
KDQ-FST-00185,Fasteners A01 - SKODA Kodiaq (JBM Auto),2025-03-06,28.8647,50,INR,KDQ,SKODA Kodiaq,SKODA,Full-size SUV (CKD),4200,0.35,JBM,JBM Auto,domestic,0.14,12,FST,Fasteners,Steel,A,4445,2.778,PO-KDQ-FST-00185-202503-1
KDQ-FST-00185,Fasteners A01 - SKODA Kodiaq (JBM Auto),2025-04-06,29.4142,50,INR,KDQ,SKODA Kodiaq,SKODA,Full-size SUV (CKD),4200,0.35,JBM,JBM Auto,domestic,0.14,12,FST,Fasteners,Steel,A,4445,2.778,PO-KDQ-FST-00185-202504-1
KDQ-FST-00185,Fasteners A01 - SKODA Kodiaq (JBM Auto),2025-05-06,30.2918,1,INR,KDQ,SKODA Kodiaq,SKODA,Full-size SUV (CKD),4200,0.35,JBM,JBM Auto,domestic,0.14,12,FST,Fasteners,Steel,A,4445,2.778,PO-KDQ-FST-00185-202505-1
KDQ-FST-00185,Fasteners A01 - SKODA Kodiaq (JBM Auto),2025-05-13,30.8409,2,INR,KDQ,SKODA Kodiaq,SKODA,Full-size SUV (CKD),4200,0.35,JBM,JBM Auto,domestic,0.14,12,FST,Fasteners,Steel,A,4445,2.778,PO-KDQ-FST-00185-202505-2
KDQ-FST-00185,Fasteners A01 - SKODA Kodiaq (JBM Auto),2025-05-20,30.845,47,INR,KDQ,SKODA Kodiaq,SKODA,Full-size SUV (CKD),4200,0.35,JBM,JBM Auto,domestic,0.14,12,FST,Fasteners,Steel,A,4445,2.778,PO-KDQ-FST-00185-202505-3
KDQ-FST-00185,Fasteners A01 - SKODA Kodiaq (JBM Auto),2025-06-06,31.1,46,INR,KDQ,SKODA Kodiaq,SKODA,Full-size SUV (CKD),4200,0.35,JBM,JBM Auto,domestic,0.14,12,FST,Fasteners,Steel,A,4445,2.778,PO-KDQ-FST-00185-202506-1
KDQ-FST-00185,Fasteners A01 - SKODA Kodiaq (JBM Auto),2025-06-13,31.3764,4,INR,KDQ,SKODA Kodiaq,SKODA,Full-size SUV (CKD),4200,0.35,JBM,JBM Auto,domestic,0.14,12,FST,Fasteners,Steel,A,4445,2.778,PO-KDQ-FST-00185-202506-2
KDQ-FST-00185,Fasteners A01 - SKODA Kodiaq (JBM Auto),2025-07-06,29.8104,1,INR,KDQ,SKODA Kodiaq,SKODA,Full-size SUV (CKD),4200,0.35,JBM,JBM Auto,domestic,0.14,12,FST,Fasteners,Steel,A,4445,2.778,PO-KDQ-FST-00185-202507-1
KDQ-FST-00185,Fasteners A01 - SKODA Kodiaq (JBM Auto),2025-07-13,30.3509,13,INR,KDQ,SKODA Kodiaq,SKODA,Full-size SUV (CKD),4200,0.35,JBM,JBM Auto,domestic,0.14,12,FST,Fasteners,Steel,A,4445,2.778,PO-KDQ-FST-00185-202507-2
KDQ-FST-00185,Fasteners A01 - SKODA Kodiaq (JBM Auto),2025-07-20,29.8239,36,INR,KDQ,SKODA Kodiaq,SKODA,Full-size SUV (CKD),4200,0.35,JBM,JBM Auto,domestic,0.14,12,FST,Fasteners,Steel,A,4445,2.778,PO-KDQ-FST-00185-202507-3
KDQ-FST-00185,Fasteners A01 - SKODA Kodiaq (JBM Auto),2025-08-06,30.3241,16,INR,KDQ,SKODA Kodiaq,SKODA,Full-size SUV (CKD),4200,0.35,JBM,JBM Auto,domestic,0.14,12,FST,Fasteners,Steel,A,4445,2.778,PO-KDQ-FST-00185-202508-1
KDQ-FST-00185,Fasteners A01 - SKODA Kodiaq (JBM Auto),2025-08-13,30.1381,24,INR,KDQ,SKODA Kodiaq,SKODA,Full-size SUV (CKD),4200,0.35,JBM,JBM Auto,domestic,0.14,12,FST,Fasteners,Steel,A,4445,2.778,PO-KDQ-FST-00185-202508-2
KDQ-FST-00185,Fasteners A01 - SKODA Kodiaq (JBM Auto),2025-08-20,29.7223,10,INR,KDQ,SKODA Kodiaq,SKODA,Full-size SUV (CKD),4200,0.35,JBM,JBM Auto,domestic,0.14,12,FST,Fasteners,Steel,A,4445,2.778,PO-KDQ-FST-00185-202508-3
KDQ-FST-00185,Fasteners A01 - SKODA Kodiaq (JBM Auto),2025-09-06,29.4267,50,INR,KDQ,SKODA Kodiaq,SKODA,Full-size SUV (CKD),4200,0.35,JBM,JBM Auto,domestic,0.14,12,FST,Fasteners,Steel,A,4445,2.778,PO-KDQ-FST-00185-202509-1
KDQ-FST-00185,Fasteners A01 - SKODA Kodiaq (JBM Auto),2025-10-06,30.0211,50,INR,KDQ,SKODA Kodiaq,SKODA,Full-size SUV (CKD),4200,0.35,JBM,JBM Auto,domestic,0.14,12,FST,Fasteners,Steel,A,4445,2.778,PO-KDQ-FST-00185-202510-1
KDQ-FST-00185,Fasteners A01 - SKODA Kodiaq (JBM Auto),2025-11-06,29.237,11,INR,KDQ,SKODA Kodiaq,SKODA,Full-size SUV (CKD),4200,0.35,JBM,JBM Auto,domestic,0.14,12,FST,Fasteners,Steel,A,4445,2.778,PO-KDQ-FST-00185-202511-1
KDQ-FST-00185,Fasteners A01 - SKODA Kodiaq (JBM Auto),2025-11-13,29.2926,21,INR,KDQ,SKODA Kodiaq,SKODA,Full-size SUV (CKD),4200,0.35,JBM,JBM Auto,domestic,0.14,12,FST,Fasteners,Steel,A,4445,2.778,PO-KDQ-FST-00185-202511-2
KDQ-FST-00185,Fasteners A01 - SKODA Kodiaq (JBM Auto),2025-11-20,28.7674,18,INR,KDQ,SKODA Kodiaq,SKODA,Full-size SUV (CKD),4200,0.35,JBM,JBM Auto,domestic,0.14,12,FST,Fasteners,Steel,A,4445,2.778,PO-KDQ-FST-00185-202511-3
KDQ-FST-00185,Fasteners A01 - SKODA Kodiaq (JBM Auto),2025-12-06,31.3958,39,INR,KDQ,SKODA Kodiaq,SKODA,Full-size SUV (CKD),4200,0.35,JBM,JBM Auto,domestic,0.14,12,FST,Fasteners,Steel,A,4445,2.778,PO-KDQ-FST-00185-202512-1
KDQ-FST-00185,Fasteners A01 - SKODA Kodiaq (JBM Auto),2025-12-13,31.0754,10,INR,KDQ,SKODA Kodiaq,SKODA,Full-size SUV (CKD),4200,0.35,JBM,JBM Auto,domestic,0.14,12,FST,Fasteners,Steel,A,4445,2.778,PO-KDQ-FST-00185-202512-2
KDQ-FST-00185,Fasteners A01 - SKODA Kodiaq (JBM Auto),2025-12-20,31.0118,1,INR,KDQ,SKODA Kodiaq,SKODA,Full-size SUV (CKD),4200,0.35,JBM,JBM Auto,domestic,0.14,12,FST,Fasteners,Steel,A,4445,2.778,PO-KDQ-FST-00185-202512-3
KDQ-FST-00185,Fasteners A01 - SKODA Kodiaq (JBM Auto),2026-01-06,32.1491,16,INR,KDQ,SKODA Kodiaq,SKODA,Full-size SUV (CKD),4200,0.35,JBM,JBM Auto,domestic,0.14,12,FST,Fasteners,Steel,A,4445,2.778,PO-KDQ-FST-00185-202601-1
KDQ-FST-00185,Fasteners A01 - SKODA Kodiaq (JBM Auto),2026-01-13,31.5479,30,INR,KDQ,SKODA Kodiaq,SKODA,Full-size SUV (CKD),4200,0.35,JBM,JBM Auto,domestic,0.14,12,FST,Fasteners,Steel,A,4445,2.778,PO-KDQ-FST-00185-202601-2
KDQ-FST-00185,Fasteners A01 - SKODA Kodiaq (JBM Auto),2026-01-20,32.0463,4,INR,KDQ,SKODA Kodiaq,SKODA,Full-size SUV (CKD),4200,0.35,JBM,JBM Auto,domestic,0.14,12,FST,Fasteners,Steel,A,4445,2.778,PO-KDQ-FST-00185-202601-3
KDQ-FST-00185,Fasteners A01 - SKODA Kodiaq (JBM Auto),2026-02-06,,37,INR,KDQ,SKODA Kodiaq,SKODA,Full-size SUV (CKD),4200,0.35,JBM,JBM Auto,domestic,0.14,12,FST,Fasteners,Steel,A,4445,2.778,PO-KDQ-FST-00185-202602-1
KDQ-FST-00185,Fasteners A01 - SKODA Kodiaq (JBM Auto),2026-02-13,,13,INR,KDQ,SKODA Kodiaq,SKODA,Full-size SUV (CKD),4200,0.35,JBM,JBM Auto,domestic,0.14,12,FST,Fasteners,Steel,A,4445,2.778,PO-KDQ-FST-00185-202602-2
KDQ-FST-00185,Fasteners A01 - SKODA Kodiaq (JBM Auto),2026-03-06,32.4038,3,INR,KDQ,SKODA Kodiaq,SKODA,Full-size SUV (CKD),4200,0.35,JBM,JBM Auto,domestic,0.14,12,FST,Fasteners,Steel,A,4445,2.778,PO-KDQ-FST-00185-202603-1
KDQ-FST-00185,Fasteners A01 - SKODA Kodiaq (JBM Auto),2026-03-13,31.8055,29,INR,KDQ,SKODA Kodiaq,SKODA,Full-size SUV (CKD),4200,0.35,JBM,JBM Auto,domestic,0.14,12,FST,Fasteners,Steel,A,4445,2.778,PO-KDQ-FST-00185-202603-2
KDQ-FST-00185,Fasteners A01 - SKODA Kodiaq (JBM Auto),2026-03-20,32.0079,18,INR,KDQ,SKODA Kodiaq,SKODA,Full-size SUV (CKD),4200,0.35,JBM,JBM Auto,domestic,0.14,12,FST,Fasteners,Steel,A,4445,2.778,PO-KDQ-FST-00185-202603-3
KDQ-FST-00185,Fasteners A01 - SKODA Kodiaq (JBM Auto),2026-04-06,32.286,26,INR,KDQ,SKODA Kodiaq,SKODA,Full-size SUV (CKD),4200,0.35,JBM,JBM Auto,domestic,0.14,12,FST,Fasteners,Steel,A,4445,2.778,PO-KDQ-FST-00185-202604-1
KDQ-FST-00185,Fasteners A01 - SKODA Kodiaq (JBM Auto),2026-04-13,31.8807,4,INR,KDQ,SKODA Kodiaq,SKODA,Full-size SUV (CKD),4200,0.35,JBM,JBM Auto,domestic,0.14,12,FST,Fasteners,Steel,A,4445,2.778,PO-KDQ-FST-00185-202604-2
KDQ-FST-00185,Fasteners A01 - SKODA Kodiaq (JBM Auto),2026-04-20,32.3815,20,INR,KDQ,SKODA Kodiaq,SKODA,Full-size SUV (CKD),4200,0.35,JBM,JBM Auto,domestic,0.14,12,FST,Fasteners,Steel,A,4445,2.778,PO-KDQ-FST-00185-202604-3
KDQ-FST-00185,Fasteners A01 - SKODA Kodiaq (JBM Auto),2026-05-06,31.7061,14,INR,KDQ,SKODA Kodiaq,SKODA,Full-size SUV (CKD),4200,0.35,JBM,JBM Auto,domestic,0.14,12,FST,Fasteners,Steel,A,4445,2.778,PO-KDQ-FST-00185-202605-1
KDQ-FST-00185,Fasteners A01 - SKODA Kodiaq (JBM Auto),2026-05-13,31.9098,14,INR,KDQ,SKODA Kodiaq,SKODA,Full-size SUV (CKD),4200,0.35,JBM,JBM Auto,domestic,0.14,12,FST,Fasteners,Steel,A,4445,2.778,PO-KDQ-FST-00185-202605-2
KDQ-FST-00185,Fasteners A01 - SKODA Kodiaq (JBM Auto),2026-05-20,32.1715,21,INR,KDQ,SKODA Kodiaq,SKODA,Full-size SUV (CKD),4200,0.35,JBM,JBM Auto,domestic,0.14,12,FST,Fasteners,Steel,A,4445,2.778,PO-KDQ-FST-00185-202605-3
KDQ-FST-00185,Fasteners A01 - SKODA Kodiaq (JBM Auto),2026-06-06,31.3955,20,INR,KDQ,SKODA Kodiaq,SKODA,Full-size SUV (CKD),4200,0.35,JBM,JBM Auto,domestic,0.14,12,FST,Fasteners,Steel,A,4445,2.778,PO-KDQ-FST-00185-202606-1
KDQ-FST-00185,Fasteners A01 - SKODA Kodiaq (JBM Auto),2026-06-13,31.0395,30,INR,KDQ,SKODA Kodiaq,SKODA,Full-size SUV (CKD),4200,0.35,JBM,JBM Auto,domestic,0.14,12,FST,Fasteners,Steel,A,4445,2.778,PO-KDQ-FST-00185-202606-2
KDQ-BDY-00191,Body Stampings C18 - SKODA Kodiaq (Endurance Technologies),2023-07-06,1441.0597,50,INR,KDQ,SKODA Kodiaq,SKODA,Full-size SUV (CKD),4200,0.35,END,Endurance Technologies,domestic,0.2,3,BDY,Body Stampings,Steel,C,3904,0.952,PO-KDQ-BDY-00191-202307-1
KDQ-BDY-00191,Body Stampings C18 - SKODA Kodiaq (Endurance Technologies),2023-08-06,1374.8348,22,INR,KDQ,SKODA Kodiaq,SKODA,Full-size SUV (CKD),4200,0.35,END,Endurance Technologies,domestic,0.2,3,BDY,Body Stampings,Steel,C,3904,0.952,PO-KDQ-BDY-00191-202308-1
KDQ-BDY-00191,Body Stampings C18 - SKODA Kodiaq (Endurance Technologies),2023-08-13,1401.7121,28,INR,KDQ,SKODA Kodiaq,SKODA,Full-size SUV (CKD),4200,0.35,END,Endurance Technologies,domestic,0.2,3,BDY,Body Stampings,Steel,C,3904,0.952,PO-KDQ-BDY-00191-202308-2
KDQ-BDY-00191,Body Stampings C18 - SKODA Kodiaq (Endurance Technologies),2023-09-06,1343.7458,50,INR,KDQ,SKODA Kodiaq,SKODA,Full-size SUV (CKD),4200,0.35,END,Endurance Technologies,domestic,0.2,3,BDY,Body Stampings,Steel,C,3904,0.952,PO-KDQ-BDY-00191-202309-1
KDQ-BDY-00191,Body Stampings C18 - SKODA Kodiaq (Endurance Technologies),2023-10-06,1345.558,21,INR,KDQ,SKODA Kodiaq,SKODA,Full-size SUV (CKD),4200,0.35,END,Endurance Technologies,domestic,0.2,3,BDY,Body Stampings,Steel,C,3904,0.952,PO-KDQ-BDY-00191-202310-1
KDQ-BDY-00191,Body Stampings C18 - SKODA Kodiaq (Endurance Technologies),2023-10-13,1361.8132,29,INR,KDQ,SKODA Kodiaq,SKODA,Full-size SUV (CKD),4200,0.35,END,Endurance Technologies,domestic,0.2,3,BDY,Body Stampings,Steel,C,3904,0.952,PO-KDQ-BDY-00191-202310-2
KDQ-BDY-00191,Body Stampings C18 - SKODA Kodiaq (Endurance Technologies),2023-11-06,1353.7657,31,INR,KDQ,SKODA Kodiaq,SKODA,Full-size SUV (CKD),4200,0.35,END,Endurance Technologies,domestic,0.2,3,BDY,Body Stampings,Steel,C,3904,0.952,PO-KDQ-BDY-00191-202311-1
KDQ-BDY-00191,Body Stampings C18 - SKODA Kodiaq (Endurance Technologies),2023-11-13,1342.1166,19,INR,KDQ,SKODA Kodiaq,SKODA,Full-size SUV (CKD),4200,0.35,END,Endurance Technologies,domestic,0.2,3,BDY,Body Stampings,Steel,C,3904,0.952,PO-KDQ-BDY-00191-202311-2
KDQ-BDY-00191,Body Stampings C18 - SKODA Kodiaq (Endurance Technologies),2023-12-06,1386.379,50,INR,KDQ,SKODA Kodiaq,SKODA,Full-size SUV (CKD),4200,0.35,END,Endurance Technologies,domestic,0.2,3,BDY,Body Stampings,Steel,C,3904,0.952,PO-KDQ-BDY-00191-202312-1
KDQ-BDY-00191,Body Stampings C18 - SKODA Kodiaq (Endurance Technologies),2024-01-06,1431.2509,50,INR,KDQ,SKODA Kodiaq,SKODA,Full-size SUV (CKD),4200,0.35,END,Endurance Technologies,domestic,0.2,3,BDY,Body Stampings,Steel,C,3904,0.952,PO-KDQ-BDY-00191-202401-1
KDQ-BDY-00191,Body Stampings C18 - SKODA Kodiaq (Endurance Technologies),2024-02-06,1425.023,18,INR,KDQ,SKODA Kodiaq,SKODA,Full-size SUV (CKD),4200,0.35,END,Endurance Technologies,domestic,0.2,3,BDY,Body Stampings,Steel,C,3904,0.952,PO-KDQ-BDY-00191-202402-1
KDQ-BDY-00191,Body Stampings C18 - SKODA Kodiaq (Endurance Technologies),2024-02-13,1410.854,1,INR,KDQ,SKODA Kodiaq,SKODA,Full-size SUV (CKD),4200,0.35,END,Endurance Technologies,domestic,0.2,3,BDY,Body Stampings,Steel,C,3904,0.952,PO-KDQ-BDY-00191-202402-2
KDQ-BDY-00191,Body Stampings C18 - SKODA Kodiaq (Endurance Technologies),2024-02-20,1424.1651,31,INR,KDQ,SKODA Kodiaq,SKODA,Full-size SUV (CKD),4200,0.35,END,Endurance Technologies,domestic,0.2,3,BDY,Body Stampings,Steel,C,3904,0.952,PO-KDQ-BDY-00191-202402-3
KDQ-BDY-00191,Body Stampings C18 - SKODA Kodiaq (Endurance Technologies),2024-03-06,1407.3243,50,INR,KDQ,SKODA Kodiaq,SKODA,Full-size SUV (CKD),4200,0.35,END,Endurance Technologies,domestic,0.2,3,BDY,Body Stampings,Steel,C,3904,0.952,PO-KDQ-BDY-00191-202403-1
KDQ-BDY-00191,Body Stampings C18 - SKODA Kodiaq (Endurance Technologies),2024-04-06,1461.298,16,INR,KDQ,SKODA Kodiaq,SKODA,Full-size SUV (CKD),4200,0.35,END,Endurance Technologies,domestic,0.2,3,BDY,Body Stampings,Steel,C,3904,0.952,PO-KDQ-BDY-00191-202404-1
KDQ-BDY-00191,Body Stampings C18 - SKODA Kodiaq (Endurance Technologies),2024-04-13,1436.4432,34,INR,KDQ,SKODA Kodiaq,SKODA,Full-size SUV (CKD),4200,0.35,END,Endurance Technologies,domestic,0.2,3,BDY,Body Stampings,Steel,C,3904,0.952,PO-KDQ-BDY-00191-202404-2
KDQ-BDY-00191,Body Stampings C18 - SKODA Kodiaq (Endurance Technologies),2024-05-06,1420.5303,25,INR,KDQ,SKODA Kodiaq,SKODA,Full-size SUV (CKD),4200,0.35,END,Endurance Technologies,domestic,0.2,3,BDY,Body Stampings,Steel,C,3904,0.952,PO-KDQ-BDY-00191-202405-1
KDQ-BDY-00191,Body Stampings C18 - SKODA Kodiaq (Endurance Technologies),2024-05-13,1457.2765,25,INR,KDQ,SKODA Kodiaq,SKODA,Full-size SUV (CKD),4200,0.35,END,Endurance Technologies,domestic,0.2,3,BDY,Body Stampings,Steel,C,3904,0.952,PO-KDQ-BDY-00191-202405-2
KDQ-BDY-00191,Body Stampings C18 - SKODA Kodiaq (Endurance Technologies),2024-06-06,1428.9903,9,INR,KDQ,SKODA Kodiaq,SKODA,Full-size SUV (CKD),4200,0.35,END,Endurance Technologies,domestic,0.2,3,BDY,Body Stampings,Steel,C,3904,0.952,PO-KDQ-BDY-00191-202406-1
KDQ-BDY-00191,Body Stampings C18 - SKODA Kodiaq (Endurance Technologies),2024-06-13,1438.8001,41,INR,KDQ,SKODA Kodiaq,SKODA,Full-size SUV (CKD),4200,0.35,END,Endurance Technologies,domestic,0.2,3,BDY,Body Stampings,Steel,C,3904,0.952,PO-KDQ-BDY-00191-202406-2
KDQ-BDY-00191,Body Stampings C18 - SKODA Kodiaq (Endurance Technologies),2024-07-06,1455.2062,25,INR,KDQ,SKODA Kodiaq,SKODA,Full-size SUV (CKD),4200,0.35,END,Endurance Technologies,domestic,0.2,3,BDY,Body Stampings,Steel,C,3904,0.952,PO-KDQ-BDY-00191-202407-1
KDQ-BDY-00191,Body Stampings C18 - SKODA Kodiaq (Endurance Technologies),2024-07-13,1458.8236,25,INR,KDQ,SKODA Kodiaq,SKODA,Full-size SUV (CKD),4200,0.35,END,Endurance Technologies,domestic,0.2,3,BDY,Body Stampings,Steel,C,3904,0.952,PO-KDQ-BDY-00191-202407-2
KDQ-BDY-00191,Body Stampings C18 - SKODA Kodiaq (Endurance Technologies),2024-08-06,1473.5019,9,INR,KDQ,SKODA Kodiaq,SKODA,Full-size SUV (CKD),4200,0.35,END,Endurance Technologies,domestic,0.2,3,BDY,Body Stampings,Steel,C,3904,0.952,PO-KDQ-BDY-00191-202408-1
KDQ-BDY-00191,Body Stampings C18 - SKODA Kodiaq (Endurance Technologies),2024-08-13,1479.9051,41,INR,KDQ,SKODA Kodiaq,SKODA,Full-size SUV (CKD),4200,0.35,END,Endurance Technologies,domestic,0.2,3,BDY,Body Stampings,Steel,C,3904,0.952,PO-KDQ-BDY-00191-202408-2
KDQ-BDY-00191,Body Stampings C18 - SKODA Kodiaq (Endurance Technologies),2024-09-06,1486.5633,50,INR,KDQ,SKODA Kodiaq,SKODA,Full-size SUV (CKD),4200,0.35,END,Endurance Technologies,domestic,0.2,3,BDY,Body Stampings,Steel,C,3904,0.952,PO-KDQ-BDY-00191-202409-1
KDQ-BDY-00191,Body Stampings C18 - SKODA Kodiaq (Endurance Technologies),2024-10-06,1468.7916,34,INR,KDQ,SKODA Kodiaq,SKODA,Full-size SUV (CKD),4200,0.35,END,Endurance Technologies,domestic,0.2,3,BDY,Body Stampings,Steel,C,3904,0.952,PO-KDQ-BDY-00191-202410-1
KDQ-BDY-00191,Body Stampings C18 - SKODA Kodiaq (Endurance Technologies),2024-10-13,1446.7153,16,INR,KDQ,SKODA Kodiaq,SKODA,Full-size SUV (CKD),4200,0.35,END,Endurance Technologies,domestic,0.2,3,BDY,Body Stampings,Steel,C,3904,0.952,PO-KDQ-BDY-00191-202410-2
KDQ-BDY-00191,Body Stampings C18 - SKODA Kodiaq (Endurance Technologies),2024-11-06,1396.3749,14,INR,KDQ,SKODA Kodiaq,SKODA,Full-size SUV (CKD),4200,0.35,END,Endurance Technologies,domestic,0.2,3,BDY,Body Stampings,Steel,C,3904,0.952,PO-KDQ-BDY-00191-202411-1
KDQ-BDY-00191,Body Stampings C18 - SKODA Kodiaq (Endurance Technologies),2024-11-13,1384.7119,36,INR,KDQ,SKODA Kodiaq,SKODA,Full-size SUV (CKD),4200,0.35,END,Endurance Technologies,domestic,0.2,3,BDY,Body Stampings,Steel,C,3904,0.952,PO-KDQ-BDY-00191-202411-2
KDQ-BDY-00191,Body Stampings C18 - SKODA Kodiaq (Endurance Technologies),2024-12-06,1423.8966,3,INR,KDQ,SKODA Kodiaq,SKODA,Full-size SUV (CKD),4200,0.35,END,Endurance Technologies,domestic,0.2,3,BDY,Body Stampings,Steel,C,3904,0.952,PO-KDQ-BDY-00191-202412-1
KDQ-BDY-00191,Body Stampings C18 - SKODA Kodiaq (Endurance Technologies),2024-12-13,1407.4904,47,INR,KDQ,SKODA Kodiaq,SKODA,Full-size SUV (CKD),4200,0.35,END,Endurance Technologies,domestic,0.2,3,BDY,Body Stampings,Steel,C,3904,0.952,PO-KDQ-BDY-00191-202412-2
KDQ-BDY-00191,Body Stampings C18 - SKODA Kodiaq (Endurance Technologies),2025-01-06,1409.896,30,INR,KDQ,SKODA Kodiaq,SKODA,Full-size SUV (CKD),4200,0.35,END,Endurance Technologies,domestic,0.2,3,BDY,Body Stampings,Steel,C,3904,0.952,PO-KDQ-BDY-00191-202501-1
KDQ-BDY-00191,Body Stampings C18 - SKODA Kodiaq (Endurance Technologies),2025-01-13,1427.247,13,INR,KDQ,SKODA Kodiaq,SKODA,Full-size SUV (CKD),4200,0.35,END,Endurance Technologies,domestic,0.2,3,BDY,Body Stampings,Steel,C,3904,0.952,PO-KDQ-BDY-00191-202501-2
KDQ-BDY-00191,Body Stampings C18 - SKODA Kodiaq (Endurance Technologies),2025-01-20,1444.7114,7,INR,KDQ,SKODA Kodiaq,SKODA,Full-size SUV (CKD),4200,0.35,END,Endurance Technologies,domestic,0.2,3,BDY,Body Stampings,Steel,C,3904,0.952,PO-KDQ-BDY-00191-202501-3
KDQ-BDY-00191,Body Stampings C18 - SKODA Kodiaq (Endurance Technologies),2025-02-06,1444.1574,18,INR,KDQ,SKODA Kodiaq,SKODA,Full-size SUV (CKD),4200,0.35,END,Endurance Technologies,domestic,0.2,3,BDY,Body Stampings,Steel,C,3904,0.952,PO-KDQ-BDY-00191-202502-1
KDQ-BDY-00191,Body Stampings C18 - SKODA Kodiaq (Endurance Technologies),2025-02-13,1455.4424,32,INR,KDQ,SKODA Kodiaq,SKODA,Full-size SUV (CKD),4200,0.35,END,Endurance Technologies,domestic,0.2,3,BDY,Body Stampings,Steel,C,3904,0.952,PO-KDQ-BDY-00191-202502-2
KDQ-BDY-00191,Body Stampings C18 - SKODA Kodiaq (Endurance Technologies),2025-03-06,1474.3687,38,INR,KDQ,SKODA Kodiaq,SKODA,Full-size SUV (CKD),4200,0.35,END,Endurance Technologies,domestic,0.2,3,BDY,Body Stampings,Steel,C,3904,0.952,PO-KDQ-BDY-00191-202503-1
KDQ-BDY-00191,Body Stampings C18 - SKODA Kodiaq (Endurance Technologies),2025-03-13,1470.2609,12,INR,KDQ,SKODA Kodiaq,SKODA,Full-size SUV (CKD),4200,0.35,END,Endurance Technologies,domestic,0.2,3,BDY,Body Stampings,Steel,C,3904,0.952,PO-KDQ-BDY-00191-202503-2
KDQ-BDY-00191,Body Stampings C18 - SKODA Kodiaq (Endurance Technologies),2025-04-06,1484.0687,21,INR,KDQ,SKODA Kodiaq,SKODA,Full-size SUV (CKD),4200,0.35,END,Endurance Technologies,domestic,0.2,3,BDY,Body Stampings,Steel,C,3904,0.952,PO-KDQ-BDY-00191-202504-1
KDQ-BDY-00191,Body Stampings C18 - SKODA Kodiaq (Endurance Technologies),2025-04-13,1507.3971,24,INR,KDQ,SKODA Kodiaq,SKODA,Full-size SUV (CKD),4200,0.35,END,Endurance Technologies,domestic,0.2,3,BDY,Body Stampings,Steel,C,3904,0.952,PO-KDQ-BDY-00191-202504-2
KDQ-BDY-00191,Body Stampings C18 - SKODA Kodiaq (Endurance Technologies),2025-04-20,1511.5989,5,INR,KDQ,SKODA Kodiaq,SKODA,Full-size SUV (CKD),4200,0.35,END,Endurance Technologies,domestic,0.2,3,BDY,Body Stampings,Steel,C,3904,0.952,PO-KDQ-BDY-00191-202504-3
KDQ-BDY-00191,Body Stampings C18 - SKODA Kodiaq (Endurance Technologies),2025-05-06,1461.2355,32,INR,KDQ,SKODA Kodiaq,SKODA,Full-size SUV (CKD),4200,0.35,END,Endurance Technologies,domestic,0.2,3,BDY,Body Stampings,Steel,C,3904,0.952,PO-KDQ-BDY-00191-202505-1
KDQ-BDY-00191,Body Stampings C18 - SKODA Kodiaq (Endurance Technologies),2025-05-13,1499.0861,18,INR,KDQ,SKODA Kodiaq,SKODA,Full-size SUV (CKD),4200,0.35,END,Endurance Technologies,domestic,0.2,3,BDY,Body Stampings,Steel,C,3904,0.952,PO-KDQ-BDY-00191-202505-2
KDQ-BDY-00191,Body Stampings C18 - SKODA Kodiaq (Endurance Technologies),2025-06-06,1493.4741,10,INR,KDQ,SKODA Kodiaq,SKODA,Full-size SUV (CKD),4200,0.35,END,Endurance Technologies,domestic,0.2,3,BDY,Body Stampings,Steel,C,3904,0.952,PO-KDQ-BDY-00191-202506-1
KDQ-BDY-00191,Body Stampings C18 - SKODA Kodiaq (Endurance Technologies),2025-06-13,1484.1917,40,INR,KDQ,SKODA Kodiaq,SKODA,Full-size SUV (CKD),4200,0.35,END,Endurance Technologies,domestic,0.2,3,BDY,Body Stampings,Steel,C,3904,0.952,PO-KDQ-BDY-00191-202506-2
KDQ-BDY-00191,Body Stampings C18 - SKODA Kodiaq (Endurance Technologies),2025-07-06,1553.1968,23,INR,KDQ,SKODA Kodiaq,SKODA,Full-size SUV (CKD),4200,0.35,END,Endurance Technologies,domestic,0.2,3,BDY,Body Stampings,Steel,C,3904,0.952,PO-KDQ-BDY-00191-202507-1
KDQ-BDY-00191,Body Stampings C18 - SKODA Kodiaq (Endurance Technologies),2025-07-13,1553.7801,27,INR,KDQ,SKODA Kodiaq,SKODA,Full-size SUV (CKD),4200,0.35,END,Endurance Technologies,domestic,0.2,3,BDY,Body Stampings,Steel,C,3904,0.952,PO-KDQ-BDY-00191-202507-2
KDQ-BDY-00191,Body Stampings C18 - SKODA Kodiaq (Endurance Technologies),2025-08-06,1522.9276,3,INR,KDQ,SKODA Kodiaq,SKODA,Full-size SUV (CKD),4200,0.35,END,Endurance Technologies,domestic,0.2,3,BDY,Body Stampings,Steel,C,3904,0.952,PO-KDQ-BDY-00191-202508-1
KDQ-BDY-00191,Body Stampings C18 - SKODA Kodiaq (Endurance Technologies),2025-08-13,1536.4837,47,INR,KDQ,SKODA Kodiaq,SKODA,Full-size SUV (CKD),4200,0.35,END,Endurance Technologies,domestic,0.2,3,BDY,Body Stampings,Steel,C,3904,0.952,PO-KDQ-BDY-00191-202508-2
KDQ-BDY-00191,Body Stampings C18 - SKODA Kodiaq (Endurance Technologies),2025-09-06,1524.0692,50,INR,KDQ,SKODA Kodiaq,SKODA,Full-size SUV (CKD),4200,0.35,END,Endurance Technologies,domestic,0.2,3,BDY,Body Stampings,Steel,C,3904,0.952,PO-KDQ-BDY-00191-202509-1
KDQ-BDY-00191,Body Stampings C18 - SKODA Kodiaq (Endurance Technologies),2025-10-06,1543.4464,50,INR,KDQ,SKODA Kodiaq,SKODA,Full-size SUV (CKD),4200,0.35,END,Endurance Technologies,domestic,0.2,3,BDY,Body Stampings,Steel,C,3904,0.952,PO-KDQ-BDY-00191-202510-1
KDQ-BDY-00191,Body Stampings C18 - SKODA Kodiaq (Endurance Technologies),2025-11-06,1548.6823,27,INR,KDQ,SKODA Kodiaq,SKODA,Full-size SUV (CKD),4200,0.35,END,Endurance Technologies,domestic,0.2,3,BDY,Body Stampings,Steel,C,3904,0.952,PO-KDQ-BDY-00191-202511-1
KDQ-BDY-00191,Body Stampings C18 - SKODA Kodiaq (Endurance Technologies),2025-11-13,1547.0274,23,INR,KDQ,SKODA Kodiaq,SKODA,Full-size SUV (CKD),4200,0.35,END,Endurance Technologies,domestic,0.2,3,BDY,Body Stampings,Steel,C,3904,0.952,PO-KDQ-BDY-00191-202511-2
KDQ-BDY-00191,Body Stampings C18 - SKODA Kodiaq (Endurance Technologies),2025-12-06,1589.064,29,INR,KDQ,SKODA Kodiaq,SKODA,Full-size SUV (CKD),4200,0.35,END,Endurance Technologies,domestic,0.2,3,BDY,Body Stampings,Steel,C,3904,0.952,PO-KDQ-BDY-00191-202512-1
KDQ-BDY-00191,Body Stampings C18 - SKODA Kodiaq (Endurance Technologies),2025-12-13,1584.2686,21,INR,KDQ,SKODA Kodiaq,SKODA,Full-size SUV (CKD),4200,0.35,END,Endurance Technologies,domestic,0.2,3,BDY,Body Stampings,Steel,C,3904,0.952,PO-KDQ-BDY-00191-202512-2
KDQ-BDY-00191,Body Stampings C18 - SKODA Kodiaq (Endurance Technologies),2026-01-06,1593.5631,40,INR,KDQ,SKODA Kodiaq,SKODA,Full-size SUV (CKD),4200,0.35,END,Endurance Technologies,domestic,0.2,3,BDY,Body Stampings,Steel,C,3904,0.952,PO-KDQ-BDY-00191-202601-1
KDQ-BDY-00191,Body Stampings C18 - SKODA Kodiaq (Endurance Technologies),2026-01-13,1574.804,10,INR,KDQ,SKODA Kodiaq,SKODA,Full-size SUV (CKD),4200,0.35,END,Endurance Technologies,domestic,0.2,3,BDY,Body Stampings,Steel,C,3904,0.952,PO-KDQ-BDY-00191-202601-2
KDQ-BDY-00191,Body Stampings C18 - SKODA Kodiaq (Endurance Technologies),2026-02-06,1636.0878,20,INR,KDQ,SKODA Kodiaq,SKODA,Full-size SUV (CKD),4200,0.35,END,Endurance Technologies,domestic,0.2,3,BDY,Body Stampings,Steel,C,3904,0.952,PO-KDQ-BDY-00191-202602-1
KDQ-BDY-00191,Body Stampings C18 - SKODA Kodiaq (Endurance Technologies),2026-02-13,1616.4111,4,INR,KDQ,SKODA Kodiaq,SKODA,Full-size SUV (CKD),4200,0.35,END,Endurance Technologies,domestic,0.2,3,BDY,Body Stampings,Steel,C,3904,0.952,PO-KDQ-BDY-00191-202602-2
KDQ-BDY-00191,Body Stampings C18 - SKODA Kodiaq (Endurance Technologies),2026-02-20,1620.3452,26,INR,KDQ,SKODA Kodiaq,SKODA,Full-size SUV (CKD),4200,0.35,END,Endurance Technologies,domestic,0.2,3,BDY,Body Stampings,Steel,C,3904,0.952,PO-KDQ-BDY-00191-202602-3
KDQ-BDY-00191,Body Stampings C18 - SKODA Kodiaq (Endurance Technologies),2026-03-06,1684.2285,50,INR,KDQ,SKODA Kodiaq,SKODA,Full-size SUV (CKD),4200,0.35,END,Endurance Technologies,domestic,0.2,3,BDY,Body Stampings,Steel,C,3904,0.952,PO-KDQ-BDY-00191-202603-1
KDQ-BDY-00191,Body Stampings C18 - SKODA Kodiaq (Endurance Technologies),2026-04-06,1686.0596,3,INR,KDQ,SKODA Kodiaq,SKODA,Full-size SUV (CKD),4200,0.35,END,Endurance Technologies,domestic,0.2,3,BDY,Body Stampings,Steel,C,3904,0.952,PO-KDQ-BDY-00191-202604-1
KDQ-BDY-00191,Body Stampings C18 - SKODA Kodiaq (Endurance Technologies),2026-04-13,1655.6146,36,INR,KDQ,SKODA Kodiaq,SKODA,Full-size SUV (CKD),4200,0.35,END,Endurance Technologies,domestic,0.2,3,BDY,Body Stampings,Steel,C,3904,0.952,PO-KDQ-BDY-00191-202604-2
KDQ-BDY-00191,Body Stampings C18 - SKODA Kodiaq (Endurance Technologies),2026-04-20,1680.1722,11,INR,KDQ,SKODA Kodiaq,SKODA,Full-size SUV (CKD),4200,0.35,END,Endurance Technologies,domestic,0.2,3,BDY,Body Stampings,Steel,C,3904,0.952,PO-KDQ-BDY-00191-202604-3
KDQ-BDY-00191,Body Stampings C18 - SKODA Kodiaq (Endurance Technologies),2026-05-06,1581.0105,13,INR,KDQ,SKODA Kodiaq,SKODA,Full-size SUV (CKD),4200,0.35,END,Endurance Technologies,domestic,0.2,3,BDY,Body Stampings,Steel,C,3904,0.952,PO-KDQ-BDY-00191-202605-1
KDQ-BDY-00191,Body Stampings C18 - SKODA Kodiaq (Endurance Technologies),2026-05-13,1594.8936,2,INR,KDQ,SKODA Kodiaq,SKODA,Full-size SUV (CKD),4200,0.35,END,Endurance Technologies,domestic,0.2,3,BDY,Body Stampings,Steel,C,3904,0.952,PO-KDQ-BDY-00191-202605-2
KDQ-BDY-00191,Body Stampings C18 - SKODA Kodiaq (Endurance Technologies),2026-05-20,1613.1231,35,INR,KDQ,SKODA Kodiaq,SKODA,Full-size SUV (CKD),4200,0.35,END,Endurance Technologies,domestic,0.2,3,BDY,Body Stampings,Steel,C,3904,0.952,PO-KDQ-BDY-00191-202605-3
KDQ-BDY-00191,Body Stampings C18 - SKODA Kodiaq (Endurance Technologies),2026-06-06,1604.243,50,INR,KDQ,SKODA Kodiaq,SKODA,Full-size SUV (CKD),4200,0.35,END,Endurance Technologies,domestic,0.2,3,BDY,Body Stampings,Steel,C,3904,0.952,PO-KDQ-BDY-00191-202606-1
KDQ-CHS-00197,Chassis B38 - SKODA Kodiaq (Endurance Technologies),2023-07-06,4069.119,6,INR,KDQ,SKODA Kodiaq,SKODA,Full-size SUV (CKD),4200,0.35,END,Endurance Technologies,domestic,0.2,3,CHS,Chassis,Steel,B,4305,1.53,PO-KDQ-CHS-00197-202307-1
KDQ-CHS-00197,Chassis B38 - SKODA Kodiaq (Endurance Technologies),2023-07-13,4075.5195,44,INR,KDQ,SKODA Kodiaq,SKODA,Full-size SUV (CKD),4200,0.35,END,Endurance Technologies,domestic,0.2,3,CHS,Chassis,Steel,B,4305,1.53,PO-KDQ-CHS-00197-202307-2
KDQ-CHS-00197,Chassis B38 - SKODA Kodiaq (Endurance Technologies),2023-08-06,4122.2613,19,INR,KDQ,SKODA Kodiaq,SKODA,Full-size SUV (CKD),4200,0.35,END,Endurance Technologies,domestic,0.2,3,CHS,Chassis,Steel,B,4305,1.53,PO-KDQ-CHS-00197-202308-1
KDQ-CHS-00197,Chassis B38 - SKODA Kodiaq (Endurance Technologies),2023-08-13,4223.5969,8,INR,KDQ,SKODA Kodiaq,SKODA,Full-size SUV (CKD),4200,0.35,END,Endurance Technologies,domestic,0.2,3,CHS,Chassis,Steel,B,4305,1.53,PO-KDQ-CHS-00197-202308-2
KDQ-CHS-00197,Chassis B38 - SKODA Kodiaq (Endurance Technologies),2023-08-20,4154.8058,22,INR,KDQ,SKODA Kodiaq,SKODA,Full-size SUV (CKD),4200,0.35,END,Endurance Technologies,domestic,0.2,3,CHS,Chassis,Steel,B,4305,1.53,PO-KDQ-CHS-00197-202308-3
KDQ-CHS-00197,Chassis B38 - SKODA Kodiaq (Endurance Technologies),2023-09-06,3922.1928,50,INR,KDQ,SKODA Kodiaq,SKODA,Full-size SUV (CKD),4200,0.35,END,Endurance Technologies,domestic,0.2,3,CHS,Chassis,Steel,B,4305,1.53,PO-KDQ-CHS-00197-202309-1
KDQ-CHS-00197,Chassis B38 - SKODA Kodiaq (Endurance Technologies),2023-10-06,4067.3826,16,INR,KDQ,SKODA Kodiaq,SKODA,Full-size SUV (CKD),4200,0.35,END,Endurance Technologies,domestic,0.2,3,CHS,Chassis,Steel,B,4305,1.53,PO-KDQ-CHS-00197-202310-1
KDQ-CHS-00197,Chassis B38 - SKODA Kodiaq (Endurance Technologies),2023-10-13,4045.4041,24,INR,KDQ,SKODA Kodiaq,SKODA,Full-size SUV (CKD),4200,0.35,END,Endurance Technologies,domestic,0.2,3,CHS,Chassis,Steel,B,4305,1.53,PO-KDQ-CHS-00197-202310-2
KDQ-CHS-00197,Chassis B38 - SKODA Kodiaq (Endurance Technologies),2023-10-20,4036.038,10,INR,KDQ,SKODA Kodiaq,SKODA,Full-size SUV (CKD),4200,0.35,END,Endurance Technologies,domestic,0.2,3,CHS,Chassis,Steel,B,4305,1.53,PO-KDQ-CHS-00197-202310-3
KDQ-CHS-00197,Chassis B38 - SKODA Kodiaq (Endurance Technologies),2023-11-06,4138.908,15,INR,KDQ,SKODA Kodiaq,SKODA,Full-size SUV (CKD),4200,0.35,END,Endurance Technologies,domestic,0.2,3,CHS,Chassis,Steel,B,4305,1.53,PO-KDQ-CHS-00197-202311-1
KDQ-CHS-00197,Chassis B38 - SKODA Kodiaq (Endurance Technologies),2023-11-13,4086.9383,17,INR,KDQ,SKODA Kodiaq,SKODA,Full-size SUV (CKD),4200,0.35,END,Endurance Technologies,domestic,0.2,3,CHS,Chassis,Steel,B,4305,1.53,PO-KDQ-CHS-00197-202311-2
KDQ-CHS-00197,Chassis B38 - SKODA Kodiaq (Endurance Technologies),2023-11-20,4064.7757,17,INR,KDQ,SKODA Kodiaq,SKODA,Full-size SUV (CKD),4200,0.35,END,Endurance Technologies,domestic,0.2,3,CHS,Chassis,Steel,B,4305,1.53,PO-KDQ-CHS-00197-202311-3
KDQ-CHS-00197,Chassis B38 - SKODA Kodiaq (Endurance Technologies),2023-12-06,4241.9539,39,INR,KDQ,SKODA Kodiaq,SKODA,Full-size SUV (CKD),4200,0.35,END,Endurance Technologies,domestic,0.2,3,CHS,Chassis,Steel,B,4305,1.53,PO-KDQ-CHS-00197-202312-1
KDQ-CHS-00197,Chassis B38 - SKODA Kodiaq (Endurance Technologies),2023-12-13,4238.0629,11,INR,KDQ,SKODA Kodiaq,SKODA,Full-size SUV (CKD),4200,0.35,END,Endurance Technologies,domestic,0.2,3,CHS,Chassis,Steel,B,4305,1.53,PO-KDQ-CHS-00197-202312-2
KDQ-CHS-00197,Chassis B38 - SKODA Kodiaq (Endurance Technologies),2024-01-06,4200.2263,2,INR,KDQ,SKODA Kodiaq,SKODA,Full-size SUV (CKD),4200,0.35,END,Endurance Technologies,domestic,0.2,3,CHS,Chassis,Steel,B,4305,1.53,PO-KDQ-CHS-00197-202401-1
KDQ-CHS-00197,Chassis B38 - SKODA Kodiaq (Endurance Technologies),2024-01-13,4197.0411,6,INR,KDQ,SKODA Kodiaq,SKODA,Full-size SUV (CKD),4200,0.35,END,Endurance Technologies,domestic,0.2,3,CHS,Chassis,Steel,B,4305,1.53,PO-KDQ-CHS-00197-202401-2
KDQ-CHS-00197,Chassis B38 - SKODA Kodiaq (Endurance Technologies),2024-01-20,4135.1501,42,INR,KDQ,SKODA Kodiaq,SKODA,Full-size SUV (CKD),4200,0.35,END,Endurance Technologies,domestic,0.2,3,CHS,Chassis,Steel,B,4305,1.53,PO-KDQ-CHS-00197-202401-3
KDQ-CHS-00197,Chassis B38 - SKODA Kodiaq (Endurance Technologies),2024-02-06,4280.4134,50,INR,KDQ,SKODA Kodiaq,SKODA,Full-size SUV (CKD),4200,0.35,END,Endurance Technologies,domestic,0.2,3,CHS,Chassis,Steel,B,4305,1.53,PO-KDQ-CHS-00197-202402-1
KDQ-CHS-00197,Chassis B38 - SKODA Kodiaq (Endurance Technologies),2024-02-13,4157.4082,1,INR,KDQ,SKODA Kodiaq,SKODA,Full-size SUV (CKD),4200,0.35,END,Endurance Technologies,domestic,0.2,3,CHS,Chassis,Steel,B,4305,1.53,PO-KDQ-CHS-00197-202402-2
KDQ-CHS-00197,Chassis B38 - SKODA Kodiaq (Endurance Technologies),2024-03-06,4254.4983,50,INR,KDQ,SKODA Kodiaq,SKODA,Full-size SUV (CKD),4200,0.35,END,Endurance Technologies,domestic,0.2,3,CHS,Chassis,Steel,B,4305,1.53,PO-KDQ-CHS-00197-202403-1
KDQ-CHS-00197,Chassis B38 - SKODA Kodiaq (Endurance Technologies),2024-04-06,4355.8736,50,INR,KDQ,SKODA Kodiaq,SKODA,Full-size SUV (CKD),4200,0.35,END,Endurance Technologies,domestic,0.2,3,CHS,Chassis,Steel,B,4305,1.53,PO-KDQ-CHS-00197-202404-1
KDQ-CHS-00197,Chassis B38 - SKODA Kodiaq (Endurance Technologies),2024-05-06,4349.9508,50,INR,KDQ,SKODA Kodiaq,SKODA,Full-size SUV (CKD),4200,0.35,END,Endurance Technologies,domestic,0.2,3,CHS,Chassis,Steel,B,4305,1.53,PO-KDQ-CHS-00197-202405-1
KDQ-CHS-00197,Chassis B38 - SKODA Kodiaq (Endurance Technologies),2024-06-06,4214.6218,45,INR,KDQ,SKODA Kodiaq,SKODA,Full-size SUV (CKD),4200,0.35,END,Endurance Technologies,domestic,0.2,3,CHS,Chassis,Steel,B,4305,1.53,PO-KDQ-CHS-00197-202406-1
KDQ-CHS-00197,Chassis B38 - SKODA Kodiaq (Endurance Technologies),2024-06-13,4213.7172,5,INR,KDQ,SKODA Kodiaq,SKODA,Full-size SUV (CKD),4200,0.35,END,Endurance Technologies,domestic,0.2,3,CHS,Chassis,Steel,B,4305,1.53,PO-KDQ-CHS-00197-202406-2
KDQ-CHS-00197,Chassis B38 - SKODA Kodiaq (Endurance Technologies),2024-07-06,4187.5739,44,INR,KDQ,SKODA Kodiaq,SKODA,Full-size SUV (CKD),4200,0.35,END,Endurance Technologies,domestic,0.2,3,CHS,Chassis,Steel,B,4305,1.53,PO-KDQ-CHS-00197-202407-1
KDQ-CHS-00197,Chassis B38 - SKODA Kodiaq (Endurance Technologies),2024-07-13,4130.6899,6,INR,KDQ,SKODA Kodiaq,SKODA,Full-size SUV (CKD),4200,0.35,END,Endurance Technologies,domestic,0.2,3,CHS,Chassis,Steel,B,4305,1.53,PO-KDQ-CHS-00197-202407-2
KDQ-CHS-00197,Chassis B38 - SKODA Kodiaq (Endurance Technologies),2024-08-06,4304.4564,1,INR,KDQ,SKODA Kodiaq,SKODA,Full-size SUV (CKD),4200,0.35,END,Endurance Technologies,domestic,0.2,3,CHS,Chassis,Steel,B,4305,1.53,PO-KDQ-CHS-00197-202408-1
KDQ-CHS-00197,Chassis B38 - SKODA Kodiaq (Endurance Technologies),2024-08-13,4182.7458,50,INR,KDQ,SKODA Kodiaq,SKODA,Full-size SUV (CKD),4200,0.35,END,Endurance Technologies,domestic,0.2,3,CHS,Chassis,Steel,B,4305,1.53,PO-KDQ-CHS-00197-202408-2
KDQ-CHS-00197,Chassis B38 - SKODA Kodiaq (Endurance Technologies),2024-09-06,4124.4329,21,INR,KDQ,SKODA Kodiaq,SKODA,Full-size SUV (CKD),4200,0.35,END,Endurance Technologies,domestic,0.2,3,CHS,Chassis,Steel,B,4305,1.53,PO-KDQ-CHS-00197-202409-1
KDQ-CHS-00197,Chassis B38 - SKODA Kodiaq (Endurance Technologies),2024-09-13,4173.9563,29,INR,KDQ,SKODA Kodiaq,SKODA,Full-size SUV (CKD),4200,0.35,END,Endurance Technologies,domestic,0.2,3,CHS,Chassis,Steel,B,4305,1.53,PO-KDQ-CHS-00197-202409-2
KDQ-CHS-00197,Chassis B38 - SKODA Kodiaq (Endurance Technologies),2024-10-06,4254.7449,6,INR,KDQ,SKODA Kodiaq,SKODA,Full-size SUV (CKD),4200,0.35,END,Endurance Technologies,domestic,0.2,3,CHS,Chassis,Steel,B,4305,1.53,PO-KDQ-CHS-00197-202410-1
KDQ-CHS-00197,Chassis B38 - SKODA Kodiaq (Endurance Technologies),2024-10-13,4216.9521,35,INR,KDQ,SKODA Kodiaq,SKODA,Full-size SUV (CKD),4200,0.35,END,Endurance Technologies,domestic,0.2,3,CHS,Chassis,Steel,B,4305,1.53,PO-KDQ-CHS-00197-202410-2
KDQ-CHS-00197,Chassis B38 - SKODA Kodiaq (Endurance Technologies),2024-10-20,4208.7501,9,INR,KDQ,SKODA Kodiaq,SKODA,Full-size SUV (CKD),4200,0.35,END,Endurance Technologies,domestic,0.2,3,CHS,Chassis,Steel,B,4305,1.53,PO-KDQ-CHS-00197-202410-3
KDQ-CHS-00197,Chassis B38 - SKODA Kodiaq (Endurance Technologies),2024-11-06,4276.6017,50,INR,KDQ,SKODA Kodiaq,SKODA,Full-size SUV (CKD),4200,0.35,END,Endurance Technologies,domestic,0.2,3,CHS,Chassis,Steel,B,4305,1.53,PO-KDQ-CHS-00197-202411-1
KDQ-CHS-00197,Chassis B38 - SKODA Kodiaq (Endurance Technologies),2024-12-06,4266.564,5,INR,KDQ,SKODA Kodiaq,SKODA,Full-size SUV (CKD),4200,0.35,END,Endurance Technologies,domestic,0.2,3,CHS,Chassis,Steel,B,4305,1.53,PO-KDQ-CHS-00197-202412-1
KDQ-CHS-00197,Chassis B38 - SKODA Kodiaq (Endurance Technologies),2024-12-13,4314.8289,43,INR,KDQ,SKODA Kodiaq,SKODA,Full-size SUV (CKD),4200,0.35,END,Endurance Technologies,domestic,0.2,3,CHS,Chassis,Steel,B,4305,1.53,PO-KDQ-CHS-00197-202412-2
KDQ-CHS-00197,Chassis B38 - SKODA Kodiaq (Endurance Technologies),2024-12-20,4321.3391,2,INR,KDQ,SKODA Kodiaq,SKODA,Full-size SUV (CKD),4200,0.35,END,Endurance Technologies,domestic,0.2,3,CHS,Chassis,Steel,B,4305,1.53,PO-KDQ-CHS-00197-202412-3
KDQ-CHS-00197,Chassis B38 - SKODA Kodiaq (Endurance Technologies),2025-01-06,4667.6974,50,INR,KDQ,SKODA Kodiaq,SKODA,Full-size SUV (CKD),4200,0.35,END,Endurance Technologies,domestic,0.2,3,CHS,Chassis,Steel,B,4305,1.53,PO-KDQ-CHS-00197-202501-1
KDQ-CHS-00197,Chassis B38 - SKODA Kodiaq (Endurance Technologies),2025-02-06,4465.9812,50,INR,KDQ,SKODA Kodiaq,SKODA,Full-size SUV (CKD),4200,0.35,END,Endurance Technologies,domestic,0.2,3,CHS,Chassis,Steel,B,4305,1.53,PO-KDQ-CHS-00197-202502-1
KDQ-CHS-00197,Chassis B38 - SKODA Kodiaq (Endurance Technologies),2025-03-06,4488.5401,1,INR,KDQ,SKODA Kodiaq,SKODA,Full-size SUV (CKD),4200,0.35,END,Endurance Technologies,domestic,0.2,3,CHS,Chassis,Steel,B,4305,1.53,PO-KDQ-CHS-00197-202503-1
KDQ-CHS-00197,Chassis B38 - SKODA Kodiaq (Endurance Technologies),2025-03-13,4467.6055,5,INR,KDQ,SKODA Kodiaq,SKODA,Full-size SUV (CKD),4200,0.35,END,Endurance Technologies,domestic,0.2,3,CHS,Chassis,Steel,B,4305,1.53,PO-KDQ-CHS-00197-202503-2
KDQ-CHS-00197,Chassis B38 - SKODA Kodiaq (Endurance Technologies),2025-03-20,4543.6082,45,INR,KDQ,SKODA Kodiaq,SKODA,Full-size SUV (CKD),4200,0.35,END,Endurance Technologies,domestic,0.2,3,CHS,Chassis,Steel,B,4305,1.53,PO-KDQ-CHS-00197-202503-3
KDQ-CHS-00197,Chassis B38 - SKODA Kodiaq (Endurance Technologies),2025-04-06,4383.4981,18,INR,KDQ,SKODA Kodiaq,SKODA,Full-size SUV (CKD),4200,0.35,END,Endurance Technologies,domestic,0.2,3,CHS,Chassis,Steel,B,4305,1.53,PO-KDQ-CHS-00197-202504-1
KDQ-CHS-00197,Chassis B38 - SKODA Kodiaq (Endurance Technologies),2025-04-13,4446.1113,18,INR,KDQ,SKODA Kodiaq,SKODA,Full-size SUV (CKD),4200,0.35,END,Endurance Technologies,domestic,0.2,3,CHS,Chassis,Steel,B,4305,1.53,PO-KDQ-CHS-00197-202504-2
KDQ-CHS-00197,Chassis B38 - SKODA Kodiaq (Endurance Technologies),2025-04-20,4482.2149,15,INR,KDQ,SKODA Kodiaq,SKODA,Full-size SUV (CKD),4200,0.35,END,Endurance Technologies,domestic,0.2,3,CHS,Chassis,Steel,B,4305,1.53,PO-KDQ-CHS-00197-202504-3
KDQ-CHS-00197,Chassis B38 - SKODA Kodiaq (Endurance Technologies),2025-05-06,4470.5799,12,INR,KDQ,SKODA Kodiaq,SKODA,Full-size SUV (CKD),4200,0.35,END,Endurance Technologies,domestic,0.2,3,CHS,Chassis,Steel,B,4305,1.53,PO-KDQ-CHS-00197-202505-1
KDQ-CHS-00197,Chassis B38 - SKODA Kodiaq (Endurance Technologies),2025-05-13,4440.9472,18,INR,KDQ,SKODA Kodiaq,SKODA,Full-size SUV (CKD),4200,0.35,END,Endurance Technologies,domestic,0.2,3,CHS,Chassis,Steel,B,4305,1.53,PO-KDQ-CHS-00197-202505-2
KDQ-CHS-00197,Chassis B38 - SKODA Kodiaq (Endurance Technologies),2025-05-20,4513.53,19,INR,KDQ,SKODA Kodiaq,SKODA,Full-size SUV (CKD),4200,0.35,END,Endurance Technologies,domestic,0.2,3,CHS,Chassis,Steel,B,4305,1.53,PO-KDQ-CHS-00197-202505-3
KDQ-CHS-00197,Chassis B38 - SKODA Kodiaq (Endurance Technologies),2025-06-06,4513.0659,10,INR,KDQ,SKODA Kodiaq,SKODA,Full-size SUV (CKD),4200,0.35,END,Endurance Technologies,domestic,0.2,3,CHS,Chassis,Steel,B,4305,1.53,PO-KDQ-CHS-00197-202506-1
KDQ-CHS-00197,Chassis B38 - SKODA Kodiaq (Endurance Technologies),2025-06-13,4557.688,6,INR,KDQ,SKODA Kodiaq,SKODA,Full-size SUV (CKD),4200,0.35,END,Endurance Technologies,domestic,0.2,3,CHS,Chassis,Steel,B,4305,1.53,PO-KDQ-CHS-00197-202506-2
KDQ-CHS-00197,Chassis B38 - SKODA Kodiaq (Endurance Technologies),2025-06-20,4554.3867,35,INR,KDQ,SKODA Kodiaq,SKODA,Full-size SUV (CKD),4200,0.35,END,Endurance Technologies,domestic,0.2,3,CHS,Chassis,Steel,B,4305,1.53,PO-KDQ-CHS-00197-202506-3
KDQ-CHS-00197,Chassis B38 - SKODA Kodiaq (Endurance Technologies),2025-07-06,4475.0724,50,INR,KDQ,SKODA Kodiaq,SKODA,Full-size SUV (CKD),4200,0.35,END,Endurance Technologies,domestic,0.2,3,CHS,Chassis,Steel,B,4305,1.53,PO-KDQ-CHS-00197-202507-1
KDQ-CHS-00197,Chassis B38 - SKODA Kodiaq (Endurance Technologies),2025-08-06,4436.9857,50,INR,KDQ,SKODA Kodiaq,SKODA,Full-size SUV (CKD),4200,0.35,END,Endurance Technologies,domestic,0.2,3,CHS,Chassis,Steel,B,4305,1.53,PO-KDQ-CHS-00197-202508-1
KDQ-CHS-00197,Chassis B38 - SKODA Kodiaq (Endurance Technologies),2025-09-06,4367.8866,50,INR,KDQ,SKODA Kodiaq,SKODA,Full-size SUV (CKD),4200,0.35,END,Endurance Technologies,domestic,0.2,3,CHS,Chassis,Steel,B,4305,1.53,PO-KDQ-CHS-00197-202509-1
KDQ-CHS-00197,Chassis B38 - SKODA Kodiaq (Endurance Technologies),2025-10-06,4327.9824,32,INR,KDQ,SKODA Kodiaq,SKODA,Full-size SUV (CKD),4200,0.35,END,Endurance Technologies,domestic,0.2,3,CHS,Chassis,Steel,B,4305,1.53,PO-KDQ-CHS-00197-202510-1
KDQ-CHS-00197,Chassis B38 - SKODA Kodiaq (Endurance Technologies),2025-10-13,4308.2611,6,INR,KDQ,SKODA Kodiaq,SKODA,Full-size SUV (CKD),4200,0.35,END,Endurance Technologies,domestic,0.2,3,CHS,Chassis,Steel,B,4305,1.53,PO-KDQ-CHS-00197-202510-2
KDQ-CHS-00197,Chassis B38 - SKODA Kodiaq (Endurance Technologies),2025-10-20,4308.2933,12,INR,KDQ,SKODA Kodiaq,SKODA,Full-size SUV (CKD),4200,0.35,END,Endurance Technologies,domestic,0.2,3,CHS,Chassis,Steel,B,4305,1.53,PO-KDQ-CHS-00197-202510-3
KDQ-CHS-00197,Chassis B38 - SKODA Kodiaq (Endurance Technologies),2025-11-06,4545.5232,32,INR,KDQ,SKODA Kodiaq,SKODA,Full-size SUV (CKD),4200,0.35,END,Endurance Technologies,domestic,0.2,3,CHS,Chassis,Steel,B,4305,1.53,PO-KDQ-CHS-00197-202511-1
KDQ-CHS-00197,Chassis B38 - SKODA Kodiaq (Endurance Technologies),2025-11-13,4496.0607,9,INR,KDQ,SKODA Kodiaq,SKODA,Full-size SUV (CKD),4200,0.35,END,Endurance Technologies,domestic,0.2,3,CHS,Chassis,Steel,B,4305,1.53,PO-KDQ-CHS-00197-202511-2
KDQ-CHS-00197,Chassis B38 - SKODA Kodiaq (Endurance Technologies),2025-11-20,4465.4925,9,INR,KDQ,SKODA Kodiaq,SKODA,Full-size SUV (CKD),4200,0.35,END,Endurance Technologies,domestic,0.2,3,CHS,Chassis,Steel,B,4305,1.53,PO-KDQ-CHS-00197-202511-3
KDQ-CHS-00197,Chassis B38 - SKODA Kodiaq (Endurance Technologies),2025-12-06,4544.0111,50,INR,KDQ,SKODA Kodiaq,SKODA,Full-size SUV (CKD),4200,0.35,END,Endurance Technologies,domestic,0.2,3,CHS,Chassis,Steel,B,4305,1.53,PO-KDQ-CHS-00197-202512-1
KDQ-CHS-00197,Chassis B38 - SKODA Kodiaq (Endurance Technologies),2026-01-06,4460.9267,50,INR,KDQ,SKODA Kodiaq,SKODA,Full-size SUV (CKD),4200,0.35,END,Endurance Technologies,domestic,0.2,3,CHS,Chassis,Steel,B,4305,1.53,PO-KDQ-CHS-00197-202601-1
KDQ-CHS-00197,Chassis B38 - SKODA Kodiaq (Endurance Technologies),2026-02-06,4771.8424,14,INR,KDQ,SKODA Kodiaq,SKODA,Full-size SUV (CKD),4200,0.35,END,Endurance Technologies,domestic,0.2,3,CHS,Chassis,Steel,B,4305,1.53,PO-KDQ-CHS-00197-202602-1
KDQ-CHS-00197,Chassis B38 - SKODA Kodiaq (Endurance Technologies),2026-02-13,4732.7359,36,INR,KDQ,SKODA Kodiaq,SKODA,Full-size SUV (CKD),4200,0.35,END,Endurance Technologies,domestic,0.2,3,CHS,Chassis,Steel,B,4305,1.53,PO-KDQ-CHS-00197-202602-2
KDQ-CHS-00197,Chassis B38 - SKODA Kodiaq (Endurance Technologies),2026-03-06,4636.6854,50,INR,KDQ,SKODA Kodiaq,SKODA,Full-size SUV (CKD),4200,0.35,END,Endurance Technologies,domestic,0.2,3,CHS,Chassis,Steel,B,4305,1.53,PO-KDQ-CHS-00197-202603-1
KDQ-CHS-00197,Chassis B38 - SKODA Kodiaq (Endurance Technologies),2026-04-06,4785.7378,24,INR,KDQ,SKODA Kodiaq,SKODA,Full-size SUV (CKD),4200,0.35,END,Endurance Technologies,domestic,0.2,3,CHS,Chassis,Steel,B,4305,1.53,PO-KDQ-CHS-00197-202604-1
KDQ-CHS-00197,Chassis B38 - SKODA Kodiaq (Endurance Technologies),2026-04-13,4678.1712,6,INR,KDQ,SKODA Kodiaq,SKODA,Full-size SUV (CKD),4200,0.35,END,Endurance Technologies,domestic,0.2,3,CHS,Chassis,Steel,B,4305,1.53,PO-KDQ-CHS-00197-202604-2
KDQ-CHS-00197,Chassis B38 - SKODA Kodiaq (Endurance Technologies),2026-04-20,4751.0684,20,INR,KDQ,SKODA Kodiaq,SKODA,Full-size SUV (CKD),4200,0.35,END,Endurance Technologies,domestic,0.2,3,CHS,Chassis,Steel,B,4305,1.53,PO-KDQ-CHS-00197-202604-3
KDQ-CHS-00197,Chassis B38 - SKODA Kodiaq (Endurance Technologies),2026-05-06,4785.9871,2,INR,KDQ,SKODA Kodiaq,SKODA,Full-size SUV (CKD),4200,0.35,END,Endurance Technologies,domestic,0.2,3,CHS,Chassis,Steel,B,4305,1.53,PO-KDQ-CHS-00197-202605-1
KDQ-CHS-00197,Chassis B38 - SKODA Kodiaq (Endurance Technologies),2026-05-13,4846.6109,9,INR,KDQ,SKODA Kodiaq,SKODA,Full-size SUV (CKD),4200,0.35,END,Endurance Technologies,domestic,0.2,3,CHS,Chassis,Steel,B,4305,1.53,PO-KDQ-CHS-00197-202605-2
KDQ-CHS-00197,Chassis B38 - SKODA Kodiaq (Endurance Technologies),2026-05-20,4842.8446,40,INR,KDQ,SKODA Kodiaq,SKODA,Full-size SUV (CKD),4200,0.35,END,Endurance Technologies,domestic,0.2,3,CHS,Chassis,Steel,B,4305,1.53,PO-KDQ-CHS-00197-202605-3
KDQ-CHS-00197,Chassis B38 - SKODA Kodiaq (Endurance Technologies),2026-06-06,4708.7512,22,INR,KDQ,SKODA Kodiaq,SKODA,Full-size SUV (CKD),4200,0.35,END,Endurance Technologies,domestic,0.2,3,CHS,Chassis,Steel,B,4305,1.53,PO-KDQ-CHS-00197-202606-1
KDQ-CHS-00197,Chassis B38 - SKODA Kodiaq (Endurance Technologies),2026-06-13,4692.3435,28,INR,KDQ,SKODA Kodiaq,SKODA,Full-size SUV (CKD),4200,0.35,END,Endurance Technologies,domestic,0.2,3,CHS,Chassis,Steel,B,4305,1.53,PO-KDQ-CHS-00197-202606-2
KDQ-BRK-00209,Braking C35 - SKODA Kodiaq (ZF India),2023-07-06,3175.1141,2,INR,KDQ,SKODA Kodiaq,SKODA,Full-size SUV (CKD),4200,0.35,ZFI,ZF India,international,0.55,3,BRK,Braking,Cast iron,C,8168,2.375,PO-KDQ-BRK-00209-202307-1
KDQ-BRK-00209,Braking C35 - SKODA Kodiaq (ZF India),2023-07-13,3200.3719,32,INR,KDQ,SKODA Kodiaq,SKODA,Full-size SUV (CKD),4200,0.35,ZFI,ZF India,international,0.55,3,BRK,Braking,Cast iron,C,8168,2.375,PO-KDQ-BRK-00209-202307-2
KDQ-BRK-00209,Braking C35 - SKODA Kodiaq (ZF India),2023-07-20,3283.1798,16,INR,KDQ,SKODA Kodiaq,SKODA,Full-size SUV (CKD),4200,0.35,ZFI,ZF India,international,0.55,3,BRK,Braking,Cast iron,C,8168,2.375,PO-KDQ-BRK-00209-202307-3
KDQ-BRK-00209,Braking C35 - SKODA Kodiaq (ZF India),2023-08-06,3354.4309,22,INR,KDQ,SKODA Kodiaq,SKODA,Full-size SUV (CKD),4200,0.35,ZFI,ZF India,international,0.55,3,BRK,Braking,Cast iron,C,8168,2.375,PO-KDQ-BRK-00209-202308-1
KDQ-BRK-00209,Braking C35 - SKODA Kodiaq (ZF India),2023-08-13,3321.4695,26,INR,KDQ,SKODA Kodiaq,SKODA,Full-size SUV (CKD),4200,0.35,ZFI,ZF India,international,0.55,3,BRK,Braking,Cast iron,C,8168,2.375,PO-KDQ-BRK-00209-202308-2
KDQ-BRK-00209,Braking C35 - SKODA Kodiaq (ZF India),2023-08-20,3313.0253,2,INR,KDQ,SKODA Kodiaq,SKODA,Full-size SUV (CKD),4200,0.35,ZFI,ZF India,international,0.55,3,BRK,Braking,Cast iron,C,8168,2.375,PO-KDQ-BRK-00209-202308-3
KDQ-BRK-00209,Braking C35 - SKODA Kodiaq (ZF India),2023-09-06,3439.6321,50,INR,KDQ,SKODA Kodiaq,SKODA,Full-size SUV (CKD),4200,0.35,ZFI,ZF India,international,0.55,3,BRK,Braking,Cast iron,C,8168,2.375,PO-KDQ-BRK-00209-202309-1
KDQ-BRK-00209,Braking C35 - SKODA Kodiaq (ZF India),2023-10-06,3340.2388,1,INR,KDQ,SKODA Kodiaq,SKODA,Full-size SUV (CKD),4200,0.35,ZFI,ZF India,international,0.55,3,BRK,Braking,Cast iron,C,8168,2.375,PO-KDQ-BRK-00209-202310-1
KDQ-BRK-00209,Braking C35 - SKODA Kodiaq (ZF India),2023-10-13,3392.1519,19,INR,KDQ,SKODA Kodiaq,SKODA,Full-size SUV (CKD),4200,0.35,ZFI,ZF India,international,0.55,3,BRK,Braking,Cast iron,C,8168,2.375,PO-KDQ-BRK-00209-202310-2
KDQ-BRK-00209,Braking C35 - SKODA Kodiaq (ZF India),2023-10-20,3363.8442,30,INR,KDQ,SKODA Kodiaq,SKODA,Full-size SUV (CKD),4200,0.35,ZFI,ZF India,international,0.55,3,BRK,Braking,Cast iron,C,8168,2.375,PO-KDQ-BRK-00209-202310-3
KDQ-BRK-00209,Braking C35 - SKODA Kodiaq (ZF India),2023-11-06,3334.28,12,INR,KDQ,SKODA Kodiaq,SKODA,Full-size SUV (CKD),4200,0.35,ZFI,ZF India,international,0.55,3,BRK,Braking,Cast iron,C,8168,2.375,PO-KDQ-BRK-00209-202311-1
KDQ-BRK-00209,Braking C35 - SKODA Kodiaq (ZF India),2023-11-13,3323.1927,38,INR,KDQ,SKODA Kodiaq,SKODA,Full-size SUV (CKD),4200,0.35,ZFI,ZF India,international,0.55,3,BRK,Braking,Cast iron,C,8168,2.375,PO-KDQ-BRK-00209-202311-2
KDQ-BRK-00209,Braking C35 - SKODA Kodiaq (ZF India),2023-12-06,3262.7338,8,INR,KDQ,SKODA Kodiaq,SKODA,Full-size SUV (CKD),4200,0.35,ZFI,ZF India,international,0.55,3,BRK,Braking,Cast iron,C,8168,2.375,PO-KDQ-BRK-00209-202312-1
KDQ-BRK-00209,Braking C35 - SKODA Kodiaq (ZF India),2023-12-13,3271.3981,28,INR,KDQ,SKODA Kodiaq,SKODA,Full-size SUV (CKD),4200,0.35,ZFI,ZF India,international,0.55,3,BRK,Braking,Cast iron,C,8168,2.375,PO-KDQ-BRK-00209-202312-2
KDQ-BRK-00209,Braking C35 - SKODA Kodiaq (ZF India),2023-12-20,3244.2277,14,INR,KDQ,SKODA Kodiaq,SKODA,Full-size SUV (CKD),4200,0.35,ZFI,ZF India,international,0.55,3,BRK,Braking,Cast iron,C,8168,2.375,PO-KDQ-BRK-00209-202312-3
KDQ-BRK-00209,Braking C35 - SKODA Kodiaq (ZF India),2024-01-06,3128.1971,30,INR,KDQ,SKODA Kodiaq,SKODA,Full-size SUV (CKD),4200,0.35,ZFI,ZF India,international,0.55,3,BRK,Braking,Cast iron,C,8168,2.375,PO-KDQ-BRK-00209-202401-1
KDQ-BRK-00209,Braking C35 - SKODA Kodiaq (ZF India),2024-01-13,3154.7443,20,INR,KDQ,SKODA Kodiaq,SKODA,Full-size SUV (CKD),4200,0.35,ZFI,ZF India,international,0.55,3,BRK,Braking,Cast iron,C,8168,2.375,PO-KDQ-BRK-00209-202401-2
KDQ-BRK-00209,Braking C35 - SKODA Kodiaq (ZF India),2024-02-06,3217.6284,50,INR,KDQ,SKODA Kodiaq,SKODA,Full-size SUV (CKD),4200,0.35,ZFI,ZF India,international,0.55,3,BRK,Braking,Cast iron,C,8168,2.375,PO-KDQ-BRK-00209-202402-1
KDQ-BRK-00209,Braking C35 - SKODA Kodiaq (ZF India),2024-03-06,3157.5123,50,INR,KDQ,SKODA Kodiaq,SKODA,Full-size SUV (CKD),4200,0.35,ZFI,ZF India,international,0.55,3,BRK,Braking,Cast iron,C,8168,2.375,PO-KDQ-BRK-00209-202403-1
KDQ-BRK-00209,Braking C35 - SKODA Kodiaq (ZF India),2024-04-06,3161.3544,29,INR,KDQ,SKODA Kodiaq,SKODA,Full-size SUV (CKD),4200,0.35,ZFI,ZF India,international,0.55,3,BRK,Braking,Cast iron,C,8168,2.375,PO-KDQ-BRK-00209-202404-1
KDQ-BRK-00209,Braking C35 - SKODA Kodiaq (ZF India),2024-04-13,3149.0746,18,INR,KDQ,SKODA Kodiaq,SKODA,Full-size SUV (CKD),4200,0.35,ZFI,ZF India,international,0.55,3,BRK,Braking,Cast iron,C,8168,2.375,PO-KDQ-BRK-00209-202404-2
KDQ-BRK-00209,Braking C35 - SKODA Kodiaq (ZF India),2024-04-20,3222.7387,2,INR,KDQ,SKODA Kodiaq,SKODA,Full-size SUV (CKD),4200,0.35,ZFI,ZF India,international,0.55,3,BRK,Braking,Cast iron,C,8168,2.375,PO-KDQ-BRK-00209-202404-3
KDQ-BRK-00209,Braking C35 - SKODA Kodiaq (ZF India),2024-05-06,3208.0316,50,INR,KDQ,SKODA Kodiaq,SKODA,Full-size SUV (CKD),4200,0.35,ZFI,ZF India,international,0.55,3,BRK,Braking,Cast iron,C,8168,2.375,PO-KDQ-BRK-00209-202405-1
KDQ-BRK-00209,Braking C35 - SKODA Kodiaq (ZF India),2024-06-06,3182.8683,27,INR,KDQ,SKODA Kodiaq,SKODA,Full-size SUV (CKD),4200,0.35,ZFI,ZF India,international,0.55,3,BRK,Braking,Cast iron,C,8168,2.375,PO-KDQ-BRK-00209-202406-1
KDQ-BRK-00209,Braking C35 - SKODA Kodiaq (ZF India),2024-06-13,3152.3605,17,INR,KDQ,SKODA Kodiaq,SKODA,Full-size SUV (CKD),4200,0.35,ZFI,ZF India,international,0.55,3,BRK,Braking,Cast iron,C,8168,2.375,PO-KDQ-BRK-00209-202406-2
KDQ-BRK-00209,Braking C35 - SKODA Kodiaq (ZF India),2024-06-20,3186.99,6,INR,KDQ,SKODA Kodiaq,SKODA,Full-size SUV (CKD),4200,0.35,ZFI,ZF India,international,0.55,3,BRK,Braking,Cast iron,C,8168,2.375,PO-KDQ-BRK-00209-202406-3
KDQ-BRK-00209,Braking C35 - SKODA Kodiaq (ZF India),2024-07-06,3217.2275,23,INR,KDQ,SKODA Kodiaq,SKODA,Full-size SUV (CKD),4200,0.35,ZFI,ZF India,international,0.55,3,BRK,Braking,Cast iron,C,8168,2.375,PO-KDQ-BRK-00209-202407-1
KDQ-BRK-00209,Braking C35 - SKODA Kodiaq (ZF India),2024-07-13,3174.3799,27,INR,KDQ,SKODA Kodiaq,SKODA,Full-size SUV (CKD),4200,0.35,ZFI,ZF India,international,0.55,3,BRK,Braking,Cast iron,C,8168,2.375,PO-KDQ-BRK-00209-202407-2
KDQ-BRK-00209,Braking C35 - SKODA Kodiaq (ZF India),2024-08-06,3340.1989,50,INR,KDQ,SKODA Kodiaq,SKODA,Full-size SUV (CKD),4200,0.35,ZFI,ZF India,international,0.55,3,BRK,Braking,Cast iron,C,8168,2.375,PO-KDQ-BRK-00209-202408-1
KDQ-BRK-00209,Braking C35 - SKODA Kodiaq (ZF India),2024-09-06,3391.6898,7,INR,KDQ,SKODA Kodiaq,SKODA,Full-size SUV (CKD),4200,0.35,ZFI,ZF India,international,0.55,3,BRK,Braking,Cast iron,C,8168,2.375,PO-KDQ-BRK-00209-202409-1
KDQ-BRK-00209,Braking C35 - SKODA Kodiaq (ZF India),2024-09-13,3434.7612,40,INR,KDQ,SKODA Kodiaq,SKODA,Full-size SUV (CKD),4200,0.35,ZFI,ZF India,international,0.55,3,BRK,Braking,Cast iron,C,8168,2.375,PO-KDQ-BRK-00209-202409-2
KDQ-BRK-00209,Braking C35 - SKODA Kodiaq (ZF India),2024-09-20,3419.4895,2,INR,KDQ,SKODA Kodiaq,SKODA,Full-size SUV (CKD),4200,0.35,ZFI,ZF India,international,0.55,3,BRK,Braking,Cast iron,C,8168,2.375,PO-KDQ-BRK-00209-202409-3
KDQ-BRK-00209,Braking C35 - SKODA Kodiaq (ZF India),2024-10-06,3351.9391,5,INR,KDQ,SKODA Kodiaq,SKODA,Full-size SUV (CKD),4200,0.35,ZFI,ZF India,international,0.55,3,BRK,Braking,Cast iron,C,8168,2.375,PO-KDQ-BRK-00209-202410-1
KDQ-BRK-00209,Braking C35 - SKODA Kodiaq (ZF India),2024-10-13,3346.6409,45,INR,KDQ,SKODA Kodiaq,SKODA,Full-size SUV (CKD),4200,0.35,ZFI,ZF India,international,0.55,3,BRK,Braking,Cast iron,C,8168,2.375,PO-KDQ-BRK-00209-202410-2
KDQ-BRK-00209,Braking C35 - SKODA Kodiaq (ZF India),2024-11-06,3326.7082,50,INR,KDQ,SKODA Kodiaq,SKODA,Full-size SUV (CKD),4200,0.35,ZFI,ZF India,international,0.55,3,BRK,Braking,Cast iron,C,8168,2.375,PO-KDQ-BRK-00209-202411-1
KDQ-BRK-00209,Braking C35 - SKODA Kodiaq (ZF India),2024-12-06,3371.5452,24,INR,KDQ,SKODA Kodiaq,SKODA,Full-size SUV (CKD),4200,0.35,ZFI,ZF India,international,0.55,3,BRK,Braking,Cast iron,C,8168,2.375,PO-KDQ-BRK-00209-202412-1
KDQ-BRK-00209,Braking C35 - SKODA Kodiaq (ZF India),2024-12-13,3369.7083,26,INR,KDQ,SKODA Kodiaq,SKODA,Full-size SUV (CKD),4200,0.35,ZFI,ZF India,international,0.55,3,BRK,Braking,Cast iron,C,8168,2.375,PO-KDQ-BRK-00209-202412-2
KDQ-BRK-00209,Braking C35 - SKODA Kodiaq (ZF India),2025-01-06,3417.5012,23,INR,KDQ,SKODA Kodiaq,SKODA,Full-size SUV (CKD),4200,0.35,ZFI,ZF India,international,0.55,3,BRK,Braking,Cast iron,C,8168,2.375,PO-KDQ-BRK-00209-202501-1
KDQ-BRK-00209,Braking C35 - SKODA Kodiaq (ZF India),2025-01-13,3399.1052,8,INR,KDQ,SKODA Kodiaq,SKODA,Full-size SUV (CKD),4200,0.35,ZFI,ZF India,international,0.55,3,BRK,Braking,Cast iron,C,8168,2.375,PO-KDQ-BRK-00209-202501-2
KDQ-BRK-00209,Braking C35 - SKODA Kodiaq (ZF India),2025-01-20,3333.4059,19,INR,KDQ,SKODA Kodiaq,SKODA,Full-size SUV (CKD),4200,0.35,ZFI,ZF India,international,0.55,3,BRK,Braking,Cast iron,C,8168,2.375,PO-KDQ-BRK-00209-202501-3
KDQ-BRK-00209,Braking C35 - SKODA Kodiaq (ZF India),2025-02-06,3179.5535,37,INR,KDQ,SKODA Kodiaq,SKODA,Full-size SUV (CKD),4200,0.35,ZFI,ZF India,international,0.55,3,BRK,Braking,Cast iron,C,8168,2.375,PO-KDQ-BRK-00209-202502-1
KDQ-BRK-00209,Braking C35 - SKODA Kodiaq (ZF India),2025-02-13,3194.6988,13,INR,KDQ,SKODA Kodiaq,SKODA,Full-size SUV (CKD),4200,0.35,ZFI,ZF India,international,0.55,3,BRK,Braking,Cast iron,C,8168,2.375,PO-KDQ-BRK-00209-202502-2
KDQ-BRK-00209,Braking C35 - SKODA Kodiaq (ZF India),2025-02-20,3199.3988,1,INR,KDQ,SKODA Kodiaq,SKODA,Full-size SUV (CKD),4200,0.35,ZFI,ZF India,international,0.55,3,BRK,Braking,Cast iron,C,8168,2.375,PO-KDQ-BRK-00209-202502-3
KDQ-BRK-00209,Braking C35 - SKODA Kodiaq (ZF India),2025-03-06,3288.6413,8,INR,KDQ,SKODA Kodiaq,SKODA,Full-size SUV (CKD),4200,0.35,ZFI,ZF India,international,0.55,3,BRK,Braking,Cast iron,C,8168,2.375,PO-KDQ-BRK-00209-202503-1
KDQ-BRK-00209,Braking C35 - SKODA Kodiaq (ZF India),2025-03-13,3306.3271,32,INR,KDQ,SKODA Kodiaq,SKODA,Full-size SUV (CKD),4200,0.35,ZFI,ZF India,international,0.55,3,BRK,Braking,Cast iron,C,8168,2.375,PO-KDQ-BRK-00209-202503-2
KDQ-BRK-00209,Braking C35 - SKODA Kodiaq (ZF India),2025-03-20,3258.8969,11,INR,KDQ,SKODA Kodiaq,SKODA,Full-size SUV (CKD),4200,0.35,ZFI,ZF India,international,0.55,3,BRK,Braking,Cast iron,C,8168,2.375,PO-KDQ-BRK-00209-202503-3
KDQ-BRK-00209,Braking C35 - SKODA Kodiaq (ZF India),2025-04-06,3308.3678,19,INR,KDQ,SKODA Kodiaq,SKODA,Full-size SUV (CKD),4200,0.35,ZFI,ZF India,international,0.55,3,BRK,Braking,Cast iron,C,8168,2.375,PO-KDQ-BRK-00209-202504-1
KDQ-BRK-00209,Braking C35 - SKODA Kodiaq (ZF India),2025-04-13,3302.1551,9,INR,KDQ,SKODA Kodiaq,SKODA,Full-size SUV (CKD),4200,0.35,ZFI,ZF India,international,0.55,3,BRK,Braking,Cast iron,C,8168,2.375,PO-KDQ-BRK-00209-202504-2
KDQ-BRK-00209,Braking C35 - SKODA Kodiaq (ZF India),2025-04-20,3282.6186,23,INR,KDQ,SKODA Kodiaq,SKODA,Full-size SUV (CKD),4200,0.35,ZFI,ZF India,international,0.55,3,BRK,Braking,Cast iron,C,8168,2.375,PO-KDQ-BRK-00209-202504-3
KDQ-BRK-00209,Braking C35 - SKODA Kodiaq (ZF India),2025-05-06,3274.017,25,INR,KDQ,SKODA Kodiaq,SKODA,Full-size SUV (CKD),4200,0.35,ZFI,ZF India,international,0.55,3,BRK,Braking,Cast iron,C,8168,2.375,PO-KDQ-BRK-00209-202505-1
KDQ-BRK-00209,Braking C35 - SKODA Kodiaq (ZF India),2025-05-13,3284.5046,25,INR,KDQ,SKODA Kodiaq,SKODA,Full-size SUV (CKD),4200,0.35,ZFI,ZF India,international,0.55,3,BRK,Braking,Cast iron,C,8168,2.375,PO-KDQ-BRK-00209-202505-2
KDQ-BRK-00209,Braking C35 - SKODA Kodiaq (ZF India),2025-06-06,3276.361,32,INR,KDQ,SKODA Kodiaq,SKODA,Full-size SUV (CKD),4200,0.35,ZFI,ZF India,international,0.55,3,BRK,Braking,Cast iron,C,8168,2.375,PO-KDQ-BRK-00209-202506-1
KDQ-BRK-00209,Braking C35 - SKODA Kodiaq (ZF India),2025-06-13,3277.3412,18,INR,KDQ,SKODA Kodiaq,SKODA,Full-size SUV (CKD),4200,0.35,ZFI,ZF India,international,0.55,3,BRK,Braking,Cast iron,C,8168,2.375,PO-KDQ-BRK-00209-202506-2
KDQ-BRK-00209,Braking C35 - SKODA Kodiaq (ZF India),2025-07-06,3404.5915,7,INR,KDQ,SKODA Kodiaq,SKODA,Full-size SUV (CKD),4200,0.35,ZFI,ZF India,international,0.55,3,BRK,Braking,Cast iron,C,8168,2.375,PO-KDQ-BRK-00209-202507-1
KDQ-BRK-00209,Braking C35 - SKODA Kodiaq (ZF India),2025-07-13,3427.3012,18,INR,KDQ,SKODA Kodiaq,SKODA,Full-size SUV (CKD),4200,0.35,ZFI,ZF India,international,0.55,3,BRK,Braking,Cast iron,C,8168,2.375,PO-KDQ-BRK-00209-202507-2
KDQ-BRK-00209,Braking C35 - SKODA Kodiaq (ZF India),2025-07-20,3417.002,26,INR,KDQ,SKODA Kodiaq,SKODA,Full-size SUV (CKD),4200,0.35,ZFI,ZF India,international,0.55,3,BRK,Braking,Cast iron,C,8168,2.375,PO-KDQ-BRK-00209-202507-3
KDQ-BRK-00209,Braking C35 - SKODA Kodiaq (ZF India),2025-08-06,3488.4298,50,INR,KDQ,SKODA Kodiaq,SKODA,Full-size SUV (CKD),4200,0.35,ZFI,ZF India,international,0.55,3,BRK,Braking,Cast iron,C,8168,2.375,PO-KDQ-BRK-00209-202508-1
KDQ-BRK-00209,Braking C35 - SKODA Kodiaq (ZF India),2025-09-06,3436.1572,50,INR,KDQ,SKODA Kodiaq,SKODA,Full-size SUV (CKD),4200,0.35,ZFI,ZF India,international,0.55,3,BRK,Braking,Cast iron,C,8168,2.375,PO-KDQ-BRK-00209-202509-1
KDQ-BRK-00209,Braking C35 - SKODA Kodiaq (ZF India),2025-10-06,3472.9809,10,INR,KDQ,SKODA Kodiaq,SKODA,Full-size SUV (CKD),4200,0.35,ZFI,ZF India,international,0.55,3,BRK,Braking,Cast iron,C,8168,2.375,PO-KDQ-BRK-00209-202510-1
KDQ-BRK-00209,Braking C35 - SKODA Kodiaq (ZF India),2025-10-13,3460.2018,19,INR,KDQ,SKODA Kodiaq,SKODA,Full-size SUV (CKD),4200,0.35,ZFI,ZF India,international,0.55,3,BRK,Braking,Cast iron,C,8168,2.375,PO-KDQ-BRK-00209-202510-2
KDQ-BRK-00209,Braking C35 - SKODA Kodiaq (ZF India),2025-10-20,3468.3647,22,INR,KDQ,SKODA Kodiaq,SKODA,Full-size SUV (CKD),4200,0.35,ZFI,ZF India,international,0.55,3,BRK,Braking,Cast iron,C,8168,2.375,PO-KDQ-BRK-00209-202510-3
KDQ-BRK-00209,Braking C35 - SKODA Kodiaq (ZF India),2025-11-06,3740.5386,50,INR,KDQ,SKODA Kodiaq,SKODA,Full-size SUV (CKD),4200,0.35,ZFI,ZF India,international,0.55,3,BRK,Braking,Cast iron,C,8168,2.375,PO-KDQ-BRK-00209-202511-1
KDQ-BRK-00209,Braking C35 - SKODA Kodiaq (ZF India),2025-12-06,3615.7492,50,INR,KDQ,SKODA Kodiaq,SKODA,Full-size SUV (CKD),4200,0.35,ZFI,ZF India,international,0.55,3,BRK,Braking,Cast iron,C,8168,2.375,PO-KDQ-BRK-00209-202512-1
KDQ-BRK-00209,Braking C35 - SKODA Kodiaq (ZF India),2026-01-06,3473.3193,30,INR,KDQ,SKODA Kodiaq,SKODA,Full-size SUV (CKD),4200,0.35,ZFI,ZF India,international,0.55,3,BRK,Braking,Cast iron,C,8168,2.375,PO-KDQ-BRK-00209-202601-1
KDQ-BRK-00209,Braking C35 - SKODA Kodiaq (ZF India),2026-01-13,3414.8711,20,INR,KDQ,SKODA Kodiaq,SKODA,Full-size SUV (CKD),4200,0.35,ZFI,ZF India,international,0.55,3,BRK,Braking,Cast iron,C,8168,2.375,PO-KDQ-BRK-00209-202601-2
KDQ-BRK-00209,Braking C35 - SKODA Kodiaq (ZF India),2026-02-06,3323.7974,1,INR,KDQ,SKODA Kodiaq,SKODA,Full-size SUV (CKD),4200,0.35,ZFI,ZF India,international,0.55,3,BRK,Braking,Cast iron,C,8168,2.375,PO-KDQ-BRK-00209-202602-1
KDQ-BRK-00209,Braking C35 - SKODA Kodiaq (ZF India),2026-02-13,3385.761,50,INR,KDQ,SKODA Kodiaq,SKODA,Full-size SUV (CKD),4200,0.35,ZFI,ZF India,international,0.55,3,BRK,Braking,Cast iron,C,8168,2.375,PO-KDQ-BRK-00209-202602-2
KDQ-BRK-00209,Braking C35 - SKODA Kodiaq (ZF India),2026-03-06,3494.7133,35,INR,KDQ,SKODA Kodiaq,SKODA,Full-size SUV (CKD),4200,0.35,ZFI,ZF India,international,0.55,3,BRK,Braking,Cast iron,C,8168,2.375,PO-KDQ-BRK-00209-202603-1
KDQ-BRK-00209,Braking C35 - SKODA Kodiaq (ZF India),2026-03-13,3496.1617,15,INR,KDQ,SKODA Kodiaq,SKODA,Full-size SUV (CKD),4200,0.35,ZFI,ZF India,international,0.55,3,BRK,Braking,Cast iron,C,8168,2.375,PO-KDQ-BRK-00209-202603-2
KDQ-BRK-00209,Braking C35 - SKODA Kodiaq (ZF India),2026-04-06,3475.5655,50,INR,KDQ,SKODA Kodiaq,SKODA,Full-size SUV (CKD),4200,0.35,ZFI,ZF India,international,0.55,3,BRK,Braking,Cast iron,C,8168,2.375,PO-KDQ-BRK-00209-202604-1
KDQ-BRK-00209,Braking C35 - SKODA Kodiaq (ZF India),2026-05-06,3563.2513,50,INR,KDQ,SKODA Kodiaq,SKODA,Full-size SUV (CKD),4200,0.35,ZFI,ZF India,international,0.55,3,BRK,Braking,Cast iron,C,8168,2.375,PO-KDQ-BRK-00209-202605-1
KDQ-BRK-00209,Braking C35 - SKODA Kodiaq (ZF India),2026-06-06,3517.5546,14,INR,KDQ,SKODA Kodiaq,SKODA,Full-size SUV (CKD),4200,0.35,ZFI,ZF India,international,0.55,3,BRK,Braking,Cast iron,C,8168,2.375,PO-KDQ-BRK-00209-202606-1
KDQ-BRK-00209,Braking C35 - SKODA Kodiaq (ZF India),2026-06-13,3591.4747,34,INR,KDQ,SKODA Kodiaq,SKODA,Full-size SUV (CKD),4200,0.35,ZFI,ZF India,international,0.55,3,BRK,Braking,Cast iron,C,8168,2.375,PO-KDQ-BRK-00209-202606-2
KDQ-BRK-00209,Braking C35 - SKODA Kodiaq (ZF India),2026-06-20,3507.6538,2,INR,KDQ,SKODA Kodiaq,SKODA,Full-size SUV (CKD),4200,0.35,ZFI,ZF India,international,0.55,3,BRK,Braking,Cast iron,C,8168,2.375,PO-KDQ-BRK-00209-202606-3
KDQ-ELC-00227,Electrical B08 - SKODA Kodiaq (Aptiv India),2023-07-06,3571.0028,50,INR,KDQ,SKODA Kodiaq,SKODA,Full-size SUV (CKD),4200,0.35,APT,Aptiv India,international,0.6,3,ELC,Electrical,Copper,B,15776,2.207,PO-KDQ-ELC-00227-202307-1
KDQ-ELC-00227,Electrical B08 - SKODA Kodiaq (Aptiv India),2023-08-06,3557.7056,14,INR,KDQ,SKODA Kodiaq,SKODA,Full-size SUV (CKD),4200,0.35,APT,Aptiv India,international,0.6,3,ELC,Electrical,Copper,B,15776,2.207,PO-KDQ-ELC-00227-202308-1
KDQ-ELC-00227,Electrical B08 - SKODA Kodiaq (Aptiv India),2023-08-13,3565.3839,36,INR,KDQ,SKODA Kodiaq,SKODA,Full-size SUV (CKD),4200,0.35,APT,Aptiv India,international,0.6,3,ELC,Electrical,Copper,B,15776,2.207,PO-KDQ-ELC-00227-202308-2
KDQ-ELC-00227,Electrical B08 - SKODA Kodiaq (Aptiv India),2023-08-20,3533.6098,1,INR,KDQ,SKODA Kodiaq,SKODA,Full-size SUV (CKD),4200,0.35,APT,Aptiv India,international,0.6,3,ELC,Electrical,Copper,B,15776,2.207,PO-KDQ-ELC-00227-202308-3
KDQ-ELC-00227,Electrical B08 - SKODA Kodiaq (Aptiv India),2023-09-06,3625.2083,50,INR,KDQ,SKODA Kodiaq,SKODA,Full-size SUV (CKD),4200,0.35,APT,Aptiv India,international,0.6,3,ELC,Electrical,Copper,B,15776,2.207,PO-KDQ-ELC-00227-202309-1
KDQ-ELC-00227,Electrical B08 - SKODA Kodiaq (Aptiv India),2023-10-06,3601.9023,36,INR,KDQ,SKODA Kodiaq,SKODA,Full-size SUV (CKD),4200,0.35,APT,Aptiv India,international,0.6,3,ELC,Electrical,Copper,B,15776,2.207,PO-KDQ-ELC-00227-202310-1
KDQ-ELC-00227,Electrical B08 - SKODA Kodiaq (Aptiv India),2023-10-13,3630.0986,14,INR,KDQ,SKODA Kodiaq,SKODA,Full-size SUV (CKD),4200,0.35,APT,Aptiv India,international,0.6,3,ELC,Electrical,Copper,B,15776,2.207,PO-KDQ-ELC-00227-202310-2
KDQ-ELC-00227,Electrical B08 - SKODA Kodiaq (Aptiv India),2023-11-06,3723.0547,22,INR,KDQ,SKODA Kodiaq,SKODA,Full-size SUV (CKD),4200,0.35,APT,Aptiv India,international,0.6,3,ELC,Electrical,Copper,B,15776,2.207,PO-KDQ-ELC-00227-202311-1
KDQ-ELC-00227,Electrical B08 - SKODA Kodiaq (Aptiv India),2023-11-13,3738.4316,2,INR,KDQ,SKODA Kodiaq,SKODA,Full-size SUV (CKD),4200,0.35,APT,Aptiv India,international,0.6,3,ELC,Electrical,Copper,B,15776,2.207,PO-KDQ-ELC-00227-202311-2
KDQ-ELC-00227,Electrical B08 - SKODA Kodiaq (Aptiv India),2023-11-20,3718.3421,26,INR,KDQ,SKODA Kodiaq,SKODA,Full-size SUV (CKD),4200,0.35,APT,Aptiv India,international,0.6,3,ELC,Electrical,Copper,B,15776,2.207,PO-KDQ-ELC-00227-202311-3
KDQ-ELC-00227,Electrical B08 - SKODA Kodiaq (Aptiv India),2023-12-06,3881.0034,17,INR,KDQ,SKODA Kodiaq,SKODA,Full-size SUV (CKD),4200,0.35,APT,Aptiv India,international,0.6,3,ELC,Electrical,Copper,B,15776,2.207,PO-KDQ-ELC-00227-202312-1
KDQ-ELC-00227,Electrical B08 - SKODA Kodiaq (Aptiv India),2023-12-13,3876.6329,20,INR,KDQ,SKODA Kodiaq,SKODA,Full-size SUV (CKD),4200,0.35,APT,Aptiv India,international,0.6,3,ELC,Electrical,Copper,B,15776,2.207,PO-KDQ-ELC-00227-202312-2
KDQ-ELC-00227,Electrical B08 - SKODA Kodiaq (Aptiv India),2023-12-20,3867.2624,12,INR,KDQ,SKODA Kodiaq,SKODA,Full-size SUV (CKD),4200,0.35,APT,Aptiv India,international,0.6,3,ELC,Electrical,Copper,B,15776,2.207,PO-KDQ-ELC-00227-202312-3
KDQ-ELC-00227,Electrical B08 - SKODA Kodiaq (Aptiv India),2024-01-06,3989.6978,7,INR,KDQ,SKODA Kodiaq,SKODA,Full-size SUV (CKD),4200,0.35,APT,Aptiv India,international,0.6,3,ELC,Electrical,Copper,B,15776,2.207,PO-KDQ-ELC-00227-202401-1
KDQ-ELC-00227,Electrical B08 - SKODA Kodiaq (Aptiv India),2024-01-13,4024.8791,43,INR,KDQ,SKODA Kodiaq,SKODA,Full-size SUV (CKD),4200,0.35,APT,Aptiv India,international,0.6,3,ELC,Electrical,Copper,B,15776,2.207,PO-KDQ-ELC-00227-202401-2
KDQ-ELC-00227,Electrical B08 - SKODA Kodiaq (Aptiv India),2024-02-06,3896.3842,31,INR,KDQ,SKODA Kodiaq,SKODA,Full-size SUV (CKD),4200,0.35,APT,Aptiv India,international,0.6,3,ELC,Electrical,Copper,B,15776,2.207,PO-KDQ-ELC-00227-202402-1
KDQ-ELC-00227,Electrical B08 - SKODA Kodiaq (Aptiv India),2024-02-13,3899.4259,19,INR,KDQ,SKODA Kodiaq,SKODA,Full-size SUV (CKD),4200,0.35,APT,Aptiv India,international,0.6,3,ELC,Electrical,Copper,B,15776,2.207,PO-KDQ-ELC-00227-202402-2
KDQ-ELC-00227,Electrical B08 - SKODA Kodiaq (Aptiv India),2024-02-20,3880.6789,1,INR,KDQ,SKODA Kodiaq,SKODA,Full-size SUV (CKD),4200,0.35,APT,Aptiv India,international,0.6,3,ELC,Electrical,Copper,B,15776,2.207,PO-KDQ-ELC-00227-202402-3
KDQ-ELC-00227,Electrical B08 - SKODA Kodiaq (Aptiv India),2024-03-06,3941.5928,24,INR,KDQ,SKODA Kodiaq,SKODA,Full-size SUV (CKD),4200,0.35,APT,Aptiv India,international,0.6,3,ELC,Electrical,Copper,B,15776,2.207,PO-KDQ-ELC-00227-202403-1
KDQ-ELC-00227,Electrical B08 - SKODA Kodiaq (Aptiv India),2024-03-13,3874.4953,26,INR,KDQ,SKODA Kodiaq,SKODA,Full-size SUV (CKD),4200,0.35,APT,Aptiv India,international,0.6,3,ELC,Electrical,Copper,B,15776,2.207,PO-KDQ-ELC-00227-202403-2
KDQ-ELC-00227,Electrical B08 - SKODA Kodiaq (Aptiv India),2024-04-06,3787.673,44,INR,KDQ,SKODA Kodiaq,SKODA,Full-size SUV (CKD),4200,0.35,APT,Aptiv India,international,0.6,3,ELC,Electrical,Copper,B,15776,2.207,PO-KDQ-ELC-00227-202404-1
KDQ-ELC-00227,Electrical B08 - SKODA Kodiaq (Aptiv India),2024-04-13,3802.3268,6,INR,KDQ,SKODA Kodiaq,SKODA,Full-size SUV (CKD),4200,0.35,APT,Aptiv India,international,0.6,3,ELC,Electrical,Copper,B,15776,2.207,PO-KDQ-ELC-00227-202404-2
KDQ-ELC-00227,Electrical B08 - SKODA Kodiaq (Aptiv India),2024-05-06,3808.9233,50,INR,KDQ,SKODA Kodiaq,SKODA,Full-size SUV (CKD),4200,0.35,APT,Aptiv India,international,0.6,3,ELC,Electrical,Copper,B,15776,2.207,PO-KDQ-ELC-00227-202405-1
KDQ-ELC-00227,Electrical B08 - SKODA Kodiaq (Aptiv India),2024-06-06,3706.8499,50,INR,KDQ,SKODA Kodiaq,SKODA,Full-size SUV (CKD),4200,0.35,APT,Aptiv India,international,0.6,3,ELC,Electrical,Copper,B,15776,2.207,PO-KDQ-ELC-00227-202406-1
KDQ-ELC-00227,Electrical B08 - SKODA Kodiaq (Aptiv India),2024-07-06,3689.0403,50,INR,KDQ,SKODA Kodiaq,SKODA,Full-size SUV (CKD),4200,0.35,APT,Aptiv India,international,0.6,3,ELC,Electrical,Copper,B,15776,2.207,PO-KDQ-ELC-00227-202407-1
KDQ-ELC-00227,Electrical B08 - SKODA Kodiaq (Aptiv India),2024-08-06,3562.1245,50,INR,KDQ,SKODA Kodiaq,SKODA,Full-size SUV (CKD),4200,0.35,APT,Aptiv India,international,0.6,3,ELC,Electrical,Copper,B,15776,2.207,PO-KDQ-ELC-00227-202408-1
KDQ-ELC-00227,Electrical B08 - SKODA Kodiaq (Aptiv India),2024-09-06,3603.048,50,INR,KDQ,SKODA Kodiaq,SKODA,Full-size SUV (CKD),4200,0.35,APT,Aptiv India,international,0.6,3,ELC,Electrical,Copper,B,15776,2.207,PO-KDQ-ELC-00227-202409-1
KDQ-ELC-00227,Electrical B08 - SKODA Kodiaq (Aptiv India),2024-10-06,3688.6776,50,INR,KDQ,SKODA Kodiaq,SKODA,Full-size SUV (CKD),4200,0.35,APT,Aptiv India,international,0.6,3,ELC,Electrical,Copper,B,15776,2.207,PO-KDQ-ELC-00227-202410-1
KDQ-ELC-00227,Electrical B08 - SKODA Kodiaq (Aptiv India),2024-11-06,3944.5848,24,INR,KDQ,SKODA Kodiaq,SKODA,Full-size SUV (CKD),4200,0.35,APT,Aptiv India,international,0.6,3,ELC,Electrical,Copper,B,15776,2.207,PO-KDQ-ELC-00227-202411-1
KDQ-ELC-00227,Electrical B08 - SKODA Kodiaq (Aptiv India),2024-11-13,3975.8389,26,INR,KDQ,SKODA Kodiaq,SKODA,Full-size SUV (CKD),4200,0.35,APT,Aptiv India,international,0.6,3,ELC,Electrical,Copper,B,15776,2.207,PO-KDQ-ELC-00227-202411-2
KDQ-ELC-00227,Electrical B08 - SKODA Kodiaq (Aptiv India),2024-12-06,4110.0502,18,INR,KDQ,SKODA Kodiaq,SKODA,Full-size SUV (CKD),4200,0.35,APT,Aptiv India,international,0.6,3,ELC,Electrical,Copper,B,15776,2.207,PO-KDQ-ELC-00227-202412-1
KDQ-ELC-00227,Electrical B08 - SKODA Kodiaq (Aptiv India),2024-12-13,4184.8275,10,INR,KDQ,SKODA Kodiaq,SKODA,Full-size SUV (CKD),4200,0.35,APT,Aptiv India,international,0.6,3,ELC,Electrical,Copper,B,15776,2.207,PO-KDQ-ELC-00227-202412-2
KDQ-ELC-00227,Electrical B08 - SKODA Kodiaq (Aptiv India),2024-12-20,4172.3592,23,INR,KDQ,SKODA Kodiaq,SKODA,Full-size SUV (CKD),4200,0.35,APT,Aptiv India,international,0.6,3,ELC,Electrical,Copper,B,15776,2.207,PO-KDQ-ELC-00227-202412-3
KDQ-ELC-00227,Electrical B08 - SKODA Kodiaq (Aptiv India),2025-01-06,4308.3286,50,INR,KDQ,SKODA Kodiaq,SKODA,Full-size SUV (CKD),4200,0.35,APT,Aptiv India,international,0.6,3,ELC,Electrical,Copper,B,15776,2.207,PO-KDQ-ELC-00227-202501-1
KDQ-ELC-00227,Electrical B08 - SKODA Kodiaq (Aptiv India),2025-02-06,4166.609,36,INR,KDQ,SKODA Kodiaq,SKODA,Full-size SUV (CKD),4200,0.35,APT,Aptiv India,international,0.6,3,ELC,Electrical,Copper,B,15776,2.207,PO-KDQ-ELC-00227-202502-1
KDQ-ELC-00227,Electrical B08 - SKODA Kodiaq (Aptiv India),2025-02-13,4158.414,11,INR,KDQ,SKODA Kodiaq,SKODA,Full-size SUV (CKD),4200,0.35,APT,Aptiv India,international,0.6,3,ELC,Electrical,Copper,B,15776,2.207,PO-KDQ-ELC-00227-202502-2
KDQ-ELC-00227,Electrical B08 - SKODA Kodiaq (Aptiv India),2025-02-20,4113.0729,3,INR,KDQ,SKODA Kodiaq,SKODA,Full-size SUV (CKD),4200,0.35,APT,Aptiv India,international,0.6,3,ELC,Electrical,Copper,B,15776,2.207,PO-KDQ-ELC-00227-202502-3
KDQ-ELC-00227,Electrical B08 - SKODA Kodiaq (Aptiv India),2025-03-06,4053.5771,50,INR,KDQ,SKODA Kodiaq,SKODA,Full-size SUV (CKD),4200,0.35,APT,Aptiv India,international,0.6,3,ELC,Electrical,Copper,B,15776,2.207,PO-KDQ-ELC-00227-202503-1
KDQ-ELC-00227,Electrical B08 - SKODA Kodiaq (Aptiv India),2025-04-06,3913.2612,50,INR,KDQ,SKODA Kodiaq,SKODA,Full-size SUV (CKD),4200,0.35,APT,Aptiv India,international,0.6,3,ELC,Electrical,Copper,B,15776,2.207,PO-KDQ-ELC-00227-202504-1
KDQ-ELC-00227,Electrical B08 - SKODA Kodiaq (Aptiv India),2025-05-06,4018.3808,50,INR,KDQ,SKODA Kodiaq,SKODA,Full-size SUV (CKD),4200,0.35,APT,Aptiv India,international,0.6,3,ELC,Electrical,Copper,B,15776,2.207,PO-KDQ-ELC-00227-202505-1
KDQ-ELC-00227,Electrical B08 - SKODA Kodiaq (Aptiv India),2025-06-06,4072.8485,39,INR,KDQ,SKODA Kodiaq,SKODA,Full-size SUV (CKD),4200,0.35,APT,Aptiv India,international,0.6,3,ELC,Electrical,Copper,B,15776,2.207,PO-KDQ-ELC-00227-202506-1
KDQ-ELC-00227,Electrical B08 - SKODA Kodiaq (Aptiv India),2025-06-13,4031.5995,4,INR,KDQ,SKODA Kodiaq,SKODA,Full-size SUV (CKD),4200,0.35,APT,Aptiv India,international,0.6,3,ELC,Electrical,Copper,B,15776,2.207,PO-KDQ-ELC-00227-202506-2
KDQ-ELC-00227,Electrical B08 - SKODA Kodiaq (Aptiv India),2025-06-20,4066.2694,6,INR,KDQ,SKODA Kodiaq,SKODA,Full-size SUV (CKD),4200,0.35,APT,Aptiv India,international,0.6,3,ELC,Electrical,Copper,B,15776,2.207,PO-KDQ-ELC-00227-202506-3
KDQ-ELC-00227,Electrical B08 - SKODA Kodiaq (Aptiv India),2025-07-06,4049.5342,7,INR,KDQ,SKODA Kodiaq,SKODA,Full-size SUV (CKD),4200,0.35,APT,Aptiv India,international,0.6,3,ELC,Electrical,Copper,B,15776,2.207,PO-KDQ-ELC-00227-202507-1
KDQ-ELC-00227,Electrical B08 - SKODA Kodiaq (Aptiv India),2025-07-13,4044.4828,23,INR,KDQ,SKODA Kodiaq,SKODA,Full-size SUV (CKD),4200,0.35,APT,Aptiv India,international,0.6,3,ELC,Electrical,Copper,B,15776,2.207,PO-KDQ-ELC-00227-202507-2
KDQ-ELC-00227,Electrical B08 - SKODA Kodiaq (Aptiv India),2025-07-20,4100.9495,20,INR,KDQ,SKODA Kodiaq,SKODA,Full-size SUV (CKD),4200,0.35,APT,Aptiv India,international,0.6,3,ELC,Electrical,Copper,B,15776,2.207,PO-KDQ-ELC-00227-202507-3
KDQ-ELC-00227,Electrical B08 - SKODA Kodiaq (Aptiv India),2025-08-06,4101.1481,13,INR,KDQ,SKODA Kodiaq,SKODA,Full-size SUV (CKD),4200,0.35,APT,Aptiv India,international,0.6,3,ELC,Electrical,Copper,B,15776,2.207,PO-KDQ-ELC-00227-202508-1
KDQ-ELC-00227,Electrical B08 - SKODA Kodiaq (Aptiv India),2025-08-13,4095.9435,37,INR,KDQ,SKODA Kodiaq,SKODA,Full-size SUV (CKD),4200,0.35,APT,Aptiv India,international,0.6,3,ELC,Electrical,Copper,B,15776,2.207,PO-KDQ-ELC-00227-202508-2
KDQ-ELC-00227,Electrical B08 - SKODA Kodiaq (Aptiv India),2025-08-20,4118.8363,1,INR,KDQ,SKODA Kodiaq,SKODA,Full-size SUV (CKD),4200,0.35,APT,Aptiv India,international,0.6,3,ELC,Electrical,Copper,B,15776,2.207,PO-KDQ-ELC-00227-202508-3
KDQ-ELC-00227,Electrical B08 - SKODA Kodiaq (Aptiv India),2025-09-06,4255.4348,50,INR,KDQ,SKODA Kodiaq,SKODA,Full-size SUV (CKD),4200,0.35,APT,Aptiv India,international,0.6,3,ELC,Electrical,Copper,B,15776,2.207,PO-KDQ-ELC-00227-202509-1
KDQ-ELC-00227,Electrical B08 - SKODA Kodiaq (Aptiv India),2025-10-06,4256.5614,50,INR,KDQ,SKODA Kodiaq,SKODA,Full-size SUV (CKD),4200,0.35,APT,Aptiv India,international,0.6,3,ELC,Electrical,Copper,B,15776,2.207,PO-KDQ-ELC-00227-202510-1
KDQ-ELC-00227,Electrical B08 - SKODA Kodiaq (Aptiv India),2025-11-06,4433.7722,50,INR,KDQ,SKODA Kodiaq,SKODA,Full-size SUV (CKD),4200,0.35,APT,Aptiv India,international,0.6,3,ELC,Electrical,Copper,B,15776,2.207,PO-KDQ-ELC-00227-202511-1
KDQ-ELC-00227,Electrical B08 - SKODA Kodiaq (Aptiv India),2025-12-06,4518.0636,26,INR,KDQ,SKODA Kodiaq,SKODA,Full-size SUV (CKD),4200,0.35,APT,Aptiv India,international,0.6,3,ELC,Electrical,Copper,B,15776,2.207,PO-KDQ-ELC-00227-202512-1
KDQ-ELC-00227,Electrical B08 - SKODA Kodiaq (Aptiv India),2025-12-13,4454.9667,24,INR,KDQ,SKODA Kodiaq,SKODA,Full-size SUV (CKD),4200,0.35,APT,Aptiv India,international,0.6,3,ELC,Electrical,Copper,B,15776,2.207,PO-KDQ-ELC-00227-202512-2
KDQ-ELC-00227,Electrical B08 - SKODA Kodiaq (Aptiv India),2026-01-06,4483.0385,1,INR,KDQ,SKODA Kodiaq,SKODA,Full-size SUV (CKD),4200,0.35,APT,Aptiv India,international,0.6,3,ELC,Electrical,Copper,B,15776,2.207,PO-KDQ-ELC-00227-202601-1
KDQ-ELC-00227,Electrical B08 - SKODA Kodiaq (Aptiv India),2026-01-13,4507.3786,44,INR,KDQ,SKODA Kodiaq,SKODA,Full-size SUV (CKD),4200,0.35,APT,Aptiv India,international,0.6,3,ELC,Electrical,Copper,B,15776,2.207,PO-KDQ-ELC-00227-202601-2
KDQ-ELC-00227,Electrical B08 - SKODA Kodiaq (Aptiv India),2026-01-20,4433.1617,6,INR,KDQ,SKODA Kodiaq,SKODA,Full-size SUV (CKD),4200,0.35,APT,Aptiv India,international,0.6,3,ELC,Electrical,Copper,B,15776,2.207,PO-KDQ-ELC-00227-202601-3
KDQ-ELC-00227,Electrical B08 - SKODA Kodiaq (Aptiv India),2026-02-06,4480.8896,4,INR,KDQ,SKODA Kodiaq,SKODA,Full-size SUV (CKD),4200,0.35,APT,Aptiv India,international,0.6,3,ELC,Electrical,Copper,B,15776,2.207,PO-KDQ-ELC-00227-202602-1
KDQ-ELC-00227,Electrical B08 - SKODA Kodiaq (Aptiv India),2026-02-13,4551.219,46,INR,KDQ,SKODA Kodiaq,SKODA,Full-size SUV (CKD),4200,0.35,APT,Aptiv India,international,0.6,3,ELC,Electrical,Copper,B,15776,2.207,PO-KDQ-ELC-00227-202602-2
KDQ-ELC-00227,Electrical B08 - SKODA Kodiaq (Aptiv India),2026-03-06,4454.3135,10,INR,KDQ,SKODA Kodiaq,SKODA,Full-size SUV (CKD),4200,0.35,APT,Aptiv India,international,0.6,3,ELC,Electrical,Copper,B,15776,2.207,PO-KDQ-ELC-00227-202603-1
KDQ-ELC-00227,Electrical B08 - SKODA Kodiaq (Aptiv India),2026-03-13,4381.4098,30,INR,KDQ,SKODA Kodiaq,SKODA,Full-size SUV (CKD),4200,0.35,APT,Aptiv India,international,0.6,3,ELC,Electrical,Copper,B,15776,2.207,PO-KDQ-ELC-00227-202603-2
KDQ-ELC-00227,Electrical B08 - SKODA Kodiaq (Aptiv India),2026-03-20,4461.5482,10,INR,KDQ,SKODA Kodiaq,SKODA,Full-size SUV (CKD),4200,0.35,APT,Aptiv India,international,0.6,3,ELC,Electrical,Copper,B,15776,2.207,PO-KDQ-ELC-00227-202603-3
KDQ-ELC-00227,Electrical B08 - SKODA Kodiaq (Aptiv India),2026-04-06,4493.1103,6,INR,KDQ,SKODA Kodiaq,SKODA,Full-size SUV (CKD),4200,0.35,APT,Aptiv India,international,0.6,3,ELC,Electrical,Copper,B,15776,2.207,PO-KDQ-ELC-00227-202604-1
KDQ-ELC-00227,Electrical B08 - SKODA Kodiaq (Aptiv India),2026-04-13,4487.805,43,INR,KDQ,SKODA Kodiaq,SKODA,Full-size SUV (CKD),4200,0.35,APT,Aptiv India,international,0.6,3,ELC,Electrical,Copper,B,15776,2.207,PO-KDQ-ELC-00227-202604-2
KDQ-ELC-00227,Electrical B08 - SKODA Kodiaq (Aptiv India),2026-04-20,4445.5266,1,INR,KDQ,SKODA Kodiaq,SKODA,Full-size SUV (CKD),4200,0.35,APT,Aptiv India,international,0.6,3,ELC,Electrical,Copper,B,15776,2.207,PO-KDQ-ELC-00227-202604-3
KDQ-ELC-00227,Electrical B08 - SKODA Kodiaq (Aptiv India),2026-05-06,4415.3493,17,INR,KDQ,SKODA Kodiaq,SKODA,Full-size SUV (CKD),4200,0.35,APT,Aptiv India,international,0.6,3,ELC,Electrical,Copper,B,15776,2.207,PO-KDQ-ELC-00227-202605-1
KDQ-ELC-00227,Electrical B08 - SKODA Kodiaq (Aptiv India),2026-05-13,4373.5543,33,INR,KDQ,SKODA Kodiaq,SKODA,Full-size SUV (CKD),4200,0.35,APT,Aptiv India,international,0.6,3,ELC,Electrical,Copper,B,15776,2.207,PO-KDQ-ELC-00227-202605-2
KDQ-ELC-00227,Electrical B08 - SKODA Kodiaq (Aptiv India),2026-06-06,4378.5181,19,INR,KDQ,SKODA Kodiaq,SKODA,Full-size SUV (CKD),4200,0.35,APT,Aptiv India,international,0.6,3,ELC,Electrical,Copper,B,15776,2.207,PO-KDQ-ELC-00227-202606-1
KDQ-ELC-00227,Electrical B08 - SKODA Kodiaq (Aptiv India),2026-06-13,4403.5453,31,INR,KDQ,SKODA Kodiaq,SKODA,Full-size SUV (CKD),4200,0.35,APT,Aptiv India,international,0.6,3,ELC,Electrical,Copper,B,15776,2.207,PO-KDQ-ELC-00227-202606-2
KDQ-FST-00245,Fasteners B23 - SKODA Kodiaq (Bharat Forge),2023-07-06,28.1313,50,INR,KDQ,SKODA Kodiaq,SKODA,Full-size SUV (CKD),4200,0.35,BFL,Bharat Forge,domestic,0.18,6,FST,Fasteners,Steel,B,3717,1.643,PO-KDQ-FST-00245-202307-1
KDQ-FST-00245,Fasteners B23 - SKODA Kodiaq (Bharat Forge),2023-08-06,29.4953,50,INR,KDQ,SKODA Kodiaq,SKODA,Full-size SUV (CKD),4200,0.35,BFL,Bharat Forge,domestic,0.18,6,FST,Fasteners,Steel,B,3717,1.643,PO-KDQ-FST-00245-202308-1
KDQ-FST-00245,Fasteners B23 - SKODA Kodiaq (Bharat Forge),2023-09-06,29.0616,10,INR,KDQ,SKODA Kodiaq,SKODA,Full-size SUV (CKD),4200,0.35,BFL,Bharat Forge,domestic,0.18,6,FST,Fasteners,Steel,B,3717,1.643,PO-KDQ-FST-00245-202309-1
KDQ-FST-00245,Fasteners B23 - SKODA Kodiaq (Bharat Forge),2023-09-13,28.3328,11,INR,KDQ,SKODA Kodiaq,SKODA,Full-size SUV (CKD),4200,0.35,BFL,Bharat Forge,domestic,0.18,6,FST,Fasteners,Steel,B,3717,1.643,PO-KDQ-FST-00245-202309-2
KDQ-FST-00245,Fasteners B23 - SKODA Kodiaq (Bharat Forge),2023-09-20,28.961,29,INR,KDQ,SKODA Kodiaq,SKODA,Full-size SUV (CKD),4200,0.35,BFL,Bharat Forge,domestic,0.18,6,FST,Fasteners,Steel,B,3717,1.643,PO-KDQ-FST-00245-202309-3
KDQ-FST-00245,Fasteners B23 - SKODA Kodiaq (Bharat Forge),2023-10-06,28.4326,50,INR,KDQ,SKODA Kodiaq,SKODA,Full-size SUV (CKD),4200,0.35,BFL,Bharat Forge,domestic,0.18,6,FST,Fasteners,Steel,B,3717,1.643,PO-KDQ-FST-00245-202310-1
KDQ-FST-00245,Fasteners B23 - SKODA Kodiaq (Bharat Forge),2023-11-06,28.9688,50,INR,KDQ,SKODA Kodiaq,SKODA,Full-size SUV (CKD),4200,0.35,BFL,Bharat Forge,domestic,0.18,6,FST,Fasteners,Steel,B,3717,1.643,PO-KDQ-FST-00245-202311-1
KDQ-FST-00245,Fasteners B23 - SKODA Kodiaq (Bharat Forge),2023-12-06,28.6284,16,INR,KDQ,SKODA Kodiaq,SKODA,Full-size SUV (CKD),4200,0.35,BFL,Bharat Forge,domestic,0.18,6,FST,Fasteners,Steel,B,3717,1.643,PO-KDQ-FST-00245-202312-1
KDQ-FST-00245,Fasteners B23 - SKODA Kodiaq (Bharat Forge),2023-12-13,29.1121,34,INR,KDQ,SKODA Kodiaq,SKODA,Full-size SUV (CKD),4200,0.35,BFL,Bharat Forge,domestic,0.18,6,FST,Fasteners,Steel,B,3717,1.643,PO-KDQ-FST-00245-202312-2
KDQ-FST-00245,Fasteners B23 - SKODA Kodiaq (Bharat Forge),2024-01-06,28.1995,50,INR,KDQ,SKODA Kodiaq,SKODA,Full-size SUV (CKD),4200,0.35,BFL,Bharat Forge,domestic,0.18,6,FST,Fasteners,Steel,B,3717,1.643,PO-KDQ-FST-00245-202401-1
KDQ-FST-00245,Fasteners B23 - SKODA Kodiaq (Bharat Forge),2024-02-06,28.7612,33,INR,KDQ,SKODA Kodiaq,SKODA,Full-size SUV (CKD),4200,0.35,BFL,Bharat Forge,domestic,0.18,6,FST,Fasteners,Steel,B,3717,1.643,PO-KDQ-FST-00245-202402-1
KDQ-FST-00245,Fasteners B23 - SKODA Kodiaq (Bharat Forge),2024-02-13,29.1915,17,INR,KDQ,SKODA Kodiaq,SKODA,Full-size SUV (CKD),4200,0.35,BFL,Bharat Forge,domestic,0.18,6,FST,Fasteners,Steel,B,3717,1.643,PO-KDQ-FST-00245-202402-2
KDQ-FST-00245,Fasteners B23 - SKODA Kodiaq (Bharat Forge),2024-03-06,28.9221,50,INR,KDQ,SKODA Kodiaq,SKODA,Full-size SUV (CKD),4200,0.35,BFL,Bharat Forge,domestic,0.18,6,FST,Fasteners,Steel,B,3717,1.643,PO-KDQ-FST-00245-202403-1
KDQ-FST-00245,Fasteners B23 - SKODA Kodiaq (Bharat Forge),2024-04-06,28.4738,23,INR,KDQ,SKODA Kodiaq,SKODA,Full-size SUV (CKD),4200,0.35,BFL,Bharat Forge,domestic,0.18,6,FST,Fasteners,Steel,B,3717,1.643,PO-KDQ-FST-00245-202404-1
KDQ-FST-00245,Fasteners B23 - SKODA Kodiaq (Bharat Forge),2024-04-13,28.6601,27,INR,KDQ,SKODA Kodiaq,SKODA,Full-size SUV (CKD),4200,0.35,BFL,Bharat Forge,domestic,0.18,6,FST,Fasteners,Steel,B,3717,1.643,PO-KDQ-FST-00245-202404-2
KDQ-FST-00245,Fasteners B23 - SKODA Kodiaq (Bharat Forge),2024-05-06,29.5459,2,INR,KDQ,SKODA Kodiaq,SKODA,Full-size SUV (CKD),4200,0.35,BFL,Bharat Forge,domestic,0.18,6,FST,Fasteners,Steel,B,3717,1.643,PO-KDQ-FST-00245-202405-1
KDQ-FST-00245,Fasteners B23 - SKODA Kodiaq (Bharat Forge),2024-05-13,29.504,48,INR,KDQ,SKODA Kodiaq,SKODA,Full-size SUV (CKD),4200,0.35,BFL,Bharat Forge,domestic,0.18,6,FST,Fasteners,Steel,B,3717,1.643,PO-KDQ-FST-00245-202405-2
KDQ-FST-00245,Fasteners B23 - SKODA Kodiaq (Bharat Forge),2024-06-06,28.4691,50,INR,KDQ,SKODA Kodiaq,SKODA,Full-size SUV (CKD),4200,0.35,BFL,Bharat Forge,domestic,0.18,6,FST,Fasteners,Steel,B,3717,1.643,PO-KDQ-FST-00245-202406-1
KDQ-FST-00245,Fasteners B23 - SKODA Kodiaq (Bharat Forge),2024-07-06,29.3791,42,INR,KDQ,SKODA Kodiaq,SKODA,Full-size SUV (CKD),4200,0.35,BFL,Bharat Forge,domestic,0.18,6,FST,Fasteners,Steel,B,3717,1.643,PO-KDQ-FST-00245-202407-1
KDQ-FST-00245,Fasteners B23 - SKODA Kodiaq (Bharat Forge),2024-07-13,29.3877,8,INR,KDQ,SKODA Kodiaq,SKODA,Full-size SUV (CKD),4200,0.35,BFL,Bharat Forge,domestic,0.18,6,FST,Fasteners,Steel,B,3717,1.643,PO-KDQ-FST-00245-202407-2
KDQ-FST-00245,Fasteners B23 - SKODA Kodiaq (Bharat Forge),2024-08-06,29.7623,50,INR,KDQ,SKODA Kodiaq,SKODA,Full-size SUV (CKD),4200,0.35,BFL,Bharat Forge,domestic,0.18,6,FST,Fasteners,Steel,B,3717,1.643,PO-KDQ-FST-00245-202408-1
KDQ-FST-00245,Fasteners B23 - SKODA Kodiaq (Bharat Forge),2024-09-06,,13,INR,KDQ,SKODA Kodiaq,SKODA,Full-size SUV (CKD),4200,0.35,BFL,Bharat Forge,domestic,0.18,6,FST,Fasteners,Steel,B,3717,1.643,PO-KDQ-FST-00245-202409-1
KDQ-FST-00245,Fasteners B23 - SKODA Kodiaq (Bharat Forge),2024-09-13,,37,INR,KDQ,SKODA Kodiaq,SKODA,Full-size SUV (CKD),4200,0.35,BFL,Bharat Forge,domestic,0.18,6,FST,Fasteners,Steel,B,3717,1.643,PO-KDQ-FST-00245-202409-2
KDQ-FST-00245,Fasteners B23 - SKODA Kodiaq (Bharat Forge),2024-10-06,29.9731,9,INR,KDQ,SKODA Kodiaq,SKODA,Full-size SUV (CKD),4200,0.35,BFL,Bharat Forge,domestic,0.18,6,FST,Fasteners,Steel,B,3717,1.643,PO-KDQ-FST-00245-202410-1
KDQ-FST-00245,Fasteners B23 - SKODA Kodiaq (Bharat Forge),2024-10-13,30.2005,41,INR,KDQ,SKODA Kodiaq,SKODA,Full-size SUV (CKD),4200,0.35,BFL,Bharat Forge,domestic,0.18,6,FST,Fasteners,Steel,B,3717,1.643,PO-KDQ-FST-00245-202410-2
KDQ-FST-00245,Fasteners B23 - SKODA Kodiaq (Bharat Forge),2024-11-06,29.8591,50,INR,KDQ,SKODA Kodiaq,SKODA,Full-size SUV (CKD),4200,0.35,BFL,Bharat Forge,domestic,0.18,6,FST,Fasteners,Steel,B,3717,1.643,PO-KDQ-FST-00245-202411-1
KDQ-FST-00245,Fasteners B23 - SKODA Kodiaq (Bharat Forge),2024-12-06,29.865,46,INR,KDQ,SKODA Kodiaq,SKODA,Full-size SUV (CKD),4200,0.35,BFL,Bharat Forge,domestic,0.18,6,FST,Fasteners,Steel,B,3717,1.643,PO-KDQ-FST-00245-202412-1
KDQ-FST-00245,Fasteners B23 - SKODA Kodiaq (Bharat Forge),2024-12-13,29.9796,1,INR,KDQ,SKODA Kodiaq,SKODA,Full-size SUV (CKD),4200,0.35,BFL,Bharat Forge,domestic,0.18,6,FST,Fasteners,Steel,B,3717,1.643,PO-KDQ-FST-00245-202412-2
KDQ-FST-00245,Fasteners B23 - SKODA Kodiaq (Bharat Forge),2024-12-20,30.1265,4,INR,KDQ,SKODA Kodiaq,SKODA,Full-size SUV (CKD),4200,0.35,BFL,Bharat Forge,domestic,0.18,6,FST,Fasteners,Steel,B,3717,1.643,PO-KDQ-FST-00245-202412-3
KDQ-FST-00245,Fasteners B23 - SKODA Kodiaq (Bharat Forge),2025-01-06,30.7758,7,INR,KDQ,SKODA Kodiaq,SKODA,Full-size SUV (CKD),4200,0.35,BFL,Bharat Forge,domestic,0.18,6,FST,Fasteners,Steel,B,3717,1.643,PO-KDQ-FST-00245-202501-1
KDQ-FST-00245,Fasteners B23 - SKODA Kodiaq (Bharat Forge),2025-01-13,30.5942,43,INR,KDQ,SKODA Kodiaq,SKODA,Full-size SUV (CKD),4200,0.35,BFL,Bharat Forge,domestic,0.18,6,FST,Fasteners,Steel,B,3717,1.643,PO-KDQ-FST-00245-202501-2
KDQ-FST-00245,Fasteners B23 - SKODA Kodiaq (Bharat Forge),2025-02-06,30.621,39,INR,KDQ,SKODA Kodiaq,SKODA,Full-size SUV (CKD),4200,0.35,BFL,Bharat Forge,domestic,0.18,6,FST,Fasteners,Steel,B,3717,1.643,PO-KDQ-FST-00245-202502-1
KDQ-FST-00245,Fasteners B23 - SKODA Kodiaq (Bharat Forge),2025-02-13,30.9911,1,INR,KDQ,SKODA Kodiaq,SKODA,Full-size SUV (CKD),4200,0.35,BFL,Bharat Forge,domestic,0.18,6,FST,Fasteners,Steel,B,3717,1.643,PO-KDQ-FST-00245-202502-2
KDQ-FST-00245,Fasteners B23 - SKODA Kodiaq (Bharat Forge),2025-02-20,31.104,10,INR,KDQ,SKODA Kodiaq,SKODA,Full-size SUV (CKD),4200,0.35,BFL,Bharat Forge,domestic,0.18,6,FST,Fasteners,Steel,B,3717,1.643,PO-KDQ-FST-00245-202502-3
KDQ-FST-00245,Fasteners B23 - SKODA Kodiaq (Bharat Forge),2025-03-06,30.6234,35,INR,KDQ,SKODA Kodiaq,SKODA,Full-size SUV (CKD),4200,0.35,BFL,Bharat Forge,domestic,0.18,6,FST,Fasteners,Steel,B,3717,1.643,PO-KDQ-FST-00245-202503-1
KDQ-FST-00245,Fasteners B23 - SKODA Kodiaq (Bharat Forge),2025-03-13,30.4877,15,INR,KDQ,SKODA Kodiaq,SKODA,Full-size SUV (CKD),4200,0.35,BFL,Bharat Forge,domestic,0.18,6,FST,Fasteners,Steel,B,3717,1.643,PO-KDQ-FST-00245-202503-2
KDQ-FST-00245,Fasteners B23 - SKODA Kodiaq (Bharat Forge),2025-04-06,31.9962,48,INR,KDQ,SKODA Kodiaq,SKODA,Full-size SUV (CKD),4200,0.35,BFL,Bharat Forge,domestic,0.18,6,FST,Fasteners,Steel,B,3717,1.643,PO-KDQ-FST-00245-202504-1
KDQ-FST-00245,Fasteners B23 - SKODA Kodiaq (Bharat Forge),2025-04-13,31.7675,2,INR,KDQ,SKODA Kodiaq,SKODA,Full-size SUV (CKD),4200,0.35,BFL,Bharat Forge,domestic,0.18,6,FST,Fasteners,Steel,B,3717,1.643,PO-KDQ-FST-00245-202504-2
KDQ-FST-00245,Fasteners B23 - SKODA Kodiaq (Bharat Forge),2025-05-06,32.2357,46,INR,KDQ,SKODA Kodiaq,SKODA,Full-size SUV (CKD),4200,0.35,BFL,Bharat Forge,domestic,0.18,6,FST,Fasteners,Steel,B,3717,1.643,PO-KDQ-FST-00245-202505-1
KDQ-FST-00245,Fasteners B23 - SKODA Kodiaq (Bharat Forge),2025-05-13,32.3289,4,INR,KDQ,SKODA Kodiaq,SKODA,Full-size SUV (CKD),4200,0.35,BFL,Bharat Forge,domestic,0.18,6,FST,Fasteners,Steel,B,3717,1.643,PO-KDQ-FST-00245-202505-2
KDQ-FST-00245,Fasteners B23 - SKODA Kodiaq (Bharat Forge),2025-06-06,32.2681,12,INR,KDQ,SKODA Kodiaq,SKODA,Full-size SUV (CKD),4200,0.35,BFL,Bharat Forge,domestic,0.18,6,FST,Fasteners,Steel,B,3717,1.643,PO-KDQ-FST-00245-202506-1
KDQ-FST-00245,Fasteners B23 - SKODA Kodiaq (Bharat Forge),2025-06-13,32.3724,38,INR,KDQ,SKODA Kodiaq,SKODA,Full-size SUV (CKD),4200,0.35,BFL,Bharat Forge,domestic,0.18,6,FST,Fasteners,Steel,B,3717,1.643,PO-KDQ-FST-00245-202506-2
KDQ-FST-00245,Fasteners B23 - SKODA Kodiaq (Bharat Forge),2025-07-06,33.4648,36,INR,KDQ,SKODA Kodiaq,SKODA,Full-size SUV (CKD),4200,0.35,BFL,Bharat Forge,domestic,0.18,6,FST,Fasteners,Steel,B,3717,1.643,PO-KDQ-FST-00245-202507-1
KDQ-FST-00245,Fasteners B23 - SKODA Kodiaq (Bharat Forge),2025-07-13,33.7847,3,INR,KDQ,SKODA Kodiaq,SKODA,Full-size SUV (CKD),4200,0.35,BFL,Bharat Forge,domestic,0.18,6,FST,Fasteners,Steel,B,3717,1.643,PO-KDQ-FST-00245-202507-2
KDQ-FST-00245,Fasteners B23 - SKODA Kodiaq (Bharat Forge),2025-07-20,33.7249,11,INR,KDQ,SKODA Kodiaq,SKODA,Full-size SUV (CKD),4200,0.35,BFL,Bharat Forge,domestic,0.18,6,FST,Fasteners,Steel,B,3717,1.643,PO-KDQ-FST-00245-202507-3
KDQ-FST-00245,Fasteners B23 - SKODA Kodiaq (Bharat Forge),2025-08-06,32.7053,42,INR,KDQ,SKODA Kodiaq,SKODA,Full-size SUV (CKD),4200,0.35,BFL,Bharat Forge,domestic,0.18,6,FST,Fasteners,Steel,B,3717,1.643,PO-KDQ-FST-00245-202508-1
KDQ-FST-00245,Fasteners B23 - SKODA Kodiaq (Bharat Forge),2025-08-13,33.078,8,INR,KDQ,SKODA Kodiaq,SKODA,Full-size SUV (CKD),4200,0.35,BFL,Bharat Forge,domestic,0.18,6,FST,Fasteners,Steel,B,3717,1.643,PO-KDQ-FST-00245-202508-2
KDQ-FST-00245,Fasteners B23 - SKODA Kodiaq (Bharat Forge),2025-09-06,32.7026,22,INR,KDQ,SKODA Kodiaq,SKODA,Full-size SUV (CKD),4200,0.35,BFL,Bharat Forge,domestic,0.18,6,FST,Fasteners,Steel,B,3717,1.643,PO-KDQ-FST-00245-202509-1
KDQ-FST-00245,Fasteners B23 - SKODA Kodiaq (Bharat Forge),2025-09-13,32.6033,11,INR,KDQ,SKODA Kodiaq,SKODA,Full-size SUV (CKD),4200,0.35,BFL,Bharat Forge,domestic,0.18,6,FST,Fasteners,Steel,B,3717,1.643,PO-KDQ-FST-00245-202509-2
KDQ-FST-00245,Fasteners B23 - SKODA Kodiaq (Bharat Forge),2025-09-20,32.2685,17,INR,KDQ,SKODA Kodiaq,SKODA,Full-size SUV (CKD),4200,0.35,BFL,Bharat Forge,domestic,0.18,6,FST,Fasteners,Steel,B,3717,1.643,PO-KDQ-FST-00245-202509-3
KDQ-FST-00245,Fasteners B23 - SKODA Kodiaq (Bharat Forge),2025-10-06,32.2879,22,INR,KDQ,SKODA Kodiaq,SKODA,Full-size SUV (CKD),4200,0.35,BFL,Bharat Forge,domestic,0.18,6,FST,Fasteners,Steel,B,3717,1.643,PO-KDQ-FST-00245-202510-1
KDQ-FST-00245,Fasteners B23 - SKODA Kodiaq (Bharat Forge),2025-10-13,32.1329,28,INR,KDQ,SKODA Kodiaq,SKODA,Full-size SUV (CKD),4200,0.35,BFL,Bharat Forge,domestic,0.18,6,FST,Fasteners,Steel,B,3717,1.643,PO-KDQ-FST-00245-202510-2
KDQ-FST-00245,Fasteners B23 - SKODA Kodiaq (Bharat Forge),2025-11-06,31.7033,50,INR,KDQ,SKODA Kodiaq,SKODA,Full-size SUV (CKD),4200,0.35,BFL,Bharat Forge,domestic,0.18,6,FST,Fasteners,Steel,B,3717,1.643,PO-KDQ-FST-00245-202511-1
KDQ-FST-00245,Fasteners B23 - SKODA Kodiaq (Bharat Forge),2025-12-06,33.8613,24,INR,KDQ,SKODA Kodiaq,SKODA,Full-size SUV (CKD),4200,0.35,BFL,Bharat Forge,domestic,0.18,6,FST,Fasteners,Steel,B,3717,1.643,PO-KDQ-FST-00245-202512-1
KDQ-FST-00245,Fasteners B23 - SKODA Kodiaq (Bharat Forge),2025-12-13,33.1815,1,INR,KDQ,SKODA Kodiaq,SKODA,Full-size SUV (CKD),4200,0.35,BFL,Bharat Forge,domestic,0.18,6,FST,Fasteners,Steel,B,3717,1.643,PO-KDQ-FST-00245-202512-2
KDQ-FST-00245,Fasteners B23 - SKODA Kodiaq (Bharat Forge),2025-12-20,33.3404,26,INR,KDQ,SKODA Kodiaq,SKODA,Full-size SUV (CKD),4200,0.35,BFL,Bharat Forge,domestic,0.18,6,FST,Fasteners,Steel,B,3717,1.643,PO-KDQ-FST-00245-202512-3
KDQ-FST-00245,Fasteners B23 - SKODA Kodiaq (Bharat Forge),2026-01-06,32.6404,31,INR,KDQ,SKODA Kodiaq,SKODA,Full-size SUV (CKD),4200,0.35,BFL,Bharat Forge,domestic,0.18,6,FST,Fasteners,Steel,B,3717,1.643,PO-KDQ-FST-00245-202601-1
KDQ-FST-00245,Fasteners B23 - SKODA Kodiaq (Bharat Forge),2026-01-13,32.9149,19,INR,KDQ,SKODA Kodiaq,SKODA,Full-size SUV (CKD),4200,0.35,BFL,Bharat Forge,domestic,0.18,6,FST,Fasteners,Steel,B,3717,1.643,PO-KDQ-FST-00245-202601-2
KDQ-FST-00245,Fasteners B23 - SKODA Kodiaq (Bharat Forge),2026-02-06,32.9485,50,INR,KDQ,SKODA Kodiaq,SKODA,Full-size SUV (CKD),4200,0.35,BFL,Bharat Forge,domestic,0.18,6,FST,Fasteners,Steel,B,3717,1.643,PO-KDQ-FST-00245-202602-1
KDQ-FST-00245,Fasteners B23 - SKODA Kodiaq (Bharat Forge),2026-03-06,33.7244,19,INR,KDQ,SKODA Kodiaq,SKODA,Full-size SUV (CKD),4200,0.35,BFL,Bharat Forge,domestic,0.18,6,FST,Fasteners,Steel,B,3717,1.643,PO-KDQ-FST-00245-202603-1
KDQ-FST-00245,Fasteners B23 - SKODA Kodiaq (Bharat Forge),2026-03-13,33.8993,17,INR,KDQ,SKODA Kodiaq,SKODA,Full-size SUV (CKD),4200,0.35,BFL,Bharat Forge,domestic,0.18,6,FST,Fasteners,Steel,B,3717,1.643,PO-KDQ-FST-00245-202603-2
KDQ-FST-00245,Fasteners B23 - SKODA Kodiaq (Bharat Forge),2026-03-20,33.465,14,INR,KDQ,SKODA Kodiaq,SKODA,Full-size SUV (CKD),4200,0.35,BFL,Bharat Forge,domestic,0.18,6,FST,Fasteners,Steel,B,3717,1.643,PO-KDQ-FST-00245-202603-3
KDQ-FST-00245,Fasteners B23 - SKODA Kodiaq (Bharat Forge),2026-04-06,34.0734,35,INR,KDQ,SKODA Kodiaq,SKODA,Full-size SUV (CKD),4200,0.35,BFL,Bharat Forge,domestic,0.18,6,FST,Fasteners,Steel,B,3717,1.643,PO-KDQ-FST-00245-202604-1
KDQ-FST-00245,Fasteners B23 - SKODA Kodiaq (Bharat Forge),2026-04-13,33.6569,15,INR,KDQ,SKODA Kodiaq,SKODA,Full-size SUV (CKD),4200,0.35,BFL,Bharat Forge,domestic,0.18,6,FST,Fasteners,Steel,B,3717,1.643,PO-KDQ-FST-00245-202604-2
KDQ-FST-00245,Fasteners B23 - SKODA Kodiaq (Bharat Forge),2026-05-06,33.2477,45,INR,KDQ,SKODA Kodiaq,SKODA,Full-size SUV (CKD),4200,0.35,BFL,Bharat Forge,domestic,0.18,6,FST,Fasteners,Steel,B,3717,1.643,PO-KDQ-FST-00245-202605-1
KDQ-FST-00245,Fasteners B23 - SKODA Kodiaq (Bharat Forge),2026-05-13,33.502,5,INR,KDQ,SKODA Kodiaq,SKODA,Full-size SUV (CKD),4200,0.35,BFL,Bharat Forge,domestic,0.18,6,FST,Fasteners,Steel,B,3717,1.643,PO-KDQ-FST-00245-202605-2
KDQ-FST-00245,Fasteners B23 - SKODA Kodiaq (Bharat Forge),2026-06-06,33.7791,4,INR,KDQ,SKODA Kodiaq,SKODA,Full-size SUV (CKD),4200,0.35,BFL,Bharat Forge,domestic,0.18,6,FST,Fasteners,Steel,B,3717,1.643,PO-KDQ-FST-00245-202606-1
KDQ-FST-00245,Fasteners B23 - SKODA Kodiaq (Bharat Forge),2026-06-13,33.1966,7,INR,KDQ,SKODA Kodiaq,SKODA,Full-size SUV (CKD),4200,0.35,BFL,Bharat Forge,domestic,0.18,6,FST,Fasteners,Steel,B,3717,1.643,PO-KDQ-FST-00245-202606-2
KDQ-FST-00245,Fasteners B23 - SKODA Kodiaq (Bharat Forge),2026-06-20,33.2433,38,INR,KDQ,SKODA Kodiaq,SKODA,Full-size SUV (CKD),4200,0.35,BFL,Bharat Forge,domestic,0.18,6,FST,Fasteners,Steel,B,3717,1.643,PO-KDQ-FST-00245-202606-3
KDQ-BDY-00251,Body Stampings A05 - SKODA Kodiaq (Endurance Technologies),2023-07-06,622.216,33,INR,KDQ,SKODA Kodiaq,SKODA,Full-size SUV (CKD),4200,0.35,END,Endurance Technologies,domestic,0.2,3,BDY,Body Stampings,Steel,A,4945,2.583,PO-KDQ-BDY-00251-202307-1
KDQ-BDY-00251,Body Stampings A05 - SKODA Kodiaq (Endurance Technologies),2023-07-13,622.4628,17,INR,KDQ,SKODA Kodiaq,SKODA,Full-size SUV (CKD),4200,0.35,END,Endurance Technologies,domestic,0.2,3,BDY,Body Stampings,Steel,A,4945,2.583,PO-KDQ-BDY-00251-202307-2
KDQ-BDY-00251,Body Stampings A05 - SKODA Kodiaq (Endurance Technologies),2023-08-06,632.981,50,INR,KDQ,SKODA Kodiaq,SKODA,Full-size SUV (CKD),4200,0.35,END,Endurance Technologies,domestic,0.2,3,BDY,Body Stampings,Steel,A,4945,2.583,PO-KDQ-BDY-00251-202308-1
KDQ-BDY-00251,Body Stampings A05 - SKODA Kodiaq (Endurance Technologies),2023-09-06,626.9736,1,INR,KDQ,SKODA Kodiaq,SKODA,Full-size SUV (CKD),4200,0.35,END,Endurance Technologies,domestic,0.2,3,BDY,Body Stampings,Steel,A,4945,2.583,PO-KDQ-BDY-00251-202309-1
KDQ-BDY-00251,Body Stampings A05 - SKODA Kodiaq (Endurance Technologies),2023-09-13,646.148,17,INR,KDQ,SKODA Kodiaq,SKODA,Full-size SUV (CKD),4200,0.35,END,Endurance Technologies,domestic,0.2,3,BDY,Body Stampings,Steel,A,4945,2.583,PO-KDQ-BDY-00251-202309-2
KDQ-BDY-00251,Body Stampings A05 - SKODA Kodiaq (Endurance Technologies),2023-09-20,633.8171,33,INR,KDQ,SKODA Kodiaq,SKODA,Full-size SUV (CKD),4200,0.35,END,Endurance Technologies,domestic,0.2,3,BDY,Body Stampings,Steel,A,4945,2.583,PO-KDQ-BDY-00251-202309-3
KDQ-BDY-00251,Body Stampings A05 - SKODA Kodiaq (Endurance Technologies),2023-10-06,645.2159,28,INR,KDQ,SKODA Kodiaq,SKODA,Full-size SUV (CKD),4200,0.35,END,Endurance Technologies,domestic,0.2,3,BDY,Body Stampings,Steel,A,4945,2.583,PO-KDQ-BDY-00251-202310-1
KDQ-BDY-00251,Body Stampings A05 - SKODA Kodiaq (Endurance Technologies),2023-10-13,639.7002,22,INR,KDQ,SKODA Kodiaq,SKODA,Full-size SUV (CKD),4200,0.35,END,Endurance Technologies,domestic,0.2,3,BDY,Body Stampings,Steel,A,4945,2.583,PO-KDQ-BDY-00251-202310-2
KDQ-BDY-00251,Body Stampings A05 - SKODA Kodiaq (Endurance Technologies),2023-11-06,636.7388,50,INR,KDQ,SKODA Kodiaq,SKODA,Full-size SUV (CKD),4200,0.35,END,Endurance Technologies,domestic,0.2,3,BDY,Body Stampings,Steel,A,4945,2.583,PO-KDQ-BDY-00251-202311-1
KDQ-BDY-00251,Body Stampings A05 - SKODA Kodiaq (Endurance Technologies),2023-12-06,644.0264,35,INR,KDQ,SKODA Kodiaq,SKODA,Full-size SUV (CKD),4200,0.35,END,Endurance Technologies,domestic,0.2,3,BDY,Body Stampings,Steel,A,4945,2.583,PO-KDQ-BDY-00251-202312-1
KDQ-BDY-00251,Body Stampings A05 - SKODA Kodiaq (Endurance Technologies),2023-12-13,647.9188,10,INR,KDQ,SKODA Kodiaq,SKODA,Full-size SUV (CKD),4200,0.35,END,Endurance Technologies,domestic,0.2,3,BDY,Body Stampings,Steel,A,4945,2.583,PO-KDQ-BDY-00251-202312-2
KDQ-BDY-00251,Body Stampings A05 - SKODA Kodiaq (Endurance Technologies),2023-12-20,645.9286,4,INR,KDQ,SKODA Kodiaq,SKODA,Full-size SUV (CKD),4200,0.35,END,Endurance Technologies,domestic,0.2,3,BDY,Body Stampings,Steel,A,4945,2.583,PO-KDQ-BDY-00251-202312-3
KDQ-BDY-00251,Body Stampings A05 - SKODA Kodiaq (Endurance Technologies),2024-01-06,660.0677,3,INR,KDQ,SKODA Kodiaq,SKODA,Full-size SUV (CKD),4200,0.35,END,Endurance Technologies,domestic,0.2,3,BDY,Body Stampings,Steel,A,4945,2.583,PO-KDQ-BDY-00251-202401-1
KDQ-BDY-00251,Body Stampings A05 - SKODA Kodiaq (Endurance Technologies),2024-01-13,657.759,47,INR,KDQ,SKODA Kodiaq,SKODA,Full-size SUV (CKD),4200,0.35,END,Endurance Technologies,domestic,0.2,3,BDY,Body Stampings,Steel,A,4945,2.583,PO-KDQ-BDY-00251-202401-2
KDQ-BDY-00251,Body Stampings A05 - SKODA Kodiaq (Endurance Technologies),2024-02-06,665.8624,11,INR,KDQ,SKODA Kodiaq,SKODA,Full-size SUV (CKD),4200,0.35,END,Endurance Technologies,domestic,0.2,3,BDY,Body Stampings,Steel,A,4945,2.583,PO-KDQ-BDY-00251-202402-1
KDQ-BDY-00251,Body Stampings A05 - SKODA Kodiaq (Endurance Technologies),2024-02-13,657.8448,22,INR,KDQ,SKODA Kodiaq,SKODA,Full-size SUV (CKD),4200,0.35,END,Endurance Technologies,domestic,0.2,3,BDY,Body Stampings,Steel,A,4945,2.583,PO-KDQ-BDY-00251-202402-2
KDQ-BDY-00251,Body Stampings A05 - SKODA Kodiaq (Endurance Technologies),2024-02-20,660.4904,17,INR,KDQ,SKODA Kodiaq,SKODA,Full-size SUV (CKD),4200,0.35,END,Endurance Technologies,domestic,0.2,3,BDY,Body Stampings,Steel,A,4945,2.583,PO-KDQ-BDY-00251-202402-3
KDQ-BDY-00251,Body Stampings A05 - SKODA Kodiaq (Endurance Technologies),2024-03-06,680.9514,50,INR,KDQ,SKODA Kodiaq,SKODA,Full-size SUV (CKD),4200,0.35,END,Endurance Technologies,domestic,0.2,3,BDY,Body Stampings,Steel,A,4945,2.583,PO-KDQ-BDY-00251-202403-1
KDQ-BDY-00251,Body Stampings A05 - SKODA Kodiaq (Endurance Technologies),2024-04-06,694.6162,23,INR,KDQ,SKODA Kodiaq,SKODA,Full-size SUV (CKD),4200,0.35,END,Endurance Technologies,domestic,0.2,3,BDY,Body Stampings,Steel,A,4945,2.583,PO-KDQ-BDY-00251-202404-1
KDQ-BDY-00251,Body Stampings A05 - SKODA Kodiaq (Endurance Technologies),2024-04-13,700.6722,27,INR,KDQ,SKODA Kodiaq,SKODA,Full-size SUV (CKD),4200,0.35,END,Endurance Technologies,domestic,0.2,3,BDY,Body Stampings,Steel,A,4945,2.583,PO-KDQ-BDY-00251-202404-2
KDQ-BDY-00251,Body Stampings A05 - SKODA Kodiaq (Endurance Technologies),2024-05-06,703.0667,50,INR,KDQ,SKODA Kodiaq,SKODA,Full-size SUV (CKD),4200,0.35,END,Endurance Technologies,domestic,0.2,3,BDY,Body Stampings,Steel,A,4945,2.583,PO-KDQ-BDY-00251-202405-1
KDQ-BDY-00251,Body Stampings A05 - SKODA Kodiaq (Endurance Technologies),2024-06-06,688.9451,50,INR,KDQ,SKODA Kodiaq,SKODA,Full-size SUV (CKD),4200,0.35,END,Endurance Technologies,domestic,0.2,3,BDY,Body Stampings,Steel,A,4945,2.583,PO-KDQ-BDY-00251-202406-1
KDQ-BDY-00251,Body Stampings A05 - SKODA Kodiaq (Endurance Technologies),2024-07-06,700.4732,50,INR,KDQ,SKODA Kodiaq,SKODA,Full-size SUV (CKD),4200,0.35,END,Endurance Technologies,domestic,0.2,3,BDY,Body Stampings,Steel,A,4945,2.583,PO-KDQ-BDY-00251-202407-1
KDQ-BDY-00251,Body Stampings A05 - SKODA Kodiaq (Endurance Technologies),2024-08-06,681.297,50,INR,KDQ,SKODA Kodiaq,SKODA,Full-size SUV (CKD),4200,0.35,END,Endurance Technologies,domestic,0.2,3,BDY,Body Stampings,Steel,A,4945,2.583,PO-KDQ-BDY-00251-202408-1
KDQ-BDY-00251,Body Stampings A05 - SKODA Kodiaq (Endurance Technologies),2024-09-06,690.1619,28,INR,KDQ,SKODA Kodiaq,SKODA,Full-size SUV (CKD),4200,0.35,END,Endurance Technologies,domestic,0.2,3,BDY,Body Stampings,Steel,A,4945,2.583,PO-KDQ-BDY-00251-202409-1
KDQ-BDY-00251,Body Stampings A05 - SKODA Kodiaq (Endurance Technologies),2024-09-13,697.9034,22,INR,KDQ,SKODA Kodiaq,SKODA,Full-size SUV (CKD),4200,0.35,END,Endurance Technologies,domestic,0.2,3,BDY,Body Stampings,Steel,A,4945,2.583,PO-KDQ-BDY-00251-202409-2
KDQ-BDY-00251,Body Stampings A05 - SKODA Kodiaq (Endurance Technologies),2024-10-06,687.2633,39,INR,KDQ,SKODA Kodiaq,SKODA,Full-size SUV (CKD),4200,0.35,END,Endurance Technologies,domestic,0.2,3,BDY,Body Stampings,Steel,A,4945,2.583,PO-KDQ-BDY-00251-202410-1
KDQ-BDY-00251,Body Stampings A05 - SKODA Kodiaq (Endurance Technologies),2024-10-13,697.9736,6,INR,KDQ,SKODA Kodiaq,SKODA,Full-size SUV (CKD),4200,0.35,END,Endurance Technologies,domestic,0.2,3,BDY,Body Stampings,Steel,A,4945,2.583,PO-KDQ-BDY-00251-202410-2
KDQ-BDY-00251,Body Stampings A05 - SKODA Kodiaq (Endurance Technologies),2024-10-20,705.5855,6,INR,KDQ,SKODA Kodiaq,SKODA,Full-size SUV (CKD),4200,0.35,END,Endurance Technologies,domestic,0.2,3,BDY,Body Stampings,Steel,A,4945,2.583,PO-KDQ-BDY-00251-202410-3
KDQ-BDY-00251,Body Stampings A05 - SKODA Kodiaq (Endurance Technologies),2024-11-06,696.983,43,INR,KDQ,SKODA Kodiaq,SKODA,Full-size SUV (CKD),4200,0.35,END,Endurance Technologies,domestic,0.2,3,BDY,Body Stampings,Steel,A,4945,2.583,PO-KDQ-BDY-00251-202411-1
KDQ-BDY-00251,Body Stampings A05 - SKODA Kodiaq (Endurance Technologies),2024-11-13,698.8381,7,INR,KDQ,SKODA Kodiaq,SKODA,Full-size SUV (CKD),4200,0.35,END,Endurance Technologies,domestic,0.2,3,BDY,Body Stampings,Steel,A,4945,2.583,PO-KDQ-BDY-00251-202411-2
KDQ-BDY-00251,Body Stampings A05 - SKODA Kodiaq (Endurance Technologies),2024-12-06,705.2007,28,INR,KDQ,SKODA Kodiaq,SKODA,Full-size SUV (CKD),4200,0.35,END,Endurance Technologies,domestic,0.2,3,BDY,Body Stampings,Steel,A,4945,2.583,PO-KDQ-BDY-00251-202412-1
KDQ-BDY-00251,Body Stampings A05 - SKODA Kodiaq (Endurance Technologies),2024-12-13,702.5793,22,INR,KDQ,SKODA Kodiaq,SKODA,Full-size SUV (CKD),4200,0.35,END,Endurance Technologies,domestic,0.2,3,BDY,Body Stampings,Steel,A,4945,2.583,PO-KDQ-BDY-00251-202412-2
KDQ-BDY-00251,Body Stampings A05 - SKODA Kodiaq (Endurance Technologies),2025-01-06,702.8068,50,INR,KDQ,SKODA Kodiaq,SKODA,Full-size SUV (CKD),4200,0.35,END,Endurance Technologies,domestic,0.2,3,BDY,Body Stampings,Steel,A,4945,2.583,PO-KDQ-BDY-00251-202501-1
KDQ-BDY-00251,Body Stampings A05 - SKODA Kodiaq (Endurance Technologies),2025-02-06,735.8552,16,INR,KDQ,SKODA Kodiaq,SKODA,Full-size SUV (CKD),4200,0.35,END,Endurance Technologies,domestic,0.2,3,BDY,Body Stampings,Steel,A,4945,2.583,PO-KDQ-BDY-00251-202502-1
KDQ-BDY-00251,Body Stampings A05 - SKODA Kodiaq (Endurance Technologies),2025-02-13,727.2268,29,INR,KDQ,SKODA Kodiaq,SKODA,Full-size SUV (CKD),4200,0.35,END,Endurance Technologies,domestic,0.2,3,BDY,Body Stampings,Steel,A,4945,2.583,PO-KDQ-BDY-00251-202502-2
KDQ-BDY-00251,Body Stampings A05 - SKODA Kodiaq (Endurance Technologies),2025-02-20,733.31,5,INR,KDQ,SKODA Kodiaq,SKODA,Full-size SUV (CKD),4200,0.35,END,Endurance Technologies,domestic,0.2,3,BDY,Body Stampings,Steel,A,4945,2.583,PO-KDQ-BDY-00251-202502-3
KDQ-BDY-00251,Body Stampings A05 - SKODA Kodiaq (Endurance Technologies),2025-03-06,754.9346,50,INR,KDQ,SKODA Kodiaq,SKODA,Full-size SUV (CKD),4200,0.35,END,Endurance Technologies,domestic,0.2,3,BDY,Body Stampings,Steel,A,4945,2.583,PO-KDQ-BDY-00251-202503-1
KDQ-BDY-00251,Body Stampings A05 - SKODA Kodiaq (Endurance Technologies),2025-04-06,764.4308,50,INR,KDQ,SKODA Kodiaq,SKODA,Full-size SUV (CKD),4200,0.35,END,Endurance Technologies,domestic,0.2,3,BDY,Body Stampings,Steel,A,4945,2.583,PO-KDQ-BDY-00251-202504-1
KDQ-BDY-00251,Body Stampings A05 - SKODA Kodiaq (Endurance Technologies),2025-05-06,752.4114,49,INR,KDQ,SKODA Kodiaq,SKODA,Full-size SUV (CKD),4200,0.35,END,Endurance Technologies,domestic,0.2,3,BDY,Body Stampings,Steel,A,4945,2.583,PO-KDQ-BDY-00251-202505-1
KDQ-BDY-00251,Body Stampings A05 - SKODA Kodiaq (Endurance Technologies),2025-05-13,741.5433,1,INR,KDQ,SKODA Kodiaq,SKODA,Full-size SUV (CKD),4200,0.35,END,Endurance Technologies,domestic,0.2,3,BDY,Body Stampings,Steel,A,4945,2.583,PO-KDQ-BDY-00251-202505-2
KDQ-BDY-00251,Body Stampings A05 - SKODA Kodiaq (Endurance Technologies),2025-06-06,775.3148,16,INR,KDQ,SKODA Kodiaq,SKODA,Full-size SUV (CKD),4200,0.35,END,Endurance Technologies,domestic,0.2,3,BDY,Body Stampings,Steel,A,4945,2.583,PO-KDQ-BDY-00251-202506-1
KDQ-BDY-00251,Body Stampings A05 - SKODA Kodiaq (Endurance Technologies),2025-06-13,763.5499,5,INR,KDQ,SKODA Kodiaq,SKODA,Full-size SUV (CKD),4200,0.35,END,Endurance Technologies,domestic,0.2,3,BDY,Body Stampings,Steel,A,4945,2.583,PO-KDQ-BDY-00251-202506-2
KDQ-BDY-00251,Body Stampings A05 - SKODA Kodiaq (Endurance Technologies),2025-06-20,768.2953,29,INR,KDQ,SKODA Kodiaq,SKODA,Full-size SUV (CKD),4200,0.35,END,Endurance Technologies,domestic,0.2,3,BDY,Body Stampings,Steel,A,4945,2.583,PO-KDQ-BDY-00251-202506-3
KDQ-BDY-00251,Body Stampings A05 - SKODA Kodiaq (Endurance Technologies),2025-07-06,785.0241,30,INR,KDQ,SKODA Kodiaq,SKODA,Full-size SUV (CKD),4200,0.35,END,Endurance Technologies,domestic,0.2,3,BDY,Body Stampings,Steel,A,4945,2.583,PO-KDQ-BDY-00251-202507-1
KDQ-BDY-00251,Body Stampings A05 - SKODA Kodiaq (Endurance Technologies),2025-07-13,780.8833,20,INR,KDQ,SKODA Kodiaq,SKODA,Full-size SUV (CKD),4200,0.35,END,Endurance Technologies,domestic,0.2,3,BDY,Body Stampings,Steel,A,4945,2.583,PO-KDQ-BDY-00251-202507-2
KDQ-BDY-00251,Body Stampings A05 - SKODA Kodiaq (Endurance Technologies),2025-08-06,777.685,22,INR,KDQ,SKODA Kodiaq,SKODA,Full-size SUV (CKD),4200,0.35,END,Endurance Technologies,domestic,0.2,3,BDY,Body Stampings,Steel,A,4945,2.583,PO-KDQ-BDY-00251-202508-1
KDQ-BDY-00251,Body Stampings A05 - SKODA Kodiaq (Endurance Technologies),2025-08-13,769.1184,5,INR,KDQ,SKODA Kodiaq,SKODA,Full-size SUV (CKD),4200,0.35,END,Endurance Technologies,domestic,0.2,3,BDY,Body Stampings,Steel,A,4945,2.583,PO-KDQ-BDY-00251-202508-2
KDQ-BDY-00251,Body Stampings A05 - SKODA Kodiaq (Endurance Technologies),2025-08-20,773.8696,23,INR,KDQ,SKODA Kodiaq,SKODA,Full-size SUV (CKD),4200,0.35,END,Endurance Technologies,domestic,0.2,3,BDY,Body Stampings,Steel,A,4945,2.583,PO-KDQ-BDY-00251-202508-3
KDQ-BDY-00251,Body Stampings A05 - SKODA Kodiaq (Endurance Technologies),2025-09-06,805.1966,20,INR,KDQ,SKODA Kodiaq,SKODA,Full-size SUV (CKD),4200,0.35,END,Endurance Technologies,domestic,0.2,3,BDY,Body Stampings,Steel,A,4945,2.583,PO-KDQ-BDY-00251-202509-1
KDQ-BDY-00251,Body Stampings A05 - SKODA Kodiaq (Endurance Technologies),2025-09-13,797.6675,30,INR,KDQ,SKODA Kodiaq,SKODA,Full-size SUV (CKD),4200,0.35,END,Endurance Technologies,domestic,0.2,3,BDY,Body Stampings,Steel,A,4945,2.583,PO-KDQ-BDY-00251-202509-2
KDQ-BDY-00251,Body Stampings A05 - SKODA Kodiaq (Endurance Technologies),2025-10-06,762.8423,50,INR,KDQ,SKODA Kodiaq,SKODA,Full-size SUV (CKD),4200,0.35,END,Endurance Technologies,domestic,0.2,3,BDY,Body Stampings,Steel,A,4945,2.583,PO-KDQ-BDY-00251-202510-1
KDQ-BDY-00251,Body Stampings A05 - SKODA Kodiaq (Endurance Technologies),2025-11-06,796.9475,50,INR,KDQ,SKODA Kodiaq,SKODA,Full-size SUV (CKD),4200,0.35,END,Endurance Technologies,domestic,0.2,3,BDY,Body Stampings,Steel,A,4945,2.583,PO-KDQ-BDY-00251-202511-1
KDQ-BDY-00251,Body Stampings A05 - SKODA Kodiaq (Endurance Technologies),2025-12-06,800.5135,32,INR,KDQ,SKODA Kodiaq,SKODA,Full-size SUV (CKD),4200,0.35,END,Endurance Technologies,domestic,0.2,3,BDY,Body Stampings,Steel,A,4945,2.583,PO-KDQ-BDY-00251-202512-1
KDQ-BDY-00251,Body Stampings A05 - SKODA Kodiaq (Endurance Technologies),2025-12-13,815.2288,1,INR,KDQ,SKODA Kodiaq,SKODA,Full-size SUV (CKD),4200,0.35,END,Endurance Technologies,domestic,0.2,3,BDY,Body Stampings,Steel,A,4945,2.583,PO-KDQ-BDY-00251-202512-2
KDQ-BDY-00251,Body Stampings A05 - SKODA Kodiaq (Endurance Technologies),2025-12-20,806.9919,16,INR,KDQ,SKODA Kodiaq,SKODA,Full-size SUV (CKD),4200,0.35,END,Endurance Technologies,domestic,0.2,3,BDY,Body Stampings,Steel,A,4945,2.583,PO-KDQ-BDY-00251-202512-3
KDQ-BDY-00251,Body Stampings A05 - SKODA Kodiaq (Endurance Technologies),2026-01-06,782.5645,7,INR,KDQ,SKODA Kodiaq,SKODA,Full-size SUV (CKD),4200,0.35,END,Endurance Technologies,domestic,0.2,3,BDY,Body Stampings,Steel,A,4945,2.583,PO-KDQ-BDY-00251-202601-1
KDQ-BDY-00251,Body Stampings A05 - SKODA Kodiaq (Endurance Technologies),2026-01-13,786.0658,23,INR,KDQ,SKODA Kodiaq,SKODA,Full-size SUV (CKD),4200,0.35,END,Endurance Technologies,domestic,0.2,3,BDY,Body Stampings,Steel,A,4945,2.583,PO-KDQ-BDY-00251-202601-2
KDQ-BDY-00251,Body Stampings A05 - SKODA Kodiaq (Endurance Technologies),2026-01-20,781.8602,20,INR,KDQ,SKODA Kodiaq,SKODA,Full-size SUV (CKD),4200,0.35,END,Endurance Technologies,domestic,0.2,3,BDY,Body Stampings,Steel,A,4945,2.583,PO-KDQ-BDY-00251-202601-3
KDQ-BDY-00251,Body Stampings A05 - SKODA Kodiaq (Endurance Technologies),2026-02-06,829.6845,26,INR,KDQ,SKODA Kodiaq,SKODA,Full-size SUV (CKD),4200,0.35,END,Endurance Technologies,domestic,0.2,3,BDY,Body Stampings,Steel,A,4945,2.583,PO-KDQ-BDY-00251-202602-1
KDQ-BDY-00251,Body Stampings A05 - SKODA Kodiaq (Endurance Technologies),2026-02-13,817.7718,24,INR,KDQ,SKODA Kodiaq,SKODA,Full-size SUV (CKD),4200,0.35,END,Endurance Technologies,domestic,0.2,3,BDY,Body Stampings,Steel,A,4945,2.583,PO-KDQ-BDY-00251-202602-2
KDQ-BDY-00251,Body Stampings A05 - SKODA Kodiaq (Endurance Technologies),2026-03-06,833.0561,22,INR,KDQ,SKODA Kodiaq,SKODA,Full-size SUV (CKD),4200,0.35,END,Endurance Technologies,domestic,0.2,3,BDY,Body Stampings,Steel,A,4945,2.583,PO-KDQ-BDY-00251-202603-1
KDQ-BDY-00251,Body Stampings A05 - SKODA Kodiaq (Endurance Technologies),2026-03-13,850.8324,2,INR,KDQ,SKODA Kodiaq,SKODA,Full-size SUV (CKD),4200,0.35,END,Endurance Technologies,domestic,0.2,3,BDY,Body Stampings,Steel,A,4945,2.583,PO-KDQ-BDY-00251-202603-2
KDQ-BDY-00251,Body Stampings A05 - SKODA Kodiaq (Endurance Technologies),2026-03-20,842.8625,27,INR,KDQ,SKODA Kodiaq,SKODA,Full-size SUV (CKD),4200,0.35,END,Endurance Technologies,domestic,0.2,3,BDY,Body Stampings,Steel,A,4945,2.583,PO-KDQ-BDY-00251-202603-3
KDQ-BDY-00251,Body Stampings A05 - SKODA Kodiaq (Endurance Technologies),2026-04-06,856.1021,47,INR,KDQ,SKODA Kodiaq,SKODA,Full-size SUV (CKD),4200,0.35,END,Endurance Technologies,domestic,0.2,3,BDY,Body Stampings,Steel,A,4945,2.583,PO-KDQ-BDY-00251-202604-1
KDQ-BDY-00251,Body Stampings A05 - SKODA Kodiaq (Endurance Technologies),2026-04-13,846.5067,3,INR,KDQ,SKODA Kodiaq,SKODA,Full-size SUV (CKD),4200,0.35,END,Endurance Technologies,domestic,0.2,3,BDY,Body Stampings,Steel,A,4945,2.583,PO-KDQ-BDY-00251-202604-2
KDQ-BDY-00251,Body Stampings A05 - SKODA Kodiaq (Endurance Technologies),2026-05-06,853.8081,22,INR,KDQ,SKODA Kodiaq,SKODA,Full-size SUV (CKD),4200,0.35,END,Endurance Technologies,domestic,0.2,3,BDY,Body Stampings,Steel,A,4945,2.583,PO-KDQ-BDY-00251-202605-1
KDQ-BDY-00251,Body Stampings A05 - SKODA Kodiaq (Endurance Technologies),2026-05-13,864.4176,28,INR,KDQ,SKODA Kodiaq,SKODA,Full-size SUV (CKD),4200,0.35,END,Endurance Technologies,domestic,0.2,3,BDY,Body Stampings,Steel,A,4945,2.583,PO-KDQ-BDY-00251-202605-2
KDQ-BDY-00251,Body Stampings A05 - SKODA Kodiaq (Endurance Technologies),2026-06-06,875.3749,50,INR,KDQ,SKODA Kodiaq,SKODA,Full-size SUV (CKD),4200,0.35,END,Endurance Technologies,domestic,0.2,3,BDY,Body Stampings,Steel,A,4945,2.583,PO-KDQ-BDY-00251-202606-1
KDQ-CHS-00257,Chassis C32 - SKODA Kodiaq (Gabriel India),2023-07-06,5348.9297,27,INR,KDQ,SKODA Kodiaq,SKODA,Full-size SUV (CKD),4200,0.35,GAB,Gabriel India,domestic,0.16,6,CHS,Chassis,Steel,C,4498,1.293,PO-KDQ-CHS-00257-202307-1
KDQ-CHS-00257,Chassis C32 - SKODA Kodiaq (Gabriel India),2023-07-13,5330.9975,18,INR,KDQ,SKODA Kodiaq,SKODA,Full-size SUV (CKD),4200,0.35,GAB,Gabriel India,domestic,0.16,6,CHS,Chassis,Steel,C,4498,1.293,PO-KDQ-CHS-00257-202307-2
KDQ-CHS-00257,Chassis C32 - SKODA Kodiaq (Gabriel India),2023-07-20,5312.4707,5,INR,KDQ,SKODA Kodiaq,SKODA,Full-size SUV (CKD),4200,0.35,GAB,Gabriel India,domestic,0.16,6,CHS,Chassis,Steel,C,4498,1.293,PO-KDQ-CHS-00257-202307-3
KDQ-CHS-00257,Chassis C32 - SKODA Kodiaq (Gabriel India),2023-08-06,5231.04,50,INR,KDQ,SKODA Kodiaq,SKODA,Full-size SUV (CKD),4200,0.35,GAB,Gabriel India,domestic,0.16,6,CHS,Chassis,Steel,C,4498,1.293,PO-KDQ-CHS-00257-202308-1
KDQ-CHS-00257,Chassis C32 - SKODA Kodiaq (Gabriel India),2023-09-06,5140.7407,30,INR,KDQ,SKODA Kodiaq,SKODA,Full-size SUV (CKD),4200,0.35,GAB,Gabriel India,domestic,0.16,6,CHS,Chassis,Steel,C,4498,1.293,PO-KDQ-CHS-00257-202309-1
KDQ-CHS-00257,Chassis C32 - SKODA Kodiaq (Gabriel India),2023-09-13,5198.4113,13,INR,KDQ,SKODA Kodiaq,SKODA,Full-size SUV (CKD),4200,0.35,GAB,Gabriel India,domestic,0.16,6,CHS,Chassis,Steel,C,4498,1.293,PO-KDQ-CHS-00257-202309-2
KDQ-CHS-00257,Chassis C32 - SKODA Kodiaq (Gabriel India),2023-09-20,5117.5598,6,INR,KDQ,SKODA Kodiaq,SKODA,Full-size SUV (CKD),4200,0.35,GAB,Gabriel India,domestic,0.16,6,CHS,Chassis,Steel,C,4498,1.293,PO-KDQ-CHS-00257-202309-3
KDQ-CHS-00257,Chassis C32 - SKODA Kodiaq (Gabriel India),2023-10-06,5154.2425,21,INR,KDQ,SKODA Kodiaq,SKODA,Full-size SUV (CKD),4200,0.35,GAB,Gabriel India,domestic,0.16,6,CHS,Chassis,Steel,C,4498,1.293,PO-KDQ-CHS-00257-202310-1
KDQ-CHS-00257,Chassis C32 - SKODA Kodiaq (Gabriel India),2023-10-13,5205.2482,20,INR,KDQ,SKODA Kodiaq,SKODA,Full-size SUV (CKD),4200,0.35,GAB,Gabriel India,domestic,0.16,6,CHS,Chassis,Steel,C,4498,1.293,PO-KDQ-CHS-00257-202310-2
KDQ-CHS-00257,Chassis C32 - SKODA Kodiaq (Gabriel India),2023-10-20,5163.5547,9,INR,KDQ,SKODA Kodiaq,SKODA,Full-size SUV (CKD),4200,0.35,GAB,Gabriel India,domestic,0.16,6,CHS,Chassis,Steel,C,4498,1.293,PO-KDQ-CHS-00257-202310-3
KDQ-CHS-00257,Chassis C32 - SKODA Kodiaq (Gabriel India),2023-11-06,,45,INR,KDQ,SKODA Kodiaq,SKODA,Full-size SUV (CKD),4200,0.35,GAB,Gabriel India,domestic,0.16,6,CHS,Chassis,Steel,C,4498,1.293,PO-KDQ-CHS-00257-202311-1
KDQ-CHS-00257,Chassis C32 - SKODA Kodiaq (Gabriel India),2023-11-13,,2,INR,KDQ,SKODA Kodiaq,SKODA,Full-size SUV (CKD),4200,0.35,GAB,Gabriel India,domestic,0.16,6,CHS,Chassis,Steel,C,4498,1.293,PO-KDQ-CHS-00257-202311-2
KDQ-CHS-00257,Chassis C32 - SKODA Kodiaq (Gabriel India),2023-11-20,,3,INR,KDQ,SKODA Kodiaq,SKODA,Full-size SUV (CKD),4200,0.35,GAB,Gabriel India,domestic,0.16,6,CHS,Chassis,Steel,C,4498,1.293,PO-KDQ-CHS-00257-202311-3
KDQ-CHS-00257,Chassis C32 - SKODA Kodiaq (Gabriel India),2023-12-06,5329.2131,6,INR,KDQ,SKODA Kodiaq,SKODA,Full-size SUV (CKD),4200,0.35,GAB,Gabriel India,domestic,0.16,6,CHS,Chassis,Steel,C,4498,1.293,PO-KDQ-CHS-00257-202312-1
KDQ-CHS-00257,Chassis C32 - SKODA Kodiaq (Gabriel India),2023-12-13,5311.1739,25,INR,KDQ,SKODA Kodiaq,SKODA,Full-size SUV (CKD),4200,0.35,GAB,Gabriel India,domestic,0.16,6,CHS,Chassis,Steel,C,4498,1.293,PO-KDQ-CHS-00257-202312-2
KDQ-CHS-00257,Chassis C32 - SKODA Kodiaq (Gabriel India),2023-12-20,5372.2915,19,INR,KDQ,SKODA Kodiaq,SKODA,Full-size SUV (CKD),4200,0.35,GAB,Gabriel India,domestic,0.16,6,CHS,Chassis,Steel,C,4498,1.293,PO-KDQ-CHS-00257-202312-3
KDQ-CHS-00257,Chassis C32 - SKODA Kodiaq (Gabriel India),2024-01-06,5518.4494,47,INR,KDQ,SKODA Kodiaq,SKODA,Full-size SUV (CKD),4200,0.35,GAB,Gabriel India,domestic,0.16,6,CHS,Chassis,Steel,C,4498,1.293,PO-KDQ-CHS-00257-202401-1
KDQ-CHS-00257,Chassis C32 - SKODA Kodiaq (Gabriel India),2024-01-13,5410.8107,3,INR,KDQ,SKODA Kodiaq,SKODA,Full-size SUV (CKD),4200,0.35,GAB,Gabriel India,domestic,0.16,6,CHS,Chassis,Steel,C,4498,1.293,PO-KDQ-CHS-00257-202401-2
KDQ-CHS-00257,Chassis C32 - SKODA Kodiaq (Gabriel India),2024-02-06,5407.444,1,INR,KDQ,SKODA Kodiaq,SKODA,Full-size SUV (CKD),4200,0.35,GAB,Gabriel India,domestic,0.16,6,CHS,Chassis,Steel,C,4498,1.293,PO-KDQ-CHS-00257-202402-1
KDQ-CHS-00257,Chassis C32 - SKODA Kodiaq (Gabriel India),2024-02-13,5346.735,24,INR,KDQ,SKODA Kodiaq,SKODA,Full-size SUV (CKD),4200,0.35,GAB,Gabriel India,domestic,0.16,6,CHS,Chassis,Steel,C,4498,1.293,PO-KDQ-CHS-00257-202402-2
KDQ-CHS-00257,Chassis C32 - SKODA Kodiaq (Gabriel India),2024-02-20,5354.7424,25,INR,KDQ,SKODA Kodiaq,SKODA,Full-size SUV (CKD),4200,0.35,GAB,Gabriel India,domestic,0.16,6,CHS,Chassis,Steel,C,4498,1.293,PO-KDQ-CHS-00257-202402-3
KDQ-CHS-00257,Chassis C32 - SKODA Kodiaq (Gabriel India),2024-03-06,5180.924,26,INR,KDQ,SKODA Kodiaq,SKODA,Full-size SUV (CKD),4200,0.35,GAB,Gabriel India,domestic,0.16,6,CHS,Chassis,Steel,C,4498,1.293,PO-KDQ-CHS-00257-202403-1
KDQ-CHS-00257,Chassis C32 - SKODA Kodiaq (Gabriel India),2024-03-13,5295.125,24,INR,KDQ,SKODA Kodiaq,SKODA,Full-size SUV (CKD),4200,0.35,GAB,Gabriel India,domestic,0.16,6,CHS,Chassis,Steel,C,4498,1.293,PO-KDQ-CHS-00257-202403-2
KDQ-CHS-00257,Chassis C32 - SKODA Kodiaq (Gabriel India),2024-04-06,5352.6581,50,INR,KDQ,SKODA Kodiaq,SKODA,Full-size SUV (CKD),4200,0.35,GAB,Gabriel India,domestic,0.16,6,CHS,Chassis,Steel,C,4498,1.293,PO-KDQ-CHS-00257-202404-1
KDQ-CHS-00257,Chassis C32 - SKODA Kodiaq (Gabriel India),2024-05-06,5226.3795,50,INR,KDQ,SKODA Kodiaq,SKODA,Full-size SUV (CKD),4200,0.35,GAB,Gabriel India,domestic,0.16,6,CHS,Chassis,Steel,C,4498,1.293,PO-KDQ-CHS-00257-202405-1
KDQ-CHS-00257,Chassis C32 - SKODA Kodiaq (Gabriel India),2024-06-06,5001.6299,50,INR,KDQ,SKODA Kodiaq,SKODA,Full-size SUV (CKD),4200,0.35,GAB,Gabriel India,domestic,0.16,6,CHS,Chassis,Steel,C,4498,1.293,PO-KDQ-CHS-00257-202406-1
KDQ-CHS-00257,Chassis C32 - SKODA Kodiaq (Gabriel India),2024-07-06,5228.8846,18,INR,KDQ,SKODA Kodiaq,SKODA,Full-size SUV (CKD),4200,0.35,GAB,Gabriel India,domestic,0.16,6,CHS,Chassis,Steel,C,4498,1.293,PO-KDQ-CHS-00257-202407-1
KDQ-CHS-00257,Chassis C32 - SKODA Kodiaq (Gabriel India),2024-07-13,5232.8832,21,INR,KDQ,SKODA Kodiaq,SKODA,Full-size SUV (CKD),4200,0.35,GAB,Gabriel India,domestic,0.16,6,CHS,Chassis,Steel,C,4498,1.293,PO-KDQ-CHS-00257-202407-2
KDQ-CHS-00257,Chassis C32 - SKODA Kodiaq (Gabriel India),2024-07-20,5252.184,11,INR,KDQ,SKODA Kodiaq,SKODA,Full-size SUV (CKD),4200,0.35,GAB,Gabriel India,domestic,0.16,6,CHS,Chassis,Steel,C,4498,1.293,PO-KDQ-CHS-00257-202407-3
KDQ-CHS-00257,Chassis C32 - SKODA Kodiaq (Gabriel India),2024-08-06,5129.3518,4,INR,KDQ,SKODA Kodiaq,SKODA,Full-size SUV (CKD),4200,0.35,GAB,Gabriel India,domestic,0.16,6,CHS,Chassis,Steel,C,4498,1.293,PO-KDQ-CHS-00257-202408-1
KDQ-CHS-00257,Chassis C32 - SKODA Kodiaq (Gabriel India),2024-08-13,5171.9408,13,INR,KDQ,SKODA Kodiaq,SKODA,Full-size SUV (CKD),4200,0.35,GAB,Gabriel India,domestic,0.16,6,CHS,Chassis,Steel,C,4498,1.293,PO-KDQ-CHS-00257-202408-2
KDQ-CHS-00257,Chassis C32 - SKODA Kodiaq (Gabriel India),2024-08-20,5238.2802,33,INR,KDQ,SKODA Kodiaq,SKODA,Full-size SUV (CKD),4200,0.35,GAB,Gabriel India,domestic,0.16,6,CHS,Chassis,Steel,C,4498,1.293,PO-KDQ-CHS-00257-202408-3
KDQ-CHS-00257,Chassis C32 - SKODA Kodiaq (Gabriel India),2024-09-06,5240.9404,21,INR,KDQ,SKODA Kodiaq,SKODA,Full-size SUV (CKD),4200,0.35,GAB,Gabriel India,domestic,0.16,6,CHS,Chassis,Steel,C,4498,1.293,PO-KDQ-CHS-00257-202409-1
KDQ-CHS-00257,Chassis C32 - SKODA Kodiaq (Gabriel India),2024-09-13,5217.5661,8,INR,KDQ,SKODA Kodiaq,SKODA,Full-size SUV (CKD),4200,0.35,GAB,Gabriel India,domestic,0.16,6,CHS,Chassis,Steel,C,4498,1.293,PO-KDQ-CHS-00257-202409-2
KDQ-CHS-00257,Chassis C32 - SKODA Kodiaq (Gabriel India),2024-09-20,5233.2339,21,INR,KDQ,SKODA Kodiaq,SKODA,Full-size SUV (CKD),4200,0.35,GAB,Gabriel India,domestic,0.16,6,CHS,Chassis,Steel,C,4498,1.293,PO-KDQ-CHS-00257-202409-3
KDQ-CHS-00257,Chassis C32 - SKODA Kodiaq (Gabriel India),2024-10-06,5246.077,32,INR,KDQ,SKODA Kodiaq,SKODA,Full-size SUV (CKD),4200,0.35,GAB,Gabriel India,domestic,0.16,6,CHS,Chassis,Steel,C,4498,1.293,PO-KDQ-CHS-00257-202410-1
KDQ-CHS-00257,Chassis C32 - SKODA Kodiaq (Gabriel India),2024-10-13,5191.4543,15,INR,KDQ,SKODA Kodiaq,SKODA,Full-size SUV (CKD),4200,0.35,GAB,Gabriel India,domestic,0.16,6,CHS,Chassis,Steel,C,4498,1.293,PO-KDQ-CHS-00257-202410-2
KDQ-CHS-00257,Chassis C32 - SKODA Kodiaq (Gabriel India),2024-10-20,5248.6563,3,INR,KDQ,SKODA Kodiaq,SKODA,Full-size SUV (CKD),4200,0.35,GAB,Gabriel India,domestic,0.16,6,CHS,Chassis,Steel,C,4498,1.293,PO-KDQ-CHS-00257-202410-3
KDQ-CHS-00257,Chassis C32 - SKODA Kodiaq (Gabriel India),2024-11-06,5088.6548,7,INR,KDQ,SKODA Kodiaq,SKODA,Full-size SUV (CKD),4200,0.35,GAB,Gabriel India,domestic,0.16,6,CHS,Chassis,Steel,C,4498,1.293,PO-KDQ-CHS-00257-202411-1
KDQ-CHS-00257,Chassis C32 - SKODA Kodiaq (Gabriel India),2024-11-13,5065.0771,23,INR,KDQ,SKODA Kodiaq,SKODA,Full-size SUV (CKD),4200,0.35,GAB,Gabriel India,domestic,0.16,6,CHS,Chassis,Steel,C,4498,1.293,PO-KDQ-CHS-00257-202411-2
KDQ-CHS-00257,Chassis C32 - SKODA Kodiaq (Gabriel India),2024-11-20,5152.2894,21,INR,KDQ,SKODA Kodiaq,SKODA,Full-size SUV (CKD),4200,0.35,GAB,Gabriel India,domestic,0.16,6,CHS,Chassis,Steel,C,4498,1.293,PO-KDQ-CHS-00257-202411-3
KDQ-CHS-00257,Chassis C32 - SKODA Kodiaq (Gabriel India),2024-12-06,5113.6607,6,INR,KDQ,SKODA Kodiaq,SKODA,Full-size SUV (CKD),4200,0.35,GAB,Gabriel India,domestic,0.16,6,CHS,Chassis,Steel,C,4498,1.293,PO-KDQ-CHS-00257-202412-1
KDQ-CHS-00257,Chassis C32 - SKODA Kodiaq (Gabriel India),2024-12-13,5079.737,11,INR,KDQ,SKODA Kodiaq,SKODA,Full-size SUV (CKD),4200,0.35,GAB,Gabriel India,domestic,0.16,6,CHS,Chassis,Steel,C,4498,1.293,PO-KDQ-CHS-00257-202412-2
KDQ-CHS-00257,Chassis C32 - SKODA Kodiaq (Gabriel India),2024-12-20,5110.0847,32,INR,KDQ,SKODA Kodiaq,SKODA,Full-size SUV (CKD),4200,0.35,GAB,Gabriel India,domestic,0.16,6,CHS,Chassis,Steel,C,4498,1.293,PO-KDQ-CHS-00257-202412-3
KDQ-CHS-00257,Chassis C32 - SKODA Kodiaq (Gabriel India),2025-01-06,5181.6427,14,INR,KDQ,SKODA Kodiaq,SKODA,Full-size SUV (CKD),4200,0.35,GAB,Gabriel India,domestic,0.16,6,CHS,Chassis,Steel,C,4498,1.293,PO-KDQ-CHS-00257-202501-1
KDQ-CHS-00257,Chassis C32 - SKODA Kodiaq (Gabriel India),2025-01-13,5260.3037,24,INR,KDQ,SKODA Kodiaq,SKODA,Full-size SUV (CKD),4200,0.35,GAB,Gabriel India,domestic,0.16,6,CHS,Chassis,Steel,C,4498,1.293,PO-KDQ-CHS-00257-202501-2
KDQ-CHS-00257,Chassis C32 - SKODA Kodiaq (Gabriel India),2025-01-20,5275.0589,13,INR,KDQ,SKODA Kodiaq,SKODA,Full-size SUV (CKD),4200,0.35,GAB,Gabriel India,domestic,0.16,6,CHS,Chassis,Steel,C,4498,1.293,PO-KDQ-CHS-00257-202501-3
KDQ-CHS-00257,Chassis C32 - SKODA Kodiaq (Gabriel India),2025-02-06,5122.2921,23,INR,KDQ,SKODA Kodiaq,SKODA,Full-size SUV (CKD),4200,0.35,GAB,Gabriel India,domestic,0.16,6,CHS,Chassis,Steel,C,4498,1.293,PO-KDQ-CHS-00257-202502-1
KDQ-CHS-00257,Chassis C32 - SKODA Kodiaq (Gabriel India),2025-02-13,5146.082,27,INR,KDQ,SKODA Kodiaq,SKODA,Full-size SUV (CKD),4200,0.35,GAB,Gabriel India,domestic,0.16,6,CHS,Chassis,Steel,C,4498,1.293,PO-KDQ-CHS-00257-202502-2
KDQ-CHS-00257,Chassis C32 - SKODA Kodiaq (Gabriel India),2025-03-06,5298.6702,45,INR,KDQ,SKODA Kodiaq,SKODA,Full-size SUV (CKD),4200,0.35,GAB,Gabriel India,domestic,0.16,6,CHS,Chassis,Steel,C,4498,1.293,PO-KDQ-CHS-00257-202503-1
KDQ-CHS-00257,Chassis C32 - SKODA Kodiaq (Gabriel India),2025-03-13,5331.3459,5,INR,KDQ,SKODA Kodiaq,SKODA,Full-size SUV (CKD),4200,0.35,GAB,Gabriel India,domestic,0.16,6,CHS,Chassis,Steel,C,4498,1.293,PO-KDQ-CHS-00257-202503-2
KDQ-CHS-00257,Chassis C32 - SKODA Kodiaq (Gabriel India),2025-04-06,5311.7052,50,INR,KDQ,SKODA Kodiaq,SKODA,Full-size SUV (CKD),4200,0.35,GAB,Gabriel India,domestic,0.16,6,CHS,Chassis,Steel,C,4498,1.293,PO-KDQ-CHS-00257-202504-1
KDQ-CHS-00257,Chassis C32 - SKODA Kodiaq (Gabriel India),2025-05-06,5311.6071,50,INR,KDQ,SKODA Kodiaq,SKODA,Full-size SUV (CKD),4200,0.35,GAB,Gabriel India,domestic,0.16,6,CHS,Chassis,Steel,C,4498,1.293,PO-KDQ-CHS-00257-202505-1
KDQ-CHS-00257,Chassis C32 - SKODA Kodiaq (Gabriel India),2025-06-06,5370.8248,10,INR,KDQ,SKODA Kodiaq,SKODA,Full-size SUV (CKD),4200,0.35,GAB,Gabriel India,domestic,0.16,6,CHS,Chassis,Steel,C,4498,1.293,PO-KDQ-CHS-00257-202506-1
KDQ-CHS-00257,Chassis C32 - SKODA Kodiaq (Gabriel India),2025-06-13,5464.9865,40,INR,KDQ,SKODA Kodiaq,SKODA,Full-size SUV (CKD),4200,0.35,GAB,Gabriel India,domestic,0.16,6,CHS,Chassis,Steel,C,4498,1.293,PO-KDQ-CHS-00257-202506-2
KDQ-CHS-00257,Chassis C32 - SKODA Kodiaq (Gabriel India),2025-07-06,5272.8299,4,INR,KDQ,SKODA Kodiaq,SKODA,Full-size SUV (CKD),4200,0.35,GAB,Gabriel India,domestic,0.16,6,CHS,Chassis,Steel,C,4498,1.293,PO-KDQ-CHS-00257-202507-1
KDQ-CHS-00257,Chassis C32 - SKODA Kodiaq (Gabriel India),2025-07-13,5299.2437,46,INR,KDQ,SKODA Kodiaq,SKODA,Full-size SUV (CKD),4200,0.35,GAB,Gabriel India,domestic,0.16,6,CHS,Chassis,Steel,C,4498,1.293,PO-KDQ-CHS-00257-202507-2
KDQ-CHS-00257,Chassis C32 - SKODA Kodiaq (Gabriel India),2025-08-06,5339.9141,9,INR,KDQ,SKODA Kodiaq,SKODA,Full-size SUV (CKD),4200,0.35,GAB,Gabriel India,domestic,0.16,6,CHS,Chassis,Steel,C,4498,1.293,PO-KDQ-CHS-00257-202508-1
KDQ-CHS-00257,Chassis C32 - SKODA Kodiaq (Gabriel India),2025-08-13,5301.5699,34,INR,KDQ,SKODA Kodiaq,SKODA,Full-size SUV (CKD),4200,0.35,GAB,Gabriel India,domestic,0.16,6,CHS,Chassis,Steel,C,4498,1.293,PO-KDQ-CHS-00257-202508-2
KDQ-CHS-00257,Chassis C32 - SKODA Kodiaq (Gabriel India),2025-08-20,5294.5237,7,INR,KDQ,SKODA Kodiaq,SKODA,Full-size SUV (CKD),4200,0.35,GAB,Gabriel India,domestic,0.16,6,CHS,Chassis,Steel,C,4498,1.293,PO-KDQ-CHS-00257-202508-3
KDQ-CHS-00257,Chassis C32 - SKODA Kodiaq (Gabriel India),2025-09-06,5241.4176,24,INR,KDQ,SKODA Kodiaq,SKODA,Full-size SUV (CKD),4200,0.35,GAB,Gabriel India,domestic,0.16,6,CHS,Chassis,Steel,C,4498,1.293,PO-KDQ-CHS-00257-202509-1
KDQ-CHS-00257,Chassis C32 - SKODA Kodiaq (Gabriel India),2025-09-13,5296.421,26,INR,KDQ,SKODA Kodiaq,SKODA,Full-size SUV (CKD),4200,0.35,GAB,Gabriel India,domestic,0.16,6,CHS,Chassis,Steel,C,4498,1.293,PO-KDQ-CHS-00257-202509-2
KDQ-CHS-00257,Chassis C32 - SKODA Kodiaq (Gabriel India),2025-10-06,5274.664,50,INR,KDQ,SKODA Kodiaq,SKODA,Full-size SUV (CKD),4200,0.35,GAB,Gabriel India,domestic,0.16,6,CHS,Chassis,Steel,C,4498,1.293,PO-KDQ-CHS-00257-202510-1
KDQ-CHS-00257,Chassis C32 - SKODA Kodiaq (Gabriel India),2025-11-06,5293.62,50,INR,KDQ,SKODA Kodiaq,SKODA,Full-size SUV (CKD),4200,0.35,GAB,Gabriel India,domestic,0.16,6,CHS,Chassis,Steel,C,4498,1.293,PO-KDQ-CHS-00257-202511-1
KDQ-CHS-00257,Chassis C32 - SKODA Kodiaq (Gabriel India),2025-12-06,5170.1897,33,INR,KDQ,SKODA Kodiaq,SKODA,Full-size SUV (CKD),4200,0.35,GAB,Gabriel India,domestic,0.16,6,CHS,Chassis,Steel,C,4498,1.293,PO-KDQ-CHS-00257-202512-1
KDQ-CHS-00257,Chassis C32 - SKODA Kodiaq (Gabriel India),2025-12-13,5179.618,17,INR,KDQ,SKODA Kodiaq,SKODA,Full-size SUV (CKD),4200,0.35,GAB,Gabriel India,domestic,0.16,6,CHS,Chassis,Steel,C,4498,1.293,PO-KDQ-CHS-00257-202512-2
KDQ-CHS-00257,Chassis C32 - SKODA Kodiaq (Gabriel India),2026-01-06,5423.226,50,INR,KDQ,SKODA Kodiaq,SKODA,Full-size SUV (CKD),4200,0.35,GAB,Gabriel India,domestic,0.16,6,CHS,Chassis,Steel,C,4498,1.293,PO-KDQ-CHS-00257-202601-1
KDQ-CHS-00257,Chassis C32 - SKODA Kodiaq (Gabriel India),2026-02-06,5505.0086,50,INR,KDQ,SKODA Kodiaq,SKODA,Full-size SUV (CKD),4200,0.35,GAB,Gabriel India,domestic,0.16,6,CHS,Chassis,Steel,C,4498,1.293,PO-KDQ-CHS-00257-202602-1
KDQ-CHS-00257,Chassis C32 - SKODA Kodiaq (Gabriel India),2026-03-06,5635.173,20,INR,KDQ,SKODA Kodiaq,SKODA,Full-size SUV (CKD),4200,0.35,GAB,Gabriel India,domestic,0.16,6,CHS,Chassis,Steel,C,4498,1.293,PO-KDQ-CHS-00257-202603-1
KDQ-CHS-00257,Chassis C32 - SKODA Kodiaq (Gabriel India),2026-03-13,5634.1044,30,INR,KDQ,SKODA Kodiaq,SKODA,Full-size SUV (CKD),4200,0.35,GAB,Gabriel India,domestic,0.16,6,CHS,Chassis,Steel,C,4498,1.293,PO-KDQ-CHS-00257-202603-2
KDQ-CHS-00257,Chassis C32 - SKODA Kodiaq (Gabriel India),2026-04-06,5423.5444,16,INR,KDQ,SKODA Kodiaq,SKODA,Full-size SUV (CKD),4200,0.35,GAB,Gabriel India,domestic,0.16,6,CHS,Chassis,Steel,C,4498,1.293,PO-KDQ-CHS-00257-202604-1
KDQ-CHS-00257,Chassis C32 - SKODA Kodiaq (Gabriel India),2026-04-13,5441.0377,34,INR,KDQ,SKODA Kodiaq,SKODA,Full-size SUV (CKD),4200,0.35,GAB,Gabriel India,domestic,0.16,6,CHS,Chassis,Steel,C,4498,1.293,PO-KDQ-CHS-00257-202604-2
KDQ-CHS-00257,Chassis C32 - SKODA Kodiaq (Gabriel India),2026-05-06,5325.6973,50,INR,KDQ,SKODA Kodiaq,SKODA,Full-size SUV (CKD),4200,0.35,GAB,Gabriel India,domestic,0.16,6,CHS,Chassis,Steel,C,4498,1.293,PO-KDQ-CHS-00257-202605-1
KDQ-CHS-00257,Chassis C32 - SKODA Kodiaq (Gabriel India),2026-06-06,5222.3943,2,INR,KDQ,SKODA Kodiaq,SKODA,Full-size SUV (CKD),4200,0.35,GAB,Gabriel India,domestic,0.16,6,CHS,Chassis,Steel,C,4498,1.293,PO-KDQ-CHS-00257-202606-1
KDQ-CHS-00257,Chassis C32 - SKODA Kodiaq (Gabriel India),2026-06-13,5241.075,48,INR,KDQ,SKODA Kodiaq,SKODA,Full-size SUV (CKD),4200,0.35,GAB,Gabriel India,domestic,0.16,6,CHS,Chassis,Steel,C,4498,1.293,PO-KDQ-CHS-00257-202606-2
KDQ-BRK-00269,Braking B02 - SKODA Kodiaq (Endurance Technologies),2023-07-06,2426.3127,50,INR,KDQ,SKODA Kodiaq,SKODA,Full-size SUV (CKD),4200,0.35,END,Endurance Technologies,domestic,0.2,3,BRK,Braking,Cast iron,B,8865,1.319,PO-KDQ-BRK-00269-202307-1
KDQ-BRK-00269,Braking B02 - SKODA Kodiaq (Endurance Technologies),2023-08-06,2408.0347,33,INR,KDQ,SKODA Kodiaq,SKODA,Full-size SUV (CKD),4200,0.35,END,Endurance Technologies,domestic,0.2,3,BRK,Braking,Cast iron,B,8865,1.319,PO-KDQ-BRK-00269-202308-1
KDQ-BRK-00269,Braking B02 - SKODA Kodiaq (Endurance Technologies),2023-08-13,2424.2274,17,INR,KDQ,SKODA Kodiaq,SKODA,Full-size SUV (CKD),4200,0.35,END,Endurance Technologies,domestic,0.2,3,BRK,Braking,Cast iron,B,8865,1.319,PO-KDQ-BRK-00269-202308-2
KDQ-BRK-00269,Braking B02 - SKODA Kodiaq (Endurance Technologies),2023-09-06,2536.9462,28,INR,KDQ,SKODA Kodiaq,SKODA,Full-size SUV (CKD),4200,0.35,END,Endurance Technologies,domestic,0.2,3,BRK,Braking,Cast iron,B,8865,1.319,PO-KDQ-BRK-00269-202309-1
KDQ-BRK-00269,Braking B02 - SKODA Kodiaq (Endurance Technologies),2023-09-13,2510.4827,22,INR,KDQ,SKODA Kodiaq,SKODA,Full-size SUV (CKD),4200,0.35,END,Endurance Technologies,domestic,0.2,3,BRK,Braking,Cast iron,B,8865,1.319,PO-KDQ-BRK-00269-202309-2
KDQ-BRK-00269,Braking B02 - SKODA Kodiaq (Endurance Technologies),2023-10-06,2530.4125,24,INR,KDQ,SKODA Kodiaq,SKODA,Full-size SUV (CKD),4200,0.35,END,Endurance Technologies,domestic,0.2,3,BRK,Braking,Cast iron,B,8865,1.319,PO-KDQ-BRK-00269-202310-1
KDQ-BRK-00269,Braking B02 - SKODA Kodiaq (Endurance Technologies),2023-10-13,2498.7295,26,INR,KDQ,SKODA Kodiaq,SKODA,Full-size SUV (CKD),4200,0.35,END,Endurance Technologies,domestic,0.2,3,BRK,Braking,Cast iron,B,8865,1.319,PO-KDQ-BRK-00269-202310-2
KDQ-BRK-00269,Braking B02 - SKODA Kodiaq (Endurance Technologies),2023-11-06,2372.4647,10,INR,KDQ,SKODA Kodiaq,SKODA,Full-size SUV (CKD),4200,0.35,END,Endurance Technologies,domestic,0.2,3,BRK,Braking,Cast iron,B,8865,1.319,PO-KDQ-BRK-00269-202311-1
KDQ-BRK-00269,Braking B02 - SKODA Kodiaq (Endurance Technologies),2023-11-13,2378.1412,13,INR,KDQ,SKODA Kodiaq,SKODA,Full-size SUV (CKD),4200,0.35,END,Endurance Technologies,domestic,0.2,3,BRK,Braking,Cast iron,B,8865,1.319,PO-KDQ-BRK-00269-202311-2
KDQ-BRK-00269,Braking B02 - SKODA Kodiaq (Endurance Technologies),2023-11-20,2357.6942,26,INR,KDQ,SKODA Kodiaq,SKODA,Full-size SUV (CKD),4200,0.35,END,Endurance Technologies,domestic,0.2,3,BRK,Braking,Cast iron,B,8865,1.319,PO-KDQ-BRK-00269-202311-3
KDQ-BRK-00269,Braking B02 - SKODA Kodiaq (Endurance Technologies),2023-12-06,2456.4329,24,INR,KDQ,SKODA Kodiaq,SKODA,Full-size SUV (CKD),4200,0.35,END,Endurance Technologies,domestic,0.2,3,BRK,Braking,Cast iron,B,8865,1.319,PO-KDQ-BRK-00269-202312-1
KDQ-BRK-00269,Braking B02 - SKODA Kodiaq (Endurance Technologies),2023-12-13,2447.5194,12,INR,KDQ,SKODA Kodiaq,SKODA,Full-size SUV (CKD),4200,0.35,END,Endurance Technologies,domestic,0.2,3,BRK,Braking,Cast iron,B,8865,1.319,PO-KDQ-BRK-00269-202312-2
KDQ-BRK-00269,Braking B02 - SKODA Kodiaq (Endurance Technologies),2023-12-20,2453.1306,14,INR,KDQ,SKODA Kodiaq,SKODA,Full-size SUV (CKD),4200,0.35,END,Endurance Technologies,domestic,0.2,3,BRK,Braking,Cast iron,B,8865,1.319,PO-KDQ-BRK-00269-202312-3
KDQ-BRK-00269,Braking B02 - SKODA Kodiaq (Endurance Technologies),2024-01-06,2406.012,3,INR,KDQ,SKODA Kodiaq,SKODA,Full-size SUV (CKD),4200,0.35,END,Endurance Technologies,domestic,0.2,3,BRK,Braking,Cast iron,B,8865,1.319,PO-KDQ-BRK-00269-202401-1
KDQ-BRK-00269,Braking B02 - SKODA Kodiaq (Endurance Technologies),2024-01-13,2402.6278,10,INR,KDQ,SKODA Kodiaq,SKODA,Full-size SUV (CKD),4200,0.35,END,Endurance Technologies,domestic,0.2,3,BRK,Braking,Cast iron,B,8865,1.319,PO-KDQ-BRK-00269-202401-2
KDQ-BRK-00269,Braking B02 - SKODA Kodiaq (Endurance Technologies),2024-01-20,2379.8935,36,INR,KDQ,SKODA Kodiaq,SKODA,Full-size SUV (CKD),4200,0.35,END,Endurance Technologies,domestic,0.2,3,BRK,Braking,Cast iron,B,8865,1.319,PO-KDQ-BRK-00269-202401-3
KDQ-BRK-00269,Braking B02 - SKODA Kodiaq (Endurance Technologies),2024-02-06,2446.0697,46,INR,KDQ,SKODA Kodiaq,SKODA,Full-size SUV (CKD),4200,0.35,END,Endurance Technologies,domestic,0.2,3,BRK,Braking,Cast iron,B,8865,1.319,PO-KDQ-BRK-00269-202402-1
KDQ-BRK-00269,Braking B02 - SKODA Kodiaq (Endurance Technologies),2024-02-13,2456.6761,4,INR,KDQ,SKODA Kodiaq,SKODA,Full-size SUV (CKD),4200,0.35,END,Endurance Technologies,domestic,0.2,3,BRK,Braking,Cast iron,B,8865,1.319,PO-KDQ-BRK-00269-202402-2
KDQ-BRK-00269,Braking B02 - SKODA Kodiaq (Endurance Technologies),2024-03-06,2429.1044,50,INR,KDQ,SKODA Kodiaq,SKODA,Full-size SUV (CKD),4200,0.35,END,Endurance Technologies,domestic,0.2,3,BRK,Braking,Cast iron,B,8865,1.319,PO-KDQ-BRK-00269-202403-1
KDQ-BRK-00269,Braking B02 - SKODA Kodiaq (Endurance Technologies),2024-04-06,2291.9734,4,INR,KDQ,SKODA Kodiaq,SKODA,Full-size SUV (CKD),4200,0.35,END,Endurance Technologies,domestic,0.2,3,BRK,Braking,Cast iron,B,8865,1.319,PO-KDQ-BRK-00269-202404-1
KDQ-BRK-00269,Braking B02 - SKODA Kodiaq (Endurance Technologies),2024-04-13,2308.8573,36,INR,KDQ,SKODA Kodiaq,SKODA,Full-size SUV (CKD),4200,0.35,END,Endurance Technologies,domestic,0.2,3,BRK,Braking,Cast iron,B,8865,1.319,PO-KDQ-BRK-00269-202404-2
KDQ-BRK-00269,Braking B02 - SKODA Kodiaq (Endurance Technologies),2024-04-20,2351.607,10,INR,KDQ,SKODA Kodiaq,SKODA,Full-size SUV (CKD),4200,0.35,END,Endurance Technologies,domestic,0.2,3,BRK,Braking,Cast iron,B,8865,1.319,PO-KDQ-BRK-00269-202404-3
KDQ-BRK-00269,Braking B02 - SKODA Kodiaq (Endurance Technologies),2024-05-06,2349.6615,1,INR,KDQ,SKODA Kodiaq,SKODA,Full-size SUV (CKD),4200,0.35,END,Endurance Technologies,domestic,0.2,3,BRK,Braking,Cast iron,B,8865,1.319,PO-KDQ-BRK-00269-202405-1
KDQ-BRK-00269,Braking B02 - SKODA Kodiaq (Endurance Technologies),2024-05-13,2387.8833,49,INR,KDQ,SKODA Kodiaq,SKODA,Full-size SUV (CKD),4200,0.35,END,Endurance Technologies,domestic,0.2,3,BRK,Braking,Cast iron,B,8865,1.319,PO-KDQ-BRK-00269-202405-2
KDQ-BRK-00269,Braking B02 - SKODA Kodiaq (Endurance Technologies),2024-05-20,2351.588,1,INR,KDQ,SKODA Kodiaq,SKODA,Full-size SUV (CKD),4200,0.35,END,Endurance Technologies,domestic,0.2,3,BRK,Braking,Cast iron,B,8865,1.319,PO-KDQ-BRK-00269-202405-3
KDQ-BRK-00269,Braking B02 - SKODA Kodiaq (Endurance Technologies),2024-06-06,2302.8712,50,INR,KDQ,SKODA Kodiaq,SKODA,Full-size SUV (CKD),4200,0.35,END,Endurance Technologies,domestic,0.2,3,BRK,Braking,Cast iron,B,8865,1.319,PO-KDQ-BRK-00269-202406-1
KDQ-BRK-00269,Braking B02 - SKODA Kodiaq (Endurance Technologies),2024-07-06,2339.7082,50,INR,KDQ,SKODA Kodiaq,SKODA,Full-size SUV (CKD),4200,0.35,END,Endurance Technologies,domestic,0.2,3,BRK,Braking,Cast iron,B,8865,1.319,PO-KDQ-BRK-00269-202407-1
KDQ-BRK-00269,Braking B02 - SKODA Kodiaq (Endurance Technologies),2024-08-06,2423.248,15,INR,KDQ,SKODA Kodiaq,SKODA,Full-size SUV (CKD),4200,0.35,END,Endurance Technologies,domestic,0.2,3,BRK,Braking,Cast iron,B,8865,1.319,PO-KDQ-BRK-00269-202408-1
KDQ-BRK-00269,Braking B02 - SKODA Kodiaq (Endurance Technologies),2024-08-13,2414.8976,22,INR,KDQ,SKODA Kodiaq,SKODA,Full-size SUV (CKD),4200,0.35,END,Endurance Technologies,domestic,0.2,3,BRK,Braking,Cast iron,B,8865,1.319,PO-KDQ-BRK-00269-202408-2
KDQ-BRK-00269,Braking B02 - SKODA Kodiaq (Endurance Technologies),2024-08-20,2425.1614,13,INR,KDQ,SKODA Kodiaq,SKODA,Full-size SUV (CKD),4200,0.35,END,Endurance Technologies,domestic,0.2,3,BRK,Braking,Cast iron,B,8865,1.319,PO-KDQ-BRK-00269-202408-3
KDQ-BRK-00269,Braking B02 - SKODA Kodiaq (Endurance Technologies),2024-09-06,2507.3773,14,INR,KDQ,SKODA Kodiaq,SKODA,Full-size SUV (CKD),4200,0.35,END,Endurance Technologies,domestic,0.2,3,BRK,Braking,Cast iron,B,8865,1.319,PO-KDQ-BRK-00269-202409-1
KDQ-BRK-00269,Braking B02 - SKODA Kodiaq (Endurance Technologies),2024-09-13,2502.2094,16,INR,KDQ,SKODA Kodiaq,SKODA,Full-size SUV (CKD),4200,0.35,END,Endurance Technologies,domestic,0.2,3,BRK,Braking,Cast iron,B,8865,1.319,PO-KDQ-BRK-00269-202409-2
KDQ-BRK-00269,Braking B02 - SKODA Kodiaq (Endurance Technologies),2024-09-20,2512.271,21,INR,KDQ,SKODA Kodiaq,SKODA,Full-size SUV (CKD),4200,0.35,END,Endurance Technologies,domestic,0.2,3,BRK,Braking,Cast iron,B,8865,1.319,PO-KDQ-BRK-00269-202409-3
KDQ-BRK-00269,Braking B02 - SKODA Kodiaq (Endurance Technologies),2024-10-06,2506.6801,7,INR,KDQ,SKODA Kodiaq,SKODA,Full-size SUV (CKD),4200,0.35,END,Endurance Technologies,domestic,0.2,3,BRK,Braking,Cast iron,B,8865,1.319,PO-KDQ-BRK-00269-202410-1
KDQ-BRK-00269,Braking B02 - SKODA Kodiaq (Endurance Technologies),2024-10-13,2512.346,43,INR,KDQ,SKODA Kodiaq,SKODA,Full-size SUV (CKD),4200,0.35,END,Endurance Technologies,domestic,0.2,3,BRK,Braking,Cast iron,B,8865,1.319,PO-KDQ-BRK-00269-202410-2
KDQ-BRK-00269,Braking B02 - SKODA Kodiaq (Endurance Technologies),2024-11-06,2442.5421,50,INR,KDQ,SKODA Kodiaq,SKODA,Full-size SUV (CKD),4200,0.35,END,Endurance Technologies,domestic,0.2,3,BRK,Braking,Cast iron,B,8865,1.319,PO-KDQ-BRK-00269-202411-1
KDQ-BRK-00269,Braking B02 - SKODA Kodiaq (Endurance Technologies),2024-12-06,2556.1141,27,INR,KDQ,SKODA Kodiaq,SKODA,Full-size SUV (CKD),4200,0.35,END,Endurance Technologies,domestic,0.2,3,BRK,Braking,Cast iron,B,8865,1.319,PO-KDQ-BRK-00269-202412-1
KDQ-BRK-00269,Braking B02 - SKODA Kodiaq (Endurance Technologies),2024-12-13,2518.5347,23,INR,KDQ,SKODA Kodiaq,SKODA,Full-size SUV (CKD),4200,0.35,END,Endurance Technologies,domestic,0.2,3,BRK,Braking,Cast iron,B,8865,1.319,PO-KDQ-BRK-00269-202412-2
KDQ-BRK-00269,Braking B02 - SKODA Kodiaq (Endurance Technologies),2025-01-06,2422.7937,50,INR,KDQ,SKODA Kodiaq,SKODA,Full-size SUV (CKD),4200,0.35,END,Endurance Technologies,domestic,0.2,3,BRK,Braking,Cast iron,B,8865,1.319,PO-KDQ-BRK-00269-202501-1
KDQ-BRK-00269,Braking B02 - SKODA Kodiaq (Endurance Technologies),2025-02-06,2285.962,29,INR,KDQ,SKODA Kodiaq,SKODA,Full-size SUV (CKD),4200,0.35,END,Endurance Technologies,domestic,0.2,3,BRK,Braking,Cast iron,B,8865,1.319,PO-KDQ-BRK-00269-202502-1
KDQ-BRK-00269,Braking B02 - SKODA Kodiaq (Endurance Technologies),2025-02-13,2306.3041,21,INR,KDQ,SKODA Kodiaq,SKODA,Full-size SUV (CKD),4200,0.35,END,Endurance Technologies,domestic,0.2,3,BRK,Braking,Cast iron,B,8865,1.319,PO-KDQ-BRK-00269-202502-2
KDQ-BRK-00269,Braking B02 - SKODA Kodiaq (Endurance Technologies),2025-03-06,2217.3838,41,INR,KDQ,SKODA Kodiaq,SKODA,Full-size SUV (CKD),4200,0.35,END,Endurance Technologies,domestic,0.2,3,BRK,Braking,Cast iron,B,8865,1.319,PO-KDQ-BRK-00269-202503-1
KDQ-BRK-00269,Braking B02 - SKODA Kodiaq (Endurance Technologies),2025-03-13,2272.9993,9,INR,KDQ,SKODA Kodiaq,SKODA,Full-size SUV (CKD),4200,0.35,END,Endurance Technologies,domestic,0.2,3,BRK,Braking,Cast iron,B,8865,1.319,PO-KDQ-BRK-00269-202503-2
KDQ-BRK-00269,Braking B02 - SKODA Kodiaq (Endurance Technologies),2025-04-06,2358.5064,29,INR,KDQ,SKODA Kodiaq,SKODA,Full-size SUV (CKD),4200,0.35,END,Endurance Technologies,domestic,0.2,3,BRK,Braking,Cast iron,B,8865,1.319,PO-KDQ-BRK-00269-202504-1
KDQ-BRK-00269,Braking B02 - SKODA Kodiaq (Endurance Technologies),2025-04-13,2337.067,21,INR,KDQ,SKODA Kodiaq,SKODA,Full-size SUV (CKD),4200,0.35,END,Endurance Technologies,domestic,0.2,3,BRK,Braking,Cast iron,B,8865,1.319,PO-KDQ-BRK-00269-202504-2
KDQ-BRK-00269,Braking B02 - SKODA Kodiaq (Endurance Technologies),2025-05-06,2319.3565,7,INR,KDQ,SKODA Kodiaq,SKODA,Full-size SUV (CKD),4200,0.35,END,Endurance Technologies,domestic,0.2,3,BRK,Braking,Cast iron,B,8865,1.319,PO-KDQ-BRK-00269-202505-1
KDQ-BRK-00269,Braking B02 - SKODA Kodiaq (Endurance Technologies),2025-05-13,2343.6503,28,INR,KDQ,SKODA Kodiaq,SKODA,Full-size SUV (CKD),4200,0.35,END,Endurance Technologies,domestic,0.2,3,BRK,Braking,Cast iron,B,8865,1.319,PO-KDQ-BRK-00269-202505-2
KDQ-BRK-00269,Braking B02 - SKODA Kodiaq (Endurance Technologies),2025-05-20,2350.8543,15,INR,KDQ,SKODA Kodiaq,SKODA,Full-size SUV (CKD),4200,0.35,END,Endurance Technologies,domestic,0.2,3,BRK,Braking,Cast iron,B,8865,1.319,PO-KDQ-BRK-00269-202505-3
KDQ-BRK-00269,Braking B02 - SKODA Kodiaq (Endurance Technologies),2025-06-06,2377.7109,22,INR,KDQ,SKODA Kodiaq,SKODA,Full-size SUV (CKD),4200,0.35,END,Endurance Technologies,domestic,0.2,3,BRK,Braking,Cast iron,B,8865,1.319,PO-KDQ-BRK-00269-202506-1
KDQ-BRK-00269,Braking B02 - SKODA Kodiaq (Endurance Technologies),2025-06-13,2431.6492,17,INR,KDQ,SKODA Kodiaq,SKODA,Full-size SUV (CKD),4200,0.35,END,Endurance Technologies,domestic,0.2,3,BRK,Braking,Cast iron,B,8865,1.319,PO-KDQ-BRK-00269-202506-2
KDQ-BRK-00269,Braking B02 - SKODA Kodiaq (Endurance Technologies),2025-06-20,2395.9921,12,INR,KDQ,SKODA Kodiaq,SKODA,Full-size SUV (CKD),4200,0.35,END,Endurance Technologies,domestic,0.2,3,BRK,Braking,Cast iron,B,8865,1.319,PO-KDQ-BRK-00269-202506-3
KDQ-BRK-00269,Braking B02 - SKODA Kodiaq (Endurance Technologies),2025-07-06,2368.7148,10,INR,KDQ,SKODA Kodiaq,SKODA,Full-size SUV (CKD),4200,0.35,END,Endurance Technologies,domestic,0.2,3,BRK,Braking,Cast iron,B,8865,1.319,PO-KDQ-BRK-00269-202507-1
KDQ-BRK-00269,Braking B02 - SKODA Kodiaq (Endurance Technologies),2025-07-13,2387.9762,40,INR,KDQ,SKODA Kodiaq,SKODA,Full-size SUV (CKD),4200,0.35,END,Endurance Technologies,domestic,0.2,3,BRK,Braking,Cast iron,B,8865,1.319,PO-KDQ-BRK-00269-202507-2
KDQ-BRK-00269,Braking B02 - SKODA Kodiaq (Endurance Technologies),2025-08-06,2388.6408,50,INR,KDQ,SKODA Kodiaq,SKODA,Full-size SUV (CKD),4200,0.35,END,Endurance Technologies,domestic,0.2,3,BRK,Braking,Cast iron,B,8865,1.319,PO-KDQ-BRK-00269-202508-1
KDQ-BRK-00269,Braking B02 - SKODA Kodiaq (Endurance Technologies),2025-09-06,2417.2998,21,INR,KDQ,SKODA Kodiaq,SKODA,Full-size SUV (CKD),4200,0.35,END,Endurance Technologies,domestic,0.2,3,BRK,Braking,Cast iron,B,8865,1.319,PO-KDQ-BRK-00269-202509-1
KDQ-BRK-00269,Braking B02 - SKODA Kodiaq (Endurance Technologies),2025-09-13,2454.9653,14,INR,KDQ,SKODA Kodiaq,SKODA,Full-size SUV (CKD),4200,0.35,END,Endurance Technologies,domestic,0.2,3,BRK,Braking,Cast iron,B,8865,1.319,PO-KDQ-BRK-00269-202509-2
KDQ-BRK-00269,Braking B02 - SKODA Kodiaq (Endurance Technologies),2025-09-20,2417.9034,15,INR,KDQ,SKODA Kodiaq,SKODA,Full-size SUV (CKD),4200,0.35,END,Endurance Technologies,domestic,0.2,3,BRK,Braking,Cast iron,B,8865,1.319,PO-KDQ-BRK-00269-202509-3
KDQ-BRK-00269,Braking B02 - SKODA Kodiaq (Endurance Technologies),2025-10-06,2447.4881,50,INR,KDQ,SKODA Kodiaq,SKODA,Full-size SUV (CKD),4200,0.35,END,Endurance Technologies,domestic,0.2,3,BRK,Braking,Cast iron,B,8865,1.319,PO-KDQ-BRK-00269-202510-1
KDQ-BRK-00269,Braking B02 - SKODA Kodiaq (Endurance Technologies),2025-11-06,2492.4278,50,INR,KDQ,SKODA Kodiaq,SKODA,Full-size SUV (CKD),4200,0.35,END,Endurance Technologies,domestic,0.2,3,BRK,Braking,Cast iron,B,8865,1.319,PO-KDQ-BRK-00269-202511-1
KDQ-BRK-00269,Braking B02 - SKODA Kodiaq (Endurance Technologies),2025-12-06,2461.8876,32,INR,KDQ,SKODA Kodiaq,SKODA,Full-size SUV (CKD),4200,0.35,END,Endurance Technologies,domestic,0.2,3,BRK,Braking,Cast iron,B,8865,1.319,PO-KDQ-BRK-00269-202512-1
KDQ-BRK-00269,Braking B02 - SKODA Kodiaq (Endurance Technologies),2025-12-13,2472.5368,3,INR,KDQ,SKODA Kodiaq,SKODA,Full-size SUV (CKD),4200,0.35,END,Endurance Technologies,domestic,0.2,3,BRK,Braking,Cast iron,B,8865,1.319,PO-KDQ-BRK-00269-202512-2
KDQ-BRK-00269,Braking B02 - SKODA Kodiaq (Endurance Technologies),2025-12-20,2458.2037,15,INR,KDQ,SKODA Kodiaq,SKODA,Full-size SUV (CKD),4200,0.35,END,Endurance Technologies,domestic,0.2,3,BRK,Braking,Cast iron,B,8865,1.319,PO-KDQ-BRK-00269-202512-3
KDQ-BRK-00269,Braking B02 - SKODA Kodiaq (Endurance Technologies),2026-01-06,2419.1062,46,INR,KDQ,SKODA Kodiaq,SKODA,Full-size SUV (CKD),4200,0.35,END,Endurance Technologies,domestic,0.2,3,BRK,Braking,Cast iron,B,8865,1.319,PO-KDQ-BRK-00269-202601-1
KDQ-BRK-00269,Braking B02 - SKODA Kodiaq (Endurance Technologies),2026-01-13,2447.2804,4,INR,KDQ,SKODA Kodiaq,SKODA,Full-size SUV (CKD),4200,0.35,END,Endurance Technologies,domestic,0.2,3,BRK,Braking,Cast iron,B,8865,1.319,PO-KDQ-BRK-00269-202601-2
KDQ-BRK-00269,Braking B02 - SKODA Kodiaq (Endurance Technologies),2026-02-06,2393.632,50,INR,KDQ,SKODA Kodiaq,SKODA,Full-size SUV (CKD),4200,0.35,END,Endurance Technologies,domestic,0.2,3,BRK,Braking,Cast iron,B,8865,1.319,PO-KDQ-BRK-00269-202602-1
KDQ-BRK-00269,Braking B02 - SKODA Kodiaq (Endurance Technologies),2026-03-06,2312.5055,40,INR,KDQ,SKODA Kodiaq,SKODA,Full-size SUV (CKD),4200,0.35,END,Endurance Technologies,domestic,0.2,3,BRK,Braking,Cast iron,B,8865,1.319,PO-KDQ-BRK-00269-202603-1
KDQ-BRK-00269,Braking B02 - SKODA Kodiaq (Endurance Technologies),2026-03-13,2327.615,4,INR,KDQ,SKODA Kodiaq,SKODA,Full-size SUV (CKD),4200,0.35,END,Endurance Technologies,domestic,0.2,3,BRK,Braking,Cast iron,B,8865,1.319,PO-KDQ-BRK-00269-202603-2
KDQ-BRK-00269,Braking B02 - SKODA Kodiaq (Endurance Technologies),2026-03-20,2308.3095,6,INR,KDQ,SKODA Kodiaq,SKODA,Full-size SUV (CKD),4200,0.35,END,Endurance Technologies,domestic,0.2,3,BRK,Braking,Cast iron,B,8865,1.319,PO-KDQ-BRK-00269-202603-3
KDQ-BRK-00269,Braking B02 - SKODA Kodiaq (Endurance Technologies),2026-04-06,2271.781,47,INR,KDQ,SKODA Kodiaq,SKODA,Full-size SUV (CKD),4200,0.35,END,Endurance Technologies,domestic,0.2,3,BRK,Braking,Cast iron,B,8865,1.319,PO-KDQ-BRK-00269-202604-1
KDQ-BRK-00269,Braking B02 - SKODA Kodiaq (Endurance Technologies),2026-04-13,2262.8301,3,INR,KDQ,SKODA Kodiaq,SKODA,Full-size SUV (CKD),4200,0.35,END,Endurance Technologies,domestic,0.2,3,BRK,Braking,Cast iron,B,8865,1.319,PO-KDQ-BRK-00269-202604-2
KDQ-BRK-00269,Braking B02 - SKODA Kodiaq (Endurance Technologies),2026-05-06,2433.0932,50,INR,KDQ,SKODA Kodiaq,SKODA,Full-size SUV (CKD),4200,0.35,END,Endurance Technologies,domestic,0.2,3,BRK,Braking,Cast iron,B,8865,1.319,PO-KDQ-BRK-00269-202605-1
KDQ-BRK-00269,Braking B02 - SKODA Kodiaq (Endurance Technologies),2026-06-06,2473.9928,50,INR,KDQ,SKODA Kodiaq,SKODA,Full-size SUV (CKD),4200,0.35,END,Endurance Technologies,domestic,0.2,3,BRK,Braking,Cast iron,B,8865,1.319,PO-KDQ-BRK-00269-202606-1
KDQ-ELC-00287,Electrical C39 - SKODA Kodiaq (Varroc Engineering),2023-07-06,1632.938,50,INR,KDQ,SKODA Kodiaq,SKODA,Full-size SUV (CKD),4200,0.35,VRC,Varroc Engineering,domestic,0.26,3,ELC,Electrical,Copper,C,4635,0.585,PO-KDQ-ELC-00287-202307-1
KDQ-ELC-00287,Electrical C39 - SKODA Kodiaq (Varroc Engineering),2023-08-06,1630.2977,30,INR,KDQ,SKODA Kodiaq,SKODA,Full-size SUV (CKD),4200,0.35,VRC,Varroc Engineering,domestic,0.26,3,ELC,Electrical,Copper,C,4635,0.585,PO-KDQ-ELC-00287-202308-1
KDQ-ELC-00287,Electrical C39 - SKODA Kodiaq (Varroc Engineering),2023-08-13,1684.0043,19,INR,KDQ,SKODA Kodiaq,SKODA,Full-size SUV (CKD),4200,0.35,VRC,Varroc Engineering,domestic,0.26,3,ELC,Electrical,Copper,C,4635,0.585,PO-KDQ-ELC-00287-202308-2
KDQ-ELC-00287,Electrical C39 - SKODA Kodiaq (Varroc Engineering),2023-08-20,1630.6062,1,INR,KDQ,SKODA Kodiaq,SKODA,Full-size SUV (CKD),4200,0.35,VRC,Varroc Engineering,domestic,0.26,3,ELC,Electrical,Copper,C,4635,0.585,PO-KDQ-ELC-00287-202308-3
KDQ-ELC-00287,Electrical C39 - SKODA Kodiaq (Varroc Engineering),2023-09-06,1654.6187,50,INR,KDQ,SKODA Kodiaq,SKODA,Full-size SUV (CKD),4200,0.35,VRC,Varroc Engineering,domestic,0.26,3,ELC,Electrical,Copper,C,4635,0.585,PO-KDQ-ELC-00287-202309-1
KDQ-ELC-00287,Electrical C39 - SKODA Kodiaq (Varroc Engineering),2023-10-06,1743.1187,50,INR,KDQ,SKODA Kodiaq,SKODA,Full-size SUV (CKD),4200,0.35,VRC,Varroc Engineering,domestic,0.26,3,ELC,Electrical,Copper,C,4635,0.585,PO-KDQ-ELC-00287-202310-1
KDQ-ELC-00287,Electrical C39 - SKODA Kodiaq (Varroc Engineering),2023-11-06,1757.3583,50,INR,KDQ,SKODA Kodiaq,SKODA,Full-size SUV (CKD),4200,0.35,VRC,Varroc Engineering,domestic,0.26,3,ELC,Electrical,Copper,C,4635,0.585,PO-KDQ-ELC-00287-202311-1
KDQ-ELC-00287,Electrical C39 - SKODA Kodiaq (Varroc Engineering),2023-12-06,1913.458,16,INR,KDQ,SKODA Kodiaq,SKODA,Full-size SUV (CKD),4200,0.35,VRC,Varroc Engineering,domestic,0.26,3,ELC,Electrical,Copper,C,4635,0.585,PO-KDQ-ELC-00287-202312-1
KDQ-ELC-00287,Electrical C39 - SKODA Kodiaq (Varroc Engineering),2023-12-13,1926.8865,34,INR,KDQ,SKODA Kodiaq,SKODA,Full-size SUV (CKD),4200,0.35,VRC,Varroc Engineering,domestic,0.26,3,ELC,Electrical,Copper,C,4635,0.585,PO-KDQ-ELC-00287-202312-2
KDQ-ELC-00287,Electrical C39 - SKODA Kodiaq (Varroc Engineering),2024-01-06,1893.2814,35,INR,KDQ,SKODA Kodiaq,SKODA,Full-size SUV (CKD),4200,0.35,VRC,Varroc Engineering,domestic,0.26,3,ELC,Electrical,Copper,C,4635,0.585,PO-KDQ-ELC-00287-202401-1
KDQ-ELC-00287,Electrical C39 - SKODA Kodiaq (Varroc Engineering),2024-01-13,1883.4385,2,INR,KDQ,SKODA Kodiaq,SKODA,Full-size SUV (CKD),4200,0.35,VRC,Varroc Engineering,domestic,0.26,3,ELC,Electrical,Copper,C,4635,0.585,PO-KDQ-ELC-00287-202401-2
KDQ-ELC-00287,Electrical C39 - SKODA Kodiaq (Varroc Engineering),2024-01-20,1896.634,12,INR,KDQ,SKODA Kodiaq,SKODA,Full-size SUV (CKD),4200,0.35,VRC,Varroc Engineering,domestic,0.26,3,ELC,Electrical,Copper,C,4635,0.585,PO-KDQ-ELC-00287-202401-3
KDQ-ELC-00287,Electrical C39 - SKODA Kodiaq (Varroc Engineering),2024-02-06,1837.6974,50,INR,KDQ,SKODA Kodiaq,SKODA,Full-size SUV (CKD),4200,0.35,VRC,Varroc Engineering,domestic,0.26,3,ELC,Electrical,Copper,C,4635,0.585,PO-KDQ-ELC-00287-202402-1
KDQ-ELC-00287,Electrical C39 - SKODA Kodiaq (Varroc Engineering),2024-03-06,1781.7435,15,INR,KDQ,SKODA Kodiaq,SKODA,Full-size SUV (CKD),4200,0.35,VRC,Varroc Engineering,domestic,0.26,3,ELC,Electrical,Copper,C,4635,0.585,PO-KDQ-ELC-00287-202403-1
KDQ-ELC-00287,Electrical C39 - SKODA Kodiaq (Varroc Engineering),2024-03-13,1792.3738,14,INR,KDQ,SKODA Kodiaq,SKODA,Full-size SUV (CKD),4200,0.35,VRC,Varroc Engineering,domestic,0.26,3,ELC,Electrical,Copper,C,4635,0.585,PO-KDQ-ELC-00287-202403-2
KDQ-ELC-00287,Electrical C39 - SKODA Kodiaq (Varroc Engineering),2024-03-20,1782.3857,21,INR,KDQ,SKODA Kodiaq,SKODA,Full-size SUV (CKD),4200,0.35,VRC,Varroc Engineering,domestic,0.26,3,ELC,Electrical,Copper,C,4635,0.585,PO-KDQ-ELC-00287-202403-3
KDQ-ELC-00287,Electrical C39 - SKODA Kodiaq (Varroc Engineering),2024-04-06,1795.6424,50,INR,KDQ,SKODA Kodiaq,SKODA,Full-size SUV (CKD),4200,0.35,VRC,Varroc Engineering,domestic,0.26,3,ELC,Electrical,Copper,C,4635,0.585,PO-KDQ-ELC-00287-202404-1
KDQ-ELC-00287,Electrical C39 - SKODA Kodiaq (Varroc Engineering),2024-05-06,1759.6553,20,INR,KDQ,SKODA Kodiaq,SKODA,Full-size SUV (CKD),4200,0.35,VRC,Varroc Engineering,domestic,0.26,3,ELC,Electrical,Copper,C,4635,0.585,PO-KDQ-ELC-00287-202405-1
KDQ-ELC-00287,Electrical C39 - SKODA Kodiaq (Varroc Engineering),2024-05-13,1752.127,30,INR,KDQ,SKODA Kodiaq,SKODA,Full-size SUV (CKD),4200,0.35,VRC,Varroc Engineering,domestic,0.26,3,ELC,Electrical,Copper,C,4635,0.585,PO-KDQ-ELC-00287-202405-2
KDQ-ELC-00287,Electrical C39 - SKODA Kodiaq (Varroc Engineering),2024-06-06,1731.499,18,INR,KDQ,SKODA Kodiaq,SKODA,Full-size SUV (CKD),4200,0.35,VRC,Varroc Engineering,domestic,0.26,3,ELC,Electrical,Copper,C,4635,0.585,PO-KDQ-ELC-00287-202406-1
KDQ-ELC-00287,Electrical C39 - SKODA Kodiaq (Varroc Engineering),2024-06-13,1750.3246,32,INR,KDQ,SKODA Kodiaq,SKODA,Full-size SUV (CKD),4200,0.35,VRC,Varroc Engineering,domestic,0.26,3,ELC,Electrical,Copper,C,4635,0.585,PO-KDQ-ELC-00287-202406-2
KDQ-ELC-00287,Electrical C39 - SKODA Kodiaq (Varroc Engineering),2024-07-06,1779.094,32,INR,KDQ,SKODA Kodiaq,SKODA,Full-size SUV (CKD),4200,0.35,VRC,Varroc Engineering,domestic,0.26,3,ELC,Electrical,Copper,C,4635,0.585,PO-KDQ-ELC-00287-202407-1
KDQ-ELC-00287,Electrical C39 - SKODA Kodiaq (Varroc Engineering),2024-07-13,1744.8755,5,INR,KDQ,SKODA Kodiaq,SKODA,Full-size SUV (CKD),4200,0.35,VRC,Varroc Engineering,domestic,0.26,3,ELC,Electrical,Copper,C,4635,0.585,PO-KDQ-ELC-00287-202407-2
KDQ-ELC-00287,Electrical C39 - SKODA Kodiaq (Varroc Engineering),2024-07-20,1740.1055,13,INR,KDQ,SKODA Kodiaq,SKODA,Full-size SUV (CKD),4200,0.35,VRC,Varroc Engineering,domestic,0.26,3,ELC,Electrical,Copper,C,4635,0.585,PO-KDQ-ELC-00287-202407-3
KDQ-ELC-00287,Electrical C39 - SKODA Kodiaq (Varroc Engineering),2024-08-06,1686.5965,34,INR,KDQ,SKODA Kodiaq,SKODA,Full-size SUV (CKD),4200,0.35,VRC,Varroc Engineering,domestic,0.26,3,ELC,Electrical,Copper,C,4635,0.585,PO-KDQ-ELC-00287-202408-1
KDQ-ELC-00287,Electrical C39 - SKODA Kodiaq (Varroc Engineering),2024-08-13,1703.6403,16,INR,KDQ,SKODA Kodiaq,SKODA,Full-size SUV (CKD),4200,0.35,VRC,Varroc Engineering,domestic,0.26,3,ELC,Electrical,Copper,C,4635,0.585,PO-KDQ-ELC-00287-202408-2
KDQ-ELC-00287,Electrical C39 - SKODA Kodiaq (Varroc Engineering),2024-09-06,1737.8395,50,INR,KDQ,SKODA Kodiaq,SKODA,Full-size SUV (CKD),4200,0.35,VRC,Varroc Engineering,domestic,0.26,3,ELC,Electrical,Copper,C,4635,0.585,PO-KDQ-ELC-00287-202409-1
KDQ-ELC-00287,Electrical C39 - SKODA Kodiaq (Varroc Engineering),2024-10-06,1852.8293,17,INR,KDQ,SKODA Kodiaq,SKODA,Full-size SUV (CKD),4200,0.35,VRC,Varroc Engineering,domestic,0.26,3,ELC,Electrical,Copper,C,4635,0.585,PO-KDQ-ELC-00287-202410-1
KDQ-ELC-00287,Electrical C39 - SKODA Kodiaq (Varroc Engineering),2024-10-13,1856.0374,27,INR,KDQ,SKODA Kodiaq,SKODA,Full-size SUV (CKD),4200,0.35,VRC,Varroc Engineering,domestic,0.26,3,ELC,Electrical,Copper,C,4635,0.585,PO-KDQ-ELC-00287-202410-2
KDQ-ELC-00287,Electrical C39 - SKODA Kodiaq (Varroc Engineering),2024-10-20,1847.6368,6,INR,KDQ,SKODA Kodiaq,SKODA,Full-size SUV (CKD),4200,0.35,VRC,Varroc Engineering,domestic,0.26,3,ELC,Electrical,Copper,C,4635,0.585,PO-KDQ-ELC-00287-202410-3
KDQ-ELC-00287,Electrical C39 - SKODA Kodiaq (Varroc Engineering),2024-11-06,1875.3765,44,INR,KDQ,SKODA Kodiaq,SKODA,Full-size SUV (CKD),4200,0.35,VRC,Varroc Engineering,domestic,0.26,3,ELC,Electrical,Copper,C,4635,0.585,PO-KDQ-ELC-00287-202411-1
KDQ-ELC-00287,Electrical C39 - SKODA Kodiaq (Varroc Engineering),2024-11-13,1867.3739,6,INR,KDQ,SKODA Kodiaq,SKODA,Full-size SUV (CKD),4200,0.35,VRC,Varroc Engineering,domestic,0.26,3,ELC,Electrical,Copper,C,4635,0.585,PO-KDQ-ELC-00287-202411-2
KDQ-ELC-00287,Electrical C39 - SKODA Kodiaq (Varroc Engineering),2024-12-06,1836.7206,2,INR,KDQ,SKODA Kodiaq,SKODA,Full-size SUV (CKD),4200,0.35,VRC,Varroc Engineering,domestic,0.26,3,ELC,Electrical,Copper,C,4635,0.585,PO-KDQ-ELC-00287-202412-1
KDQ-ELC-00287,Electrical C39 - SKODA Kodiaq (Varroc Engineering),2024-12-13,1836.9641,31,INR,KDQ,SKODA Kodiaq,SKODA,Full-size SUV (CKD),4200,0.35,VRC,Varroc Engineering,domestic,0.26,3,ELC,Electrical,Copper,C,4635,0.585,PO-KDQ-ELC-00287-202412-2
KDQ-ELC-00287,Electrical C39 - SKODA Kodiaq (Varroc Engineering),2024-12-20,1828.659,17,INR,KDQ,SKODA Kodiaq,SKODA,Full-size SUV (CKD),4200,0.35,VRC,Varroc Engineering,domestic,0.26,3,ELC,Electrical,Copper,C,4635,0.585,PO-KDQ-ELC-00287-202412-3
KDQ-ELC-00287,Electrical C39 - SKODA Kodiaq (Varroc Engineering),2025-01-06,1902.601,35,INR,KDQ,SKODA Kodiaq,SKODA,Full-size SUV (CKD),4200,0.35,VRC,Varroc Engineering,domestic,0.26,3,ELC,Electrical,Copper,C,4635,0.585,PO-KDQ-ELC-00287-202501-1
KDQ-ELC-00287,Electrical C39 - SKODA Kodiaq (Varroc Engineering),2025-01-13,1901.047,15,INR,KDQ,SKODA Kodiaq,SKODA,Full-size SUV (CKD),4200,0.35,VRC,Varroc Engineering,domestic,0.26,3,ELC,Electrical,Copper,C,4635,0.585,PO-KDQ-ELC-00287-202501-2
KDQ-ELC-00287,Electrical C39 - SKODA Kodiaq (Varroc Engineering),2025-02-06,1861.3415,46,INR,KDQ,SKODA Kodiaq,SKODA,Full-size SUV (CKD),4200,0.35,VRC,Varroc Engineering,domestic,0.26,3,ELC,Electrical,Copper,C,4635,0.585,PO-KDQ-ELC-00287-202502-1
KDQ-ELC-00287,Electrical C39 - SKODA Kodiaq (Varroc Engineering),2025-02-13,1853.8295,4,INR,KDQ,SKODA Kodiaq,SKODA,Full-size SUV (CKD),4200,0.35,VRC,Varroc Engineering,domestic,0.26,3,ELC,Electrical,Copper,C,4635,0.585,PO-KDQ-ELC-00287-202502-2
KDQ-ELC-00287,Electrical C39 - SKODA Kodiaq (Varroc Engineering),2025-03-06,1880.6548,37,INR,KDQ,SKODA Kodiaq,SKODA,Full-size SUV (CKD),4200,0.35,VRC,Varroc Engineering,domestic,0.26,3,ELC,Electrical,Copper,C,4635,0.585,PO-KDQ-ELC-00287-202503-1
KDQ-ELC-00287,Electrical C39 - SKODA Kodiaq (Varroc Engineering),2025-03-13,1860.8768,13,INR,KDQ,SKODA Kodiaq,SKODA,Full-size SUV (CKD),4200,0.35,VRC,Varroc Engineering,domestic,0.26,3,ELC,Electrical,Copper,C,4635,0.585,PO-KDQ-ELC-00287-202503-2
KDQ-ELC-00287,Electrical C39 - SKODA Kodiaq (Varroc Engineering),2025-04-06,1819.9632,50,INR,KDQ,SKODA Kodiaq,SKODA,Full-size SUV (CKD),4200,0.35,VRC,Varroc Engineering,domestic,0.26,3,ELC,Electrical,Copper,C,4635,0.585,PO-KDQ-ELC-00287-202504-1
KDQ-ELC-00287,Electrical C39 - SKODA Kodiaq (Varroc Engineering),2025-05-06,1748.568,50,INR,KDQ,SKODA Kodiaq,SKODA,Full-size SUV (CKD),4200,0.35,VRC,Varroc Engineering,domestic,0.26,3,ELC,Electrical,Copper,C,4635,0.585,PO-KDQ-ELC-00287-202505-1
KDQ-ELC-00287,Electrical C39 - SKODA Kodiaq (Varroc Engineering),2025-06-06,1736.8666,50,INR,KDQ,SKODA Kodiaq,SKODA,Full-size SUV (CKD),4200,0.35,VRC,Varroc Engineering,domestic,0.26,3,ELC,Electrical,Copper,C,4635,0.585,PO-KDQ-ELC-00287-202506-1
KDQ-ELC-00287,Electrical C39 - SKODA Kodiaq (Varroc Engineering),2025-07-06,1765.7325,14,INR,KDQ,SKODA Kodiaq,SKODA,Full-size SUV (CKD),4200,0.35,VRC,Varroc Engineering,domestic,0.26,3,ELC,Electrical,Copper,C,4635,0.585,PO-KDQ-ELC-00287-202507-1
KDQ-ELC-00287,Electrical C39 - SKODA Kodiaq (Varroc Engineering),2025-07-13,1793.4364,36,INR,KDQ,SKODA Kodiaq,SKODA,Full-size SUV (CKD),4200,0.35,VRC,Varroc Engineering,domestic,0.26,3,ELC,Electrical,Copper,C,4635,0.585,PO-KDQ-ELC-00287-202507-2
KDQ-ELC-00287,Electrical C39 - SKODA Kodiaq (Varroc Engineering),2025-08-06,1792.1002,50,INR,KDQ,SKODA Kodiaq,SKODA,Full-size SUV (CKD),4200,0.35,VRC,Varroc Engineering,domestic,0.26,3,ELC,Electrical,Copper,C,4635,0.585,PO-KDQ-ELC-00287-202508-1
KDQ-ELC-00287,Electrical C39 - SKODA Kodiaq (Varroc Engineering),2025-09-06,1873.2868,22,INR,KDQ,SKODA Kodiaq,SKODA,Full-size SUV (CKD),4200,0.35,VRC,Varroc Engineering,domestic,0.26,3,ELC,Electrical,Copper,C,4635,0.585,PO-KDQ-ELC-00287-202509-1
KDQ-ELC-00287,Electrical C39 - SKODA Kodiaq (Varroc Engineering),2025-09-13,1861.339,28,INR,KDQ,SKODA Kodiaq,SKODA,Full-size SUV (CKD),4200,0.35,VRC,Varroc Engineering,domestic,0.26,3,ELC,Electrical,Copper,C,4635,0.585,PO-KDQ-ELC-00287-202509-2
KDQ-ELC-00287,Electrical C39 - SKODA Kodiaq (Varroc Engineering),2025-10-06,1951.8983,50,INR,KDQ,SKODA Kodiaq,SKODA,Full-size SUV (CKD),4200,0.35,VRC,Varroc Engineering,domestic,0.26,3,ELC,Electrical,Copper,C,4635,0.585,PO-KDQ-ELC-00287-202510-1
KDQ-ELC-00287,Electrical C39 - SKODA Kodiaq (Varroc Engineering),2025-11-06,1964.342,50,INR,KDQ,SKODA Kodiaq,SKODA,Full-size SUV (CKD),4200,0.35,VRC,Varroc Engineering,domestic,0.26,3,ELC,Electrical,Copper,C,4635,0.585,PO-KDQ-ELC-00287-202511-1
KDQ-ELC-00287,Electrical C39 - SKODA Kodiaq (Varroc Engineering),2025-12-06,2006.6333,3,INR,KDQ,SKODA Kodiaq,SKODA,Full-size SUV (CKD),4200,0.35,VRC,Varroc Engineering,domestic,0.26,3,ELC,Electrical,Copper,C,4635,0.585,PO-KDQ-ELC-00287-202512-1
KDQ-ELC-00287,Electrical C39 - SKODA Kodiaq (Varroc Engineering),2025-12-13,2009.6863,19,INR,KDQ,SKODA Kodiaq,SKODA,Full-size SUV (CKD),4200,0.35,VRC,Varroc Engineering,domestic,0.26,3,ELC,Electrical,Copper,C,4635,0.585,PO-KDQ-ELC-00287-202512-2
KDQ-ELC-00287,Electrical C39 - SKODA Kodiaq (Varroc Engineering),2025-12-20,2012.358,28,INR,KDQ,SKODA Kodiaq,SKODA,Full-size SUV (CKD),4200,0.35,VRC,Varroc Engineering,domestic,0.26,3,ELC,Electrical,Copper,C,4635,0.585,PO-KDQ-ELC-00287-202512-3
KDQ-ELC-00287,Electrical C39 - SKODA Kodiaq (Varroc Engineering),2026-01-06,2035.4619,16,INR,KDQ,SKODA Kodiaq,SKODA,Full-size SUV (CKD),4200,0.35,VRC,Varroc Engineering,domestic,0.26,3,ELC,Electrical,Copper,C,4635,0.585,PO-KDQ-ELC-00287-202601-1
KDQ-ELC-00287,Electrical C39 - SKODA Kodiaq (Varroc Engineering),2026-01-13,2056.3889,18,INR,KDQ,SKODA Kodiaq,SKODA,Full-size SUV (CKD),4200,0.35,VRC,Varroc Engineering,domestic,0.26,3,ELC,Electrical,Copper,C,4635,0.585,PO-KDQ-ELC-00287-202601-2
KDQ-ELC-00287,Electrical C39 - SKODA Kodiaq (Varroc Engineering),2026-01-20,2043.235,16,INR,KDQ,SKODA Kodiaq,SKODA,Full-size SUV (CKD),4200,0.35,VRC,Varroc Engineering,domestic,0.26,3,ELC,Electrical,Copper,C,4635,0.585,PO-KDQ-ELC-00287-202601-3
KDQ-ELC-00287,Electrical C39 - SKODA Kodiaq (Varroc Engineering),2026-02-06,2106.6609,12,INR,KDQ,SKODA Kodiaq,SKODA,Full-size SUV (CKD),4200,0.35,VRC,Varroc Engineering,domestic,0.26,3,ELC,Electrical,Copper,C,4635,0.585,PO-KDQ-ELC-00287-202602-1
KDQ-ELC-00287,Electrical C39 - SKODA Kodiaq (Varroc Engineering),2026-02-13,2106.79,38,INR,KDQ,SKODA Kodiaq,SKODA,Full-size SUV (CKD),4200,0.35,VRC,Varroc Engineering,domestic,0.26,3,ELC,Electrical,Copper,C,4635,0.585,PO-KDQ-ELC-00287-202602-2
KDQ-ELC-00287,Electrical C39 - SKODA Kodiaq (Varroc Engineering),2026-03-06,2048.6515,39,INR,KDQ,SKODA Kodiaq,SKODA,Full-size SUV (CKD),4200,0.35,VRC,Varroc Engineering,domestic,0.26,3,ELC,Electrical,Copper,C,4635,0.585,PO-KDQ-ELC-00287-202603-1
KDQ-ELC-00287,Electrical C39 - SKODA Kodiaq (Varroc Engineering),2026-03-13,2037.5776,11,INR,KDQ,SKODA Kodiaq,SKODA,Full-size SUV (CKD),4200,0.35,VRC,Varroc Engineering,domestic,0.26,3,ELC,Electrical,Copper,C,4635,0.585,PO-KDQ-ELC-00287-202603-2
KDQ-ELC-00287,Electrical C39 - SKODA Kodiaq (Varroc Engineering),2026-04-06,1959.9383,21,INR,KDQ,SKODA Kodiaq,SKODA,Full-size SUV (CKD),4200,0.35,VRC,Varroc Engineering,domestic,0.26,3,ELC,Electrical,Copper,C,4635,0.585,PO-KDQ-ELC-00287-202604-1
KDQ-ELC-00287,Electrical C39 - SKODA Kodiaq (Varroc Engineering),2026-04-13,1937.7918,25,INR,KDQ,SKODA Kodiaq,SKODA,Full-size SUV (CKD),4200,0.35,VRC,Varroc Engineering,domestic,0.26,3,ELC,Electrical,Copper,C,4635,0.585,PO-KDQ-ELC-00287-202604-2
KDQ-ELC-00287,Electrical C39 - SKODA Kodiaq (Varroc Engineering),2026-04-20,1945.3326,4,INR,KDQ,SKODA Kodiaq,SKODA,Full-size SUV (CKD),4200,0.35,VRC,Varroc Engineering,domestic,0.26,3,ELC,Electrical,Copper,C,4635,0.585,PO-KDQ-ELC-00287-202604-3
KDQ-ELC-00287,Electrical C39 - SKODA Kodiaq (Varroc Engineering),2026-05-06,1880.6428,50,INR,KDQ,SKODA Kodiaq,SKODA,Full-size SUV (CKD),4200,0.35,VRC,Varroc Engineering,domestic,0.26,3,ELC,Electrical,Copper,C,4635,0.585,PO-KDQ-ELC-00287-202605-1
KDQ-ELC-00287,Electrical C39 - SKODA Kodiaq (Varroc Engineering),2026-06-06,1844.8146,5,INR,KDQ,SKODA Kodiaq,SKODA,Full-size SUV (CKD),4200,0.35,VRC,Varroc Engineering,domestic,0.26,3,ELC,Electrical,Copper,C,4635,0.585,PO-KDQ-ELC-00287-202606-1
KDQ-ELC-00287,Electrical C39 - SKODA Kodiaq (Varroc Engineering),2026-06-13,1852.1749,41,INR,KDQ,SKODA Kodiaq,SKODA,Full-size SUV (CKD),4200,0.35,VRC,Varroc Engineering,domestic,0.26,3,ELC,Electrical,Copper,C,4635,0.585,PO-KDQ-ELC-00287-202606-2
KDQ-ELC-00287,Electrical C39 - SKODA Kodiaq (Varroc Engineering),2026-06-20,1838.2804,5,INR,KDQ,SKODA Kodiaq,SKODA,Full-size SUV (CKD),4200,0.35,VRC,Varroc Engineering,domestic,0.26,3,ELC,Electrical,Copper,C,4635,0.585,PO-KDQ-ELC-00287-202606-3
KDQ-FST-00305,Fasteners C27 - SKODA Kodiaq (Sandhar Technologies),2023-07-06,54.8674,6,INR,KDQ,SKODA Kodiaq,SKODA,Full-size SUV (CKD),4200,0.35,SND,Sandhar Technologies,domestic,0.22,6,FST,Fasteners,Steel,C,3616,0.826,PO-KDQ-FST-00305-202307-1
KDQ-FST-00305,Fasteners C27 - SKODA Kodiaq (Sandhar Technologies),2023-07-13,54.801,14,INR,KDQ,SKODA Kodiaq,SKODA,Full-size SUV (CKD),4200,0.35,SND,Sandhar Technologies,domestic,0.22,6,FST,Fasteners,Steel,C,3616,0.826,PO-KDQ-FST-00305-202307-2
KDQ-FST-00305,Fasteners C27 - SKODA Kodiaq (Sandhar Technologies),2023-07-20,54.7466,30,INR,KDQ,SKODA Kodiaq,SKODA,Full-size SUV (CKD),4200,0.35,SND,Sandhar Technologies,domestic,0.22,6,FST,Fasteners,Steel,C,3616,0.826,PO-KDQ-FST-00305-202307-3
KDQ-FST-00305,Fasteners C27 - SKODA Kodiaq (Sandhar Technologies),2023-08-06,55.3398,4,INR,KDQ,SKODA Kodiaq,SKODA,Full-size SUV (CKD),4200,0.35,SND,Sandhar Technologies,domestic,0.22,6,FST,Fasteners,Steel,C,3616,0.826,PO-KDQ-FST-00305-202308-1
KDQ-FST-00305,Fasteners C27 - SKODA Kodiaq (Sandhar Technologies),2023-08-13,55.3503,46,INR,KDQ,SKODA Kodiaq,SKODA,Full-size SUV (CKD),4200,0.35,SND,Sandhar Technologies,domestic,0.22,6,FST,Fasteners,Steel,C,3616,0.826,PO-KDQ-FST-00305-202308-2
KDQ-FST-00305,Fasteners C27 - SKODA Kodiaq (Sandhar Technologies),2023-09-06,53.9677,16,INR,KDQ,SKODA Kodiaq,SKODA,Full-size SUV (CKD),4200,0.35,SND,Sandhar Technologies,domestic,0.22,6,FST,Fasteners,Steel,C,3616,0.826,PO-KDQ-FST-00305-202309-1
KDQ-FST-00305,Fasteners C27 - SKODA Kodiaq (Sandhar Technologies),2023-09-13,53.9594,34,INR,KDQ,SKODA Kodiaq,SKODA,Full-size SUV (CKD),4200,0.35,SND,Sandhar Technologies,domestic,0.22,6,FST,Fasteners,Steel,C,3616,0.826,PO-KDQ-FST-00305-202309-2
KDQ-FST-00305,Fasteners C27 - SKODA Kodiaq (Sandhar Technologies),2023-10-06,54.2317,47,INR,KDQ,SKODA Kodiaq,SKODA,Full-size SUV (CKD),4200,0.35,SND,Sandhar Technologies,domestic,0.22,6,FST,Fasteners,Steel,C,3616,0.826,PO-KDQ-FST-00305-202310-1
KDQ-FST-00305,Fasteners C27 - SKODA Kodiaq (Sandhar Technologies),2023-10-13,54.2304,3,INR,KDQ,SKODA Kodiaq,SKODA,Full-size SUV (CKD),4200,0.35,SND,Sandhar Technologies,domestic,0.22,6,FST,Fasteners,Steel,C,3616,0.826,PO-KDQ-FST-00305-202310-2
KDQ-FST-00305,Fasteners C27 - SKODA Kodiaq (Sandhar Technologies),2023-11-06,54.7808,41,INR,KDQ,SKODA Kodiaq,SKODA,Full-size SUV (CKD),4200,0.35,SND,Sandhar Technologies,domestic,0.22,6,FST,Fasteners,Steel,C,3616,0.826,PO-KDQ-FST-00305-202311-1
KDQ-FST-00305,Fasteners C27 - SKODA Kodiaq (Sandhar Technologies),2023-11-13,55.7347,9,INR,KDQ,SKODA Kodiaq,SKODA,Full-size SUV (CKD),4200,0.35,SND,Sandhar Technologies,domestic,0.22,6,FST,Fasteners,Steel,C,3616,0.826,PO-KDQ-FST-00305-202311-2
KDQ-FST-00305,Fasteners C27 - SKODA Kodiaq (Sandhar Technologies),2023-12-06,56.6274,35,INR,KDQ,SKODA Kodiaq,SKODA,Full-size SUV (CKD),4200,0.35,SND,Sandhar Technologies,domestic,0.22,6,FST,Fasteners,Steel,C,3616,0.826,PO-KDQ-FST-00305-202312-1
KDQ-FST-00305,Fasteners C27 - SKODA Kodiaq (Sandhar Technologies),2023-12-13,56.5165,15,INR,KDQ,SKODA Kodiaq,SKODA,Full-size SUV (CKD),4200,0.35,SND,Sandhar Technologies,domestic,0.22,6,FST,Fasteners,Steel,C,3616,0.826,PO-KDQ-FST-00305-202312-2
KDQ-FST-00305,Fasteners C27 - SKODA Kodiaq (Sandhar Technologies),2024-01-06,55.5142,24,INR,KDQ,SKODA Kodiaq,SKODA,Full-size SUV (CKD),4200,0.35,SND,Sandhar Technologies,domestic,0.22,6,FST,Fasteners,Steel,C,3616,0.826,PO-KDQ-FST-00305-202401-1
KDQ-FST-00305,Fasteners C27 - SKODA Kodiaq (Sandhar Technologies),2024-01-13,55.1128,23,INR,KDQ,SKODA Kodiaq,SKODA,Full-size SUV (CKD),4200,0.35,SND,Sandhar Technologies,domestic,0.22,6,FST,Fasteners,Steel,C,3616,0.826,PO-KDQ-FST-00305-202401-2
KDQ-FST-00305,Fasteners C27 - SKODA Kodiaq (Sandhar Technologies),2024-01-20,55.6827,3,INR,KDQ,SKODA Kodiaq,SKODA,Full-size SUV (CKD),4200,0.35,SND,Sandhar Technologies,domestic,0.22,6,FST,Fasteners,Steel,C,3616,0.826,PO-KDQ-FST-00305-202401-3
KDQ-FST-00305,Fasteners C27 - SKODA Kodiaq (Sandhar Technologies),2024-02-06,54.5769,49,INR,KDQ,SKODA Kodiaq,SKODA,Full-size SUV (CKD),4200,0.35,SND,Sandhar Technologies,domestic,0.22,6,FST,Fasteners,Steel,C,3616,0.826,PO-KDQ-FST-00305-202402-1
KDQ-FST-00305,Fasteners C27 - SKODA Kodiaq (Sandhar Technologies),2024-02-13,54.216,1,INR,KDQ,SKODA Kodiaq,SKODA,Full-size SUV (CKD),4200,0.35,SND,Sandhar Technologies,domestic,0.22,6,FST,Fasteners,Steel,C,3616,0.826,PO-KDQ-FST-00305-202402-2
KDQ-FST-00305,Fasteners C27 - SKODA Kodiaq (Sandhar Technologies),2024-03-06,53.8902,1,INR,KDQ,SKODA Kodiaq,SKODA,Full-size SUV (CKD),4200,0.35,SND,Sandhar Technologies,domestic,0.22,6,FST,Fasteners,Steel,C,3616,0.826,PO-KDQ-FST-00305-202403-1
KDQ-FST-00305,Fasteners C27 - SKODA Kodiaq (Sandhar Technologies),2024-03-13,53.7269,40,INR,KDQ,SKODA Kodiaq,SKODA,Full-size SUV (CKD),4200,0.35,SND,Sandhar Technologies,domestic,0.22,6,FST,Fasteners,Steel,C,3616,0.826,PO-KDQ-FST-00305-202403-2
KDQ-FST-00305,Fasteners C27 - SKODA Kodiaq (Sandhar Technologies),2024-03-20,53.4459,10,INR,KDQ,SKODA Kodiaq,SKODA,Full-size SUV (CKD),4200,0.35,SND,Sandhar Technologies,domestic,0.22,6,FST,Fasteners,Steel,C,3616,0.826,PO-KDQ-FST-00305-202403-3
KDQ-FST-00305,Fasteners C27 - SKODA Kodiaq (Sandhar Technologies),2024-04-06,57.0427,8,INR,KDQ,SKODA Kodiaq,SKODA,Full-size SUV (CKD),4200,0.35,SND,Sandhar Technologies,domestic,0.22,6,FST,Fasteners,Steel,C,3616,0.826,PO-KDQ-FST-00305-202404-1
KDQ-FST-00305,Fasteners C27 - SKODA Kodiaq (Sandhar Technologies),2024-04-13,58.2497,42,INR,KDQ,SKODA Kodiaq,SKODA,Full-size SUV (CKD),4200,0.35,SND,Sandhar Technologies,domestic,0.22,6,FST,Fasteners,Steel,C,3616,0.826,PO-KDQ-FST-00305-202404-2
KDQ-FST-00305,Fasteners C27 - SKODA Kodiaq (Sandhar Technologies),2024-05-06,58.2869,16,INR,KDQ,SKODA Kodiaq,SKODA,Full-size SUV (CKD),4200,0.35,SND,Sandhar Technologies,domestic,0.22,6,FST,Fasteners,Steel,C,3616,0.826,PO-KDQ-FST-00305-202405-1
KDQ-FST-00305,Fasteners C27 - SKODA Kodiaq (Sandhar Technologies),2024-05-13,57.6237,2,INR,KDQ,SKODA Kodiaq,SKODA,Full-size SUV (CKD),4200,0.35,SND,Sandhar Technologies,domestic,0.22,6,FST,Fasteners,Steel,C,3616,0.826,PO-KDQ-FST-00305-202405-2
KDQ-FST-00305,Fasteners C27 - SKODA Kodiaq (Sandhar Technologies),2024-05-20,57.8675,32,INR,KDQ,SKODA Kodiaq,SKODA,Full-size SUV (CKD),4200,0.35,SND,Sandhar Technologies,domestic,0.22,6,FST,Fasteners,Steel,C,3616,0.826,PO-KDQ-FST-00305-202405-3
KDQ-FST-00305,Fasteners C27 - SKODA Kodiaq (Sandhar Technologies),2024-06-06,56.2592,50,INR,KDQ,SKODA Kodiaq,SKODA,Full-size SUV (CKD),4200,0.35,SND,Sandhar Technologies,domestic,0.22,6,FST,Fasteners,Steel,C,3616,0.826,PO-KDQ-FST-00305-202406-1
KDQ-FST-00305,Fasteners C27 - SKODA Kodiaq (Sandhar Technologies),2024-07-06,57.5654,23,INR,KDQ,SKODA Kodiaq,SKODA,Full-size SUV (CKD),4200,0.35,SND,Sandhar Technologies,domestic,0.22,6,FST,Fasteners,Steel,C,3616,0.826,PO-KDQ-FST-00305-202407-1
KDQ-FST-00305,Fasteners C27 - SKODA Kodiaq (Sandhar Technologies),2024-07-13,56.7972,19,INR,KDQ,SKODA Kodiaq,SKODA,Full-size SUV (CKD),4200,0.35,SND,Sandhar Technologies,domestic,0.22,6,FST,Fasteners,Steel,C,3616,0.826,PO-KDQ-FST-00305-202407-2
KDQ-FST-00305,Fasteners C27 - SKODA Kodiaq (Sandhar Technologies),2024-07-20,56.7848,8,INR,KDQ,SKODA Kodiaq,SKODA,Full-size SUV (CKD),4200,0.35,SND,Sandhar Technologies,domestic,0.22,6,FST,Fasteners,Steel,C,3616,0.826,PO-KDQ-FST-00305-202407-3
KDQ-FST-00305,Fasteners C27 - SKODA Kodiaq (Sandhar Technologies),2024-08-06,56.1572,50,INR,KDQ,SKODA Kodiaq,SKODA,Full-size SUV (CKD),4200,0.35,SND,Sandhar Technologies,domestic,0.22,6,FST,Fasteners,Steel,C,3616,0.826,PO-KDQ-FST-00305-202408-1
KDQ-FST-00305,Fasteners C27 - SKODA Kodiaq (Sandhar Technologies),2024-09-06,56.6867,50,INR,KDQ,SKODA Kodiaq,SKODA,Full-size SUV (CKD),4200,0.35,SND,Sandhar Technologies,domestic,0.22,6,FST,Fasteners,Steel,C,3616,0.826,PO-KDQ-FST-00305-202409-1
KDQ-FST-00305,Fasteners C27 - SKODA Kodiaq (Sandhar Technologies),2024-10-06,,9,INR,KDQ,SKODA Kodiaq,SKODA,Full-size SUV (CKD),4200,0.35,SND,Sandhar Technologies,domestic,0.22,6,FST,Fasteners,Steel,C,3616,0.826,PO-KDQ-FST-00305-202410-1
KDQ-FST-00305,Fasteners C27 - SKODA Kodiaq (Sandhar Technologies),2024-10-13,,22,INR,KDQ,SKODA Kodiaq,SKODA,Full-size SUV (CKD),4200,0.35,SND,Sandhar Technologies,domestic,0.22,6,FST,Fasteners,Steel,C,3616,0.826,PO-KDQ-FST-00305-202410-2
KDQ-FST-00305,Fasteners C27 - SKODA Kodiaq (Sandhar Technologies),2024-10-20,,19,INR,KDQ,SKODA Kodiaq,SKODA,Full-size SUV (CKD),4200,0.35,SND,Sandhar Technologies,domestic,0.22,6,FST,Fasteners,Steel,C,3616,0.826,PO-KDQ-FST-00305-202410-3
KDQ-FST-00305,Fasteners C27 - SKODA Kodiaq (Sandhar Technologies),2024-11-06,54.8216,8,INR,KDQ,SKODA Kodiaq,SKODA,Full-size SUV (CKD),4200,0.35,SND,Sandhar Technologies,domestic,0.22,6,FST,Fasteners,Steel,C,3616,0.826,PO-KDQ-FST-00305-202411-1
KDQ-FST-00305,Fasteners C27 - SKODA Kodiaq (Sandhar Technologies),2024-11-13,55.6995,9,INR,KDQ,SKODA Kodiaq,SKODA,Full-size SUV (CKD),4200,0.35,SND,Sandhar Technologies,domestic,0.22,6,FST,Fasteners,Steel,C,3616,0.826,PO-KDQ-FST-00305-202411-2
KDQ-FST-00305,Fasteners C27 - SKODA Kodiaq (Sandhar Technologies),2024-11-20,55.1789,33,INR,KDQ,SKODA Kodiaq,SKODA,Full-size SUV (CKD),4200,0.35,SND,Sandhar Technologies,domestic,0.22,6,FST,Fasteners,Steel,C,3616,0.826,PO-KDQ-FST-00305-202411-3
KDQ-FST-00305,Fasteners C27 - SKODA Kodiaq (Sandhar Technologies),2024-12-06,54.6431,50,INR,KDQ,SKODA Kodiaq,SKODA,Full-size SUV (CKD),4200,0.35,SND,Sandhar Technologies,domestic,0.22,6,FST,Fasteners,Steel,C,3616,0.826,PO-KDQ-FST-00305-202412-1
KDQ-FST-00305,Fasteners C27 - SKODA Kodiaq (Sandhar Technologies),2025-01-06,55.6065,21,INR,KDQ,SKODA Kodiaq,SKODA,Full-size SUV (CKD),4200,0.35,SND,Sandhar Technologies,domestic,0.22,6,FST,Fasteners,Steel,C,3616,0.826,PO-KDQ-FST-00305-202501-1
KDQ-FST-00305,Fasteners C27 - SKODA Kodiaq (Sandhar Technologies),2025-01-13,55.3111,29,INR,KDQ,SKODA Kodiaq,SKODA,Full-size SUV (CKD),4200,0.35,SND,Sandhar Technologies,domestic,0.22,6,FST,Fasteners,Steel,C,3616,0.826,PO-KDQ-FST-00305-202501-2
KDQ-FST-00305,Fasteners C27 - SKODA Kodiaq (Sandhar Technologies),2025-02-06,58.4941,13,INR,KDQ,SKODA Kodiaq,SKODA,Full-size SUV (CKD),4200,0.35,SND,Sandhar Technologies,domestic,0.22,6,FST,Fasteners,Steel,C,3616,0.826,PO-KDQ-FST-00305-202502-1
KDQ-FST-00305,Fasteners C27 - SKODA Kodiaq (Sandhar Technologies),2025-02-13,59.3826,37,INR,KDQ,SKODA Kodiaq,SKODA,Full-size SUV (CKD),4200,0.35,SND,Sandhar Technologies,domestic,0.22,6,FST,Fasteners,Steel,C,3616,0.826,PO-KDQ-FST-00305-202502-2
KDQ-FST-00305,Fasteners C27 - SKODA Kodiaq (Sandhar Technologies),2025-03-06,58.685,49,INR,KDQ,SKODA Kodiaq,SKODA,Full-size SUV (CKD),4200,0.35,SND,Sandhar Technologies,domestic,0.22,6,FST,Fasteners,Steel,C,3616,0.826,PO-KDQ-FST-00305-202503-1
KDQ-FST-00305,Fasteners C27 - SKODA Kodiaq (Sandhar Technologies),2025-03-13,58.1845,1,INR,KDQ,SKODA Kodiaq,SKODA,Full-size SUV (CKD),4200,0.35,SND,Sandhar Technologies,domestic,0.22,6,FST,Fasteners,Steel,C,3616,0.826,PO-KDQ-FST-00305-202503-2
KDQ-FST-00305,Fasteners C27 - SKODA Kodiaq (Sandhar Technologies),2025-04-06,59.2733,50,INR,KDQ,SKODA Kodiaq,SKODA,Full-size SUV (CKD),4200,0.35,SND,Sandhar Technologies,domestic,0.22,6,FST,Fasteners,Steel,C,3616,0.826,PO-KDQ-FST-00305-202504-1
KDQ-FST-00305,Fasteners C27 - SKODA Kodiaq (Sandhar Technologies),2025-05-06,62.0169,50,INR,KDQ,SKODA Kodiaq,SKODA,Full-size SUV (CKD),4200,0.35,SND,Sandhar Technologies,domestic,0.22,6,FST,Fasteners,Steel,C,3616,0.826,PO-KDQ-FST-00305-202505-1
KDQ-FST-00305,Fasteners C27 - SKODA Kodiaq (Sandhar Technologies),2025-06-06,61.1824,50,INR,KDQ,SKODA Kodiaq,SKODA,Full-size SUV (CKD),4200,0.35,SND,Sandhar Technologies,domestic,0.22,6,FST,Fasteners,Steel,C,3616,0.826,PO-KDQ-FST-00305-202506-1
KDQ-FST-00305,Fasteners C27 - SKODA Kodiaq (Sandhar Technologies),2025-07-06,59.8686,42,INR,KDQ,SKODA Kodiaq,SKODA,Full-size SUV (CKD),4200,0.35,SND,Sandhar Technologies,domestic,0.22,6,FST,Fasteners,Steel,C,3616,0.826,PO-KDQ-FST-00305-202507-1
KDQ-FST-00305,Fasteners C27 - SKODA Kodiaq (Sandhar Technologies),2025-07-13,60.4108,8,INR,KDQ,SKODA Kodiaq,SKODA,Full-size SUV (CKD),4200,0.35,SND,Sandhar Technologies,domestic,0.22,6,FST,Fasteners,Steel,C,3616,0.826,PO-KDQ-FST-00305-202507-2
KDQ-FST-00305,Fasteners C27 - SKODA Kodiaq (Sandhar Technologies),2025-08-06,60.3018,19,INR,KDQ,SKODA Kodiaq,SKODA,Full-size SUV (CKD),4200,0.35,SND,Sandhar Technologies,domestic,0.22,6,FST,Fasteners,Steel,C,3616,0.826,PO-KDQ-FST-00305-202508-1
KDQ-FST-00305,Fasteners C27 - SKODA Kodiaq (Sandhar Technologies),2025-08-13,60.7542,31,INR,KDQ,SKODA Kodiaq,SKODA,Full-size SUV (CKD),4200,0.35,SND,Sandhar Technologies,domestic,0.22,6,FST,Fasteners,Steel,C,3616,0.826,PO-KDQ-FST-00305-202508-2
KDQ-FST-00305,Fasteners C27 - SKODA Kodiaq (Sandhar Technologies),2025-09-06,60.8642,50,INR,KDQ,SKODA Kodiaq,SKODA,Full-size SUV (CKD),4200,0.35,SND,Sandhar Technologies,domestic,0.22,6,FST,Fasteners,Steel,C,3616,0.826,PO-KDQ-FST-00305-202509-1
KDQ-FST-00305,Fasteners C27 - SKODA Kodiaq (Sandhar Technologies),2025-10-06,61.3598,33,INR,KDQ,SKODA Kodiaq,SKODA,Full-size SUV (CKD),4200,0.35,SND,Sandhar Technologies,domestic,0.22,6,FST,Fasteners,Steel,C,3616,0.826,PO-KDQ-FST-00305-202510-1
KDQ-FST-00305,Fasteners C27 - SKODA Kodiaq (Sandhar Technologies),2025-10-13,61.6371,17,INR,KDQ,SKODA Kodiaq,SKODA,Full-size SUV (CKD),4200,0.35,SND,Sandhar Technologies,domestic,0.22,6,FST,Fasteners,Steel,C,3616,0.826,PO-KDQ-FST-00305-202510-2
KDQ-FST-00305,Fasteners C27 - SKODA Kodiaq (Sandhar Technologies),2025-11-06,64.122,10,INR,KDQ,SKODA Kodiaq,SKODA,Full-size SUV (CKD),4200,0.35,SND,Sandhar Technologies,domestic,0.22,6,FST,Fasteners,Steel,C,3616,0.826,PO-KDQ-FST-00305-202511-1
KDQ-FST-00305,Fasteners C27 - SKODA Kodiaq (Sandhar Technologies),2025-11-13,63.5502,30,INR,KDQ,SKODA Kodiaq,SKODA,Full-size SUV (CKD),4200,0.35,SND,Sandhar Technologies,domestic,0.22,6,FST,Fasteners,Steel,C,3616,0.826,PO-KDQ-FST-00305-202511-2
KDQ-FST-00305,Fasteners C27 - SKODA Kodiaq (Sandhar Technologies),2025-11-20,62.79,10,INR,KDQ,SKODA Kodiaq,SKODA,Full-size SUV (CKD),4200,0.35,SND,Sandhar Technologies,domestic,0.22,6,FST,Fasteners,Steel,C,3616,0.826,PO-KDQ-FST-00305-202511-3
KDQ-FST-00305,Fasteners C27 - SKODA Kodiaq (Sandhar Technologies),2025-12-06,64.855,50,INR,KDQ,SKODA Kodiaq,SKODA,Full-size SUV (CKD),4200,0.35,SND,Sandhar Technologies,domestic,0.22,6,FST,Fasteners,Steel,C,3616,0.826,PO-KDQ-FST-00305-202512-1
KDQ-FST-00305,Fasteners C27 - SKODA Kodiaq (Sandhar Technologies),2026-01-06,60.9303,50,INR,KDQ,SKODA Kodiaq,SKODA,Full-size SUV (CKD),4200,0.35,SND,Sandhar Technologies,domestic,0.22,6,FST,Fasteners,Steel,C,3616,0.826,PO-KDQ-FST-00305-202601-1
KDQ-FST-00305,Fasteners C27 - SKODA Kodiaq (Sandhar Technologies),2026-02-06,62.3963,15,INR,KDQ,SKODA Kodiaq,SKODA,Full-size SUV (CKD),4200,0.35,SND,Sandhar Technologies,domestic,0.22,6,FST,Fasteners,Steel,C,3616,0.826,PO-KDQ-FST-00305-202602-1
KDQ-FST-00305,Fasteners C27 - SKODA Kodiaq (Sandhar Technologies),2026-02-13,61.6115,35,INR,KDQ,SKODA Kodiaq,SKODA,Full-size SUV (CKD),4200,0.35,SND,Sandhar Technologies,domestic,0.22,6,FST,Fasteners,Steel,C,3616,0.826,PO-KDQ-FST-00305-202602-2
KDQ-FST-00305,Fasteners C27 - SKODA Kodiaq (Sandhar Technologies),2026-02-20,62.7448,1,INR,KDQ,SKODA Kodiaq,SKODA,Full-size SUV (CKD),4200,0.35,SND,Sandhar Technologies,domestic,0.22,6,FST,Fasteners,Steel,C,3616,0.826,PO-KDQ-FST-00305-202602-3
KDQ-FST-00305,Fasteners C27 - SKODA Kodiaq (Sandhar Technologies),2026-03-06,62.6797,2,INR,KDQ,SKODA Kodiaq,SKODA,Full-size SUV (CKD),4200,0.35,SND,Sandhar Technologies,domestic,0.22,6,FST,Fasteners,Steel,C,3616,0.826,PO-KDQ-FST-00305-202603-1
KDQ-FST-00305,Fasteners C27 - SKODA Kodiaq (Sandhar Technologies),2026-03-13,63.8823,48,INR,KDQ,SKODA Kodiaq,SKODA,Full-size SUV (CKD),4200,0.35,SND,Sandhar Technologies,domestic,0.22,6,FST,Fasteners,Steel,C,3616,0.826,PO-KDQ-FST-00305-202603-2
KDQ-FST-00305,Fasteners C27 - SKODA Kodiaq (Sandhar Technologies),2026-04-06,65.8584,33,INR,KDQ,SKODA Kodiaq,SKODA,Full-size SUV (CKD),4200,0.35,SND,Sandhar Technologies,domestic,0.22,6,FST,Fasteners,Steel,C,3616,0.826,PO-KDQ-FST-00305-202604-1
KDQ-FST-00305,Fasteners C27 - SKODA Kodiaq (Sandhar Technologies),2026-04-13,65.4799,5,INR,KDQ,SKODA Kodiaq,SKODA,Full-size SUV (CKD),4200,0.35,SND,Sandhar Technologies,domestic,0.22,6,FST,Fasteners,Steel,C,3616,0.826,PO-KDQ-FST-00305-202604-2
KDQ-FST-00305,Fasteners C27 - SKODA Kodiaq (Sandhar Technologies),2026-04-20,64.6267,13,INR,KDQ,SKODA Kodiaq,SKODA,Full-size SUV (CKD),4200,0.35,SND,Sandhar Technologies,domestic,0.22,6,FST,Fasteners,Steel,C,3616,0.826,PO-KDQ-FST-00305-202604-3
KDQ-FST-00305,Fasteners C27 - SKODA Kodiaq (Sandhar Technologies),2026-05-06,62.7382,50,INR,KDQ,SKODA Kodiaq,SKODA,Full-size SUV (CKD),4200,0.35,SND,Sandhar Technologies,domestic,0.22,6,FST,Fasteners,Steel,C,3616,0.826,PO-KDQ-FST-00305-202605-1
KDQ-FST-00305,Fasteners C27 - SKODA Kodiaq (Sandhar Technologies),2026-06-06,61.5668,50,INR,KDQ,SKODA Kodiaq,SKODA,Full-size SUV (CKD),4200,0.35,SND,Sandhar Technologies,domestic,0.22,6,FST,Fasteners,Steel,C,3616,0.826,PO-KDQ-FST-00305-202606-1
KDQ-BDY-00311,Body Stampings C29 - SKODA Kodiaq (Endurance Technologies),2023-07-06,881.2908,50,INR,KDQ,SKODA Kodiaq,SKODA,Full-size SUV (CKD),4200,0.35,END,Endurance Technologies,domestic,0.2,3,BDY,Body Stampings,Steel,C,4278,2.007,PO-KDQ-BDY-00311-202307-1
KDQ-BDY-00311,Body Stampings C29 - SKODA Kodiaq (Endurance Technologies),2023-08-06,858.9582,49,INR,KDQ,SKODA Kodiaq,SKODA,Full-size SUV (CKD),4200,0.35,END,Endurance Technologies,domestic,0.2,3,BDY,Body Stampings,Steel,C,4278,2.007,PO-KDQ-BDY-00311-202308-1
KDQ-BDY-00311,Body Stampings C29 - SKODA Kodiaq (Endurance Technologies),2023-08-13,857.8007,1,INR,KDQ,SKODA Kodiaq,SKODA,Full-size SUV (CKD),4200,0.35,END,Endurance Technologies,domestic,0.2,3,BDY,Body Stampings,Steel,C,4278,2.007,PO-KDQ-BDY-00311-202308-2
KDQ-BDY-00311,Body Stampings C29 - SKODA Kodiaq (Endurance Technologies),2023-09-06,844.3789,14,INR,KDQ,SKODA Kodiaq,SKODA,Full-size SUV (CKD),4200,0.35,END,Endurance Technologies,domestic,0.2,3,BDY,Body Stampings,Steel,C,4278,2.007,PO-KDQ-BDY-00311-202309-1
KDQ-BDY-00311,Body Stampings C29 - SKODA Kodiaq (Endurance Technologies),2023-09-13,862.7304,21,INR,KDQ,SKODA Kodiaq,SKODA,Full-size SUV (CKD),4200,0.35,END,Endurance Technologies,domestic,0.2,3,BDY,Body Stampings,Steel,C,4278,2.007,PO-KDQ-BDY-00311-202309-2
KDQ-BDY-00311,Body Stampings C29 - SKODA Kodiaq (Endurance Technologies),2023-09-20,832.7096,15,INR,KDQ,SKODA Kodiaq,SKODA,Full-size SUV (CKD),4200,0.35,END,Endurance Technologies,domestic,0.2,3,BDY,Body Stampings,Steel,C,4278,2.007,PO-KDQ-BDY-00311-202309-3
KDQ-BDY-00311,Body Stampings C29 - SKODA Kodiaq (Endurance Technologies),2023-10-06,888.9963,34,INR,KDQ,SKODA Kodiaq,SKODA,Full-size SUV (CKD),4200,0.35,END,Endurance Technologies,domestic,0.2,3,BDY,Body Stampings,Steel,C,4278,2.007,PO-KDQ-BDY-00311-202310-1
KDQ-BDY-00311,Body Stampings C29 - SKODA Kodiaq (Endurance Technologies),2023-10-13,870.6596,14,INR,KDQ,SKODA Kodiaq,SKODA,Full-size SUV (CKD),4200,0.35,END,Endurance Technologies,domestic,0.2,3,BDY,Body Stampings,Steel,C,4278,2.007,PO-KDQ-BDY-00311-202310-2
KDQ-BDY-00311,Body Stampings C29 - SKODA Kodiaq (Endurance Technologies),2023-10-20,881.6769,1,INR,KDQ,SKODA Kodiaq,SKODA,Full-size SUV (CKD),4200,0.35,END,Endurance Technologies,domestic,0.2,3,BDY,Body Stampings,Steel,C,4278,2.007,PO-KDQ-BDY-00311-202310-3
KDQ-BDY-00311,Body Stampings C29 - SKODA Kodiaq (Endurance Technologies),2023-11-06,883.0701,31,INR,KDQ,SKODA Kodiaq,SKODA,Full-size SUV (CKD),4200,0.35,END,Endurance Technologies,domestic,0.2,3,BDY,Body Stampings,Steel,C,4278,2.007,PO-KDQ-BDY-00311-202311-1
KDQ-BDY-00311,Body Stampings C29 - SKODA Kodiaq (Endurance Technologies),2023-11-13,878.6645,3,INR,KDQ,SKODA Kodiaq,SKODA,Full-size SUV (CKD),4200,0.35,END,Endurance Technologies,domestic,0.2,3,BDY,Body Stampings,Steel,C,4278,2.007,PO-KDQ-BDY-00311-202311-2
KDQ-BDY-00311,Body Stampings C29 - SKODA Kodiaq (Endurance Technologies),2023-11-20,875.8996,16,INR,KDQ,SKODA Kodiaq,SKODA,Full-size SUV (CKD),4200,0.35,END,Endurance Technologies,domestic,0.2,3,BDY,Body Stampings,Steel,C,4278,2.007,PO-KDQ-BDY-00311-202311-3
KDQ-BDY-00311,Body Stampings C29 - SKODA Kodiaq (Endurance Technologies),2023-12-06,854.6513,50,INR,KDQ,SKODA Kodiaq,SKODA,Full-size SUV (CKD),4200,0.35,END,Endurance Technologies,domestic,0.2,3,BDY,Body Stampings,Steel,C,4278,2.007,PO-KDQ-BDY-00311-202312-1
KDQ-BDY-00311,Body Stampings C29 - SKODA Kodiaq (Endurance Technologies),2024-01-06,836.8064,33,INR,KDQ,SKODA Kodiaq,SKODA,Full-size SUV (CKD),4200,0.35,END,Endurance Technologies,domestic,0.2,3,BDY,Body Stampings,Steel,C,4278,2.007,PO-KDQ-BDY-00311-202401-1
KDQ-BDY-00311,Body Stampings C29 - SKODA Kodiaq (Endurance Technologies),2024-01-13,838.6482,17,INR,KDQ,SKODA Kodiaq,SKODA,Full-size SUV (CKD),4200,0.35,END,Endurance Technologies,domestic,0.2,3,BDY,Body Stampings,Steel,C,4278,2.007,PO-KDQ-BDY-00311-202401-2
KDQ-BDY-00311,Body Stampings C29 - SKODA Kodiaq (Endurance Technologies),2024-02-06,852.4861,26,INR,KDQ,SKODA Kodiaq,SKODA,Full-size SUV (CKD),4200,0.35,END,Endurance Technologies,domestic,0.2,3,BDY,Body Stampings,Steel,C,4278,2.007,PO-KDQ-BDY-00311-202402-1
KDQ-BDY-00311,Body Stampings C29 - SKODA Kodiaq (Endurance Technologies),2024-02-13,854.1389,10,INR,KDQ,SKODA Kodiaq,SKODA,Full-size SUV (CKD),4200,0.35,END,Endurance Technologies,domestic,0.2,3,BDY,Body Stampings,Steel,C,4278,2.007,PO-KDQ-BDY-00311-202402-2
KDQ-BDY-00311,Body Stampings C29 - SKODA Kodiaq (Endurance Technologies),2024-02-20,856.0862,14,INR,KDQ,SKODA Kodiaq,SKODA,Full-size SUV (CKD),4200,0.35,END,Endurance Technologies,domestic,0.2,3,BDY,Body Stampings,Steel,C,4278,2.007,PO-KDQ-BDY-00311-202402-3
KDQ-BDY-00311,Body Stampings C29 - SKODA Kodiaq (Endurance Technologies),2024-03-06,859.0908,7,INR,KDQ,SKODA Kodiaq,SKODA,Full-size SUV (CKD),4200,0.35,END,Endurance Technologies,domestic,0.2,3,BDY,Body Stampings,Steel,C,4278,2.007,PO-KDQ-BDY-00311-202403-1
KDQ-BDY-00311,Body Stampings C29 - SKODA Kodiaq (Endurance Technologies),2024-03-13,865.4068,43,INR,KDQ,SKODA Kodiaq,SKODA,Full-size SUV (CKD),4200,0.35,END,Endurance Technologies,domestic,0.2,3,BDY,Body Stampings,Steel,C,4278,2.007,PO-KDQ-BDY-00311-202403-2
KDQ-BDY-00311,Body Stampings C29 - SKODA Kodiaq (Endurance Technologies),2024-04-06,899.0182,50,INR,KDQ,SKODA Kodiaq,SKODA,Full-size SUV (CKD),4200,0.35,END,Endurance Technologies,domestic,0.2,3,BDY,Body Stampings,Steel,C,4278,2.007,PO-KDQ-BDY-00311-202404-1
KDQ-BDY-00311,Body Stampings C29 - SKODA Kodiaq (Endurance Technologies),2024-05-06,902.7227,46,INR,KDQ,SKODA Kodiaq,SKODA,Full-size SUV (CKD),4200,0.35,END,Endurance Technologies,domestic,0.2,3,BDY,Body Stampings,Steel,C,4278,2.007,PO-KDQ-BDY-00311-202405-1
KDQ-BDY-00311,Body Stampings C29 - SKODA Kodiaq (Endurance Technologies),2024-05-13,889.3037,4,INR,KDQ,SKODA Kodiaq,SKODA,Full-size SUV (CKD),4200,0.35,END,Endurance Technologies,domestic,0.2,3,BDY,Body Stampings,Steel,C,4278,2.007,PO-KDQ-BDY-00311-202405-2
KDQ-BDY-00311,Body Stampings C29 - SKODA Kodiaq (Endurance Technologies),2024-06-06,873.5311,50,INR,KDQ,SKODA Kodiaq,SKODA,Full-size SUV (CKD),4200,0.35,END,Endurance Technologies,domestic,0.2,3,BDY,Body Stampings,Steel,C,4278,2.007,PO-KDQ-BDY-00311-202406-1
KDQ-BDY-00311,Body Stampings C29 - SKODA Kodiaq (Endurance Technologies),2024-07-06,865.6598,3,INR,KDQ,SKODA Kodiaq,SKODA,Full-size SUV (CKD),4200,0.35,END,Endurance Technologies,domestic,0.2,3,BDY,Body Stampings,Steel,C,4278,2.007,PO-KDQ-BDY-00311-202407-1
KDQ-BDY-00311,Body Stampings C29 - SKODA Kodiaq (Endurance Technologies),2024-07-13,863.4231,32,INR,KDQ,SKODA Kodiaq,SKODA,Full-size SUV (CKD),4200,0.35,END,Endurance Technologies,domestic,0.2,3,BDY,Body Stampings,Steel,C,4278,2.007,PO-KDQ-BDY-00311-202407-2
KDQ-BDY-00311,Body Stampings C29 - SKODA Kodiaq (Endurance Technologies),2024-07-20,871.362,15,INR,KDQ,SKODA Kodiaq,SKODA,Full-size SUV (CKD),4200,0.35,END,Endurance Technologies,domestic,0.2,3,BDY,Body Stampings,Steel,C,4278,2.007,PO-KDQ-BDY-00311-202407-3
KDQ-BDY-00311,Body Stampings C29 - SKODA Kodiaq (Endurance Technologies),2024-08-06,860.908,2,INR,KDQ,SKODA Kodiaq,SKODA,Full-size SUV (CKD),4200,0.35,END,Endurance Technologies,domestic,0.2,3,BDY,Body Stampings,Steel,C,4278,2.007,PO-KDQ-BDY-00311-202408-1
KDQ-BDY-00311,Body Stampings C29 - SKODA Kodiaq (Endurance Technologies),2024-08-13,871.1715,43,INR,KDQ,SKODA Kodiaq,SKODA,Full-size SUV (CKD),4200,0.35,END,Endurance Technologies,domestic,0.2,3,BDY,Body Stampings,Steel,C,4278,2.007,PO-KDQ-BDY-00311-202408-2
KDQ-BDY-00311,Body Stampings C29 - SKODA Kodiaq (Endurance Technologies),2024-08-20,881.2419,5,INR,KDQ,SKODA Kodiaq,SKODA,Full-size SUV (CKD),4200,0.35,END,Endurance Technologies,domestic,0.2,3,BDY,Body Stampings,Steel,C,4278,2.007,PO-KDQ-BDY-00311-202408-3
KDQ-BDY-00311,Body Stampings C29 - SKODA Kodiaq (Endurance Technologies),2024-09-06,844.4467,25,INR,KDQ,SKODA Kodiaq,SKODA,Full-size SUV (CKD),4200,0.35,END,Endurance Technologies,domestic,0.2,3,BDY,Body Stampings,Steel,C,4278,2.007,PO-KDQ-BDY-00311-202409-1
KDQ-BDY-00311,Body Stampings C29 - SKODA Kodiaq (Endurance Technologies),2024-09-13,840.5154,1,INR,KDQ,SKODA Kodiaq,SKODA,Full-size SUV (CKD),4200,0.35,END,Endurance Technologies,domestic,0.2,3,BDY,Body Stampings,Steel,C,4278,2.007,PO-KDQ-BDY-00311-202409-2
KDQ-BDY-00311,Body Stampings C29 - SKODA Kodiaq (Endurance Technologies),2024-09-20,856.5538,24,INR,KDQ,SKODA Kodiaq,SKODA,Full-size SUV (CKD),4200,0.35,END,Endurance Technologies,domestic,0.2,3,BDY,Body Stampings,Steel,C,4278,2.007,PO-KDQ-BDY-00311-202409-3
KDQ-BDY-00311,Body Stampings C29 - SKODA Kodiaq (Endurance Technologies),2024-10-06,863.8187,50,INR,KDQ,SKODA Kodiaq,SKODA,Full-size SUV (CKD),4200,0.35,END,Endurance Technologies,domestic,0.2,3,BDY,Body Stampings,Steel,C,4278,2.007,PO-KDQ-BDY-00311-202410-1
KDQ-BDY-00311,Body Stampings C29 - SKODA Kodiaq (Endurance Technologies),2024-11-06,864.4927,10,INR,KDQ,SKODA Kodiaq,SKODA,Full-size SUV (CKD),4200,0.35,END,Endurance Technologies,domestic,0.2,3,BDY,Body Stampings,Steel,C,4278,2.007,PO-KDQ-BDY-00311-202411-1
KDQ-BDY-00311,Body Stampings C29 - SKODA Kodiaq (Endurance Technologies),2024-11-13,864.7297,40,INR,KDQ,SKODA Kodiaq,SKODA,Full-size SUV (CKD),4200,0.35,END,Endurance Technologies,domestic,0.2,3,BDY,Body Stampings,Steel,C,4278,2.007,PO-KDQ-BDY-00311-202411-2
KDQ-BDY-00311,Body Stampings C29 - SKODA Kodiaq (Endurance Technologies),2024-12-06,867.021,50,INR,KDQ,SKODA Kodiaq,SKODA,Full-size SUV (CKD),4200,0.35,END,Endurance Technologies,domestic,0.2,3,BDY,Body Stampings,Steel,C,4278,2.007,PO-KDQ-BDY-00311-202412-1
KDQ-BDY-00311,Body Stampings C29 - SKODA Kodiaq (Endurance Technologies),2025-01-06,852.4749,50,INR,KDQ,SKODA Kodiaq,SKODA,Full-size SUV (CKD),4200,0.35,END,Endurance Technologies,domestic,0.2,3,BDY,Body Stampings,Steel,C,4278,2.007,PO-KDQ-BDY-00311-202501-1
KDQ-BDY-00311,Body Stampings C29 - SKODA Kodiaq (Endurance Technologies),2025-02-06,861.6784,7,INR,KDQ,SKODA Kodiaq,SKODA,Full-size SUV (CKD),4200,0.35,END,Endurance Technologies,domestic,0.2,3,BDY,Body Stampings,Steel,C,4278,2.007,PO-KDQ-BDY-00311-202502-1
KDQ-BDY-00311,Body Stampings C29 - SKODA Kodiaq (Endurance Technologies),2025-02-13,856.7844,43,INR,KDQ,SKODA Kodiaq,SKODA,Full-size SUV (CKD),4200,0.35,END,Endurance Technologies,domestic,0.2,3,BDY,Body Stampings,Steel,C,4278,2.007,PO-KDQ-BDY-00311-202502-2
KDQ-BDY-00311,Body Stampings C29 - SKODA Kodiaq (Endurance Technologies),2025-03-06,855.4463,33,INR,KDQ,SKODA Kodiaq,SKODA,Full-size SUV (CKD),4200,0.35,END,Endurance Technologies,domestic,0.2,3,BDY,Body Stampings,Steel,C,4278,2.007,PO-KDQ-BDY-00311-202503-1
KDQ-BDY-00311,Body Stampings C29 - SKODA Kodiaq (Endurance Technologies),2025-03-13,843.1094,1,INR,KDQ,SKODA Kodiaq,SKODA,Full-size SUV (CKD),4200,0.35,END,Endurance Technologies,domestic,0.2,3,BDY,Body Stampings,Steel,C,4278,2.007,PO-KDQ-BDY-00311-202503-2
KDQ-BDY-00311,Body Stampings C29 - SKODA Kodiaq (Endurance Technologies),2025-03-20,843.9753,16,INR,KDQ,SKODA Kodiaq,SKODA,Full-size SUV (CKD),4200,0.35,END,Endurance Technologies,domestic,0.2,3,BDY,Body Stampings,Steel,C,4278,2.007,PO-KDQ-BDY-00311-202503-3
KDQ-BDY-00311,Body Stampings C29 - SKODA Kodiaq (Endurance Technologies),2025-04-06,882.8296,3,INR,KDQ,SKODA Kodiaq,SKODA,Full-size SUV (CKD),4200,0.35,END,Endurance Technologies,domestic,0.2,3,BDY,Body Stampings,Steel,C,4278,2.007,PO-KDQ-BDY-00311-202504-1
KDQ-BDY-00311,Body Stampings C29 - SKODA Kodiaq (Endurance Technologies),2025-04-13,870.6357,46,INR,KDQ,SKODA Kodiaq,SKODA,Full-size SUV (CKD),4200,0.35,END,Endurance Technologies,domestic,0.2,3,BDY,Body Stampings,Steel,C,4278,2.007,PO-KDQ-BDY-00311-202504-2
KDQ-BDY-00311,Body Stampings C29 - SKODA Kodiaq (Endurance Technologies),2025-04-20,851.7811,1,INR,KDQ,SKODA Kodiaq,SKODA,Full-size SUV (CKD),4200,0.35,END,Endurance Technologies,domestic,0.2,3,BDY,Body Stampings,Steel,C,4278,2.007,PO-KDQ-BDY-00311-202504-3
KDQ-BDY-00311,Body Stampings C29 - SKODA Kodiaq (Endurance Technologies),2025-05-06,890.3994,50,INR,KDQ,SKODA Kodiaq,SKODA,Full-size SUV (CKD),4200,0.35,END,Endurance Technologies,domestic,0.2,3,BDY,Body Stampings,Steel,C,4278,2.007,PO-KDQ-BDY-00311-202505-1
KDQ-BDY-00311,Body Stampings C29 - SKODA Kodiaq (Endurance Technologies),2025-06-06,876.8288,50,INR,KDQ,SKODA Kodiaq,SKODA,Full-size SUV (CKD),4200,0.35,END,Endurance Technologies,domestic,0.2,3,BDY,Body Stampings,Steel,C,4278,2.007,PO-KDQ-BDY-00311-202506-1
KDQ-BDY-00311,Body Stampings C29 - SKODA Kodiaq (Endurance Technologies),2025-07-06,938.8752,2,INR,KDQ,SKODA Kodiaq,SKODA,Full-size SUV (CKD),4200,0.35,END,Endurance Technologies,domestic,0.2,3,BDY,Body Stampings,Steel,C,4278,2.007,PO-KDQ-BDY-00311-202507-1
KDQ-BDY-00311,Body Stampings C29 - SKODA Kodiaq (Endurance Technologies),2025-07-13,911.4502,11,INR,KDQ,SKODA Kodiaq,SKODA,Full-size SUV (CKD),4200,0.35,END,Endurance Technologies,domestic,0.2,3,BDY,Body Stampings,Steel,C,4278,2.007,PO-KDQ-BDY-00311-202507-2
KDQ-BDY-00311,Body Stampings C29 - SKODA Kodiaq (Endurance Technologies),2025-07-20,917.4344,37,INR,KDQ,SKODA Kodiaq,SKODA,Full-size SUV (CKD),4200,0.35,END,Endurance Technologies,domestic,0.2,3,BDY,Body Stampings,Steel,C,4278,2.007,PO-KDQ-BDY-00311-202507-3
KDQ-BDY-00311,Body Stampings C29 - SKODA Kodiaq (Endurance Technologies),2025-08-06,906.7892,47,INR,KDQ,SKODA Kodiaq,SKODA,Full-size SUV (CKD),4200,0.35,END,Endurance Technologies,domestic,0.2,3,BDY,Body Stampings,Steel,C,4278,2.007,PO-KDQ-BDY-00311-202508-1
KDQ-BDY-00311,Body Stampings C29 - SKODA Kodiaq (Endurance Technologies),2025-08-13,910.376,3,INR,KDQ,SKODA Kodiaq,SKODA,Full-size SUV (CKD),4200,0.35,END,Endurance Technologies,domestic,0.2,3,BDY,Body Stampings,Steel,C,4278,2.007,PO-KDQ-BDY-00311-202508-2
KDQ-BDY-00311,Body Stampings C29 - SKODA Kodiaq (Endurance Technologies),2025-09-06,880.2886,18,INR,KDQ,SKODA Kodiaq,SKODA,Full-size SUV (CKD),4200,0.35,END,Endurance Technologies,domestic,0.2,3,BDY,Body Stampings,Steel,C,4278,2.007,PO-KDQ-BDY-00311-202509-1
KDQ-BDY-00311,Body Stampings C29 - SKODA Kodiaq (Endurance Technologies),2025-09-13,859.268,2,INR,KDQ,SKODA Kodiaq,SKODA,Full-size SUV (CKD),4200,0.35,END,Endurance Technologies,domestic,0.2,3,BDY,Body Stampings,Steel,C,4278,2.007,PO-KDQ-BDY-00311-202509-2
KDQ-BDY-00311,Body Stampings C29 - SKODA Kodiaq (Endurance Technologies),2025-09-20,878.1487,30,INR,KDQ,SKODA Kodiaq,SKODA,Full-size SUV (CKD),4200,0.35,END,Endurance Technologies,domestic,0.2,3,BDY,Body Stampings,Steel,C,4278,2.007,PO-KDQ-BDY-00311-202509-3
KDQ-BDY-00311,Body Stampings C29 - SKODA Kodiaq (Endurance Technologies),2025-10-06,845.688,50,INR,KDQ,SKODA Kodiaq,SKODA,Full-size SUV (CKD),4200,0.35,END,Endurance Technologies,domestic,0.2,3,BDY,Body Stampings,Steel,C,4278,2.007,PO-KDQ-BDY-00311-202510-1
KDQ-BDY-00311,Body Stampings C29 - SKODA Kodiaq (Endurance Technologies),2025-11-06,840.2051,12,INR,KDQ,SKODA Kodiaq,SKODA,Full-size SUV (CKD),4200,0.35,END,Endurance Technologies,domestic,0.2,3,BDY,Body Stampings,Steel,C,4278,2.007,PO-KDQ-BDY-00311-202511-1
KDQ-BDY-00311,Body Stampings C29 - SKODA Kodiaq (Endurance Technologies),2025-11-13,838.3308,38,INR,KDQ,SKODA Kodiaq,SKODA,Full-size SUV (CKD),4200,0.35,END,Endurance Technologies,domestic,0.2,3,BDY,Body Stampings,Steel,C,4278,2.007,PO-KDQ-BDY-00311-202511-2
KDQ-BDY-00311,Body Stampings C29 - SKODA Kodiaq (Endurance Technologies),2025-12-06,899.1676,50,INR,KDQ,SKODA Kodiaq,SKODA,Full-size SUV (CKD),4200,0.35,END,Endurance Technologies,domestic,0.2,3,BDY,Body Stampings,Steel,C,4278,2.007,PO-KDQ-BDY-00311-202512-1
KDQ-BDY-00311,Body Stampings C29 - SKODA Kodiaq (Endurance Technologies),2026-01-06,894.6174,28,INR,KDQ,SKODA Kodiaq,SKODA,Full-size SUV (CKD),4200,0.35,END,Endurance Technologies,domestic,0.2,3,BDY,Body Stampings,Steel,C,4278,2.007,PO-KDQ-BDY-00311-202601-1
KDQ-BDY-00311,Body Stampings C29 - SKODA Kodiaq (Endurance Technologies),2026-01-13,884.8036,21,INR,KDQ,SKODA Kodiaq,SKODA,Full-size SUV (CKD),4200,0.35,END,Endurance Technologies,domestic,0.2,3,BDY,Body Stampings,Steel,C,4278,2.007,PO-KDQ-BDY-00311-202601-2
KDQ-BDY-00311,Body Stampings C29 - SKODA Kodiaq (Endurance Technologies),2026-01-20,903.9948,1,INR,KDQ,SKODA Kodiaq,SKODA,Full-size SUV (CKD),4200,0.35,END,Endurance Technologies,domestic,0.2,3,BDY,Body Stampings,Steel,C,4278,2.007,PO-KDQ-BDY-00311-202601-3
KDQ-BDY-00311,Body Stampings C29 - SKODA Kodiaq (Endurance Technologies),2026-02-06,922.4801,35,INR,KDQ,SKODA Kodiaq,SKODA,Full-size SUV (CKD),4200,0.35,END,Endurance Technologies,domestic,0.2,3,BDY,Body Stampings,Steel,C,4278,2.007,PO-KDQ-BDY-00311-202602-1
KDQ-BDY-00311,Body Stampings C29 - SKODA Kodiaq (Endurance Technologies),2026-02-13,931.6924,15,INR,KDQ,SKODA Kodiaq,SKODA,Full-size SUV (CKD),4200,0.35,END,Endurance Technologies,domestic,0.2,3,BDY,Body Stampings,Steel,C,4278,2.007,PO-KDQ-BDY-00311-202602-2
KDQ-BDY-00311,Body Stampings C29 - SKODA Kodiaq (Endurance Technologies),2026-03-06,924.281,1,INR,KDQ,SKODA Kodiaq,SKODA,Full-size SUV (CKD),4200,0.35,END,Endurance Technologies,domestic,0.2,3,BDY,Body Stampings,Steel,C,4278,2.007,PO-KDQ-BDY-00311-202603-1
KDQ-BDY-00311,Body Stampings C29 - SKODA Kodiaq (Endurance Technologies),2026-03-13,923.6487,33,INR,KDQ,SKODA Kodiaq,SKODA,Full-size SUV (CKD),4200,0.35,END,Endurance Technologies,domestic,0.2,3,BDY,Body Stampings,Steel,C,4278,2.007,PO-KDQ-BDY-00311-202603-2
KDQ-BDY-00311,Body Stampings C29 - SKODA Kodiaq (Endurance Technologies),2026-03-20,941.4655,15,INR,KDQ,SKODA Kodiaq,SKODA,Full-size SUV (CKD),4200,0.35,END,Endurance Technologies,domestic,0.2,3,BDY,Body Stampings,Steel,C,4278,2.007,PO-KDQ-BDY-00311-202603-3
KDQ-BDY-00311,Body Stampings C29 - SKODA Kodiaq (Endurance Technologies),2026-04-06,914.3078,7,INR,KDQ,SKODA Kodiaq,SKODA,Full-size SUV (CKD),4200,0.35,END,Endurance Technologies,domestic,0.2,3,BDY,Body Stampings,Steel,C,4278,2.007,PO-KDQ-BDY-00311-202604-1
KDQ-BDY-00311,Body Stampings C29 - SKODA Kodiaq (Endurance Technologies),2026-04-13,912.6449,43,INR,KDQ,SKODA Kodiaq,SKODA,Full-size SUV (CKD),4200,0.35,END,Endurance Technologies,domestic,0.2,3,BDY,Body Stampings,Steel,C,4278,2.007,PO-KDQ-BDY-00311-202604-2
KDQ-BDY-00311,Body Stampings C29 - SKODA Kodiaq (Endurance Technologies),2026-05-06,892.7489,8,INR,KDQ,SKODA Kodiaq,SKODA,Full-size SUV (CKD),4200,0.35,END,Endurance Technologies,domestic,0.2,3,BDY,Body Stampings,Steel,C,4278,2.007,PO-KDQ-BDY-00311-202605-1
KDQ-BDY-00311,Body Stampings C29 - SKODA Kodiaq (Endurance Technologies),2026-05-13,898.9933,35,INR,KDQ,SKODA Kodiaq,SKODA,Full-size SUV (CKD),4200,0.35,END,Endurance Technologies,domestic,0.2,3,BDY,Body Stampings,Steel,C,4278,2.007,PO-KDQ-BDY-00311-202605-2
KDQ-BDY-00311,Body Stampings C29 - SKODA Kodiaq (Endurance Technologies),2026-05-20,882.6141,7,INR,KDQ,SKODA Kodiaq,SKODA,Full-size SUV (CKD),4200,0.35,END,Endurance Technologies,domestic,0.2,3,BDY,Body Stampings,Steel,C,4278,2.007,PO-KDQ-BDY-00311-202605-3
KDQ-BDY-00311,Body Stampings C29 - SKODA Kodiaq (Endurance Technologies),2026-06-06,916.1633,18,INR,KDQ,SKODA Kodiaq,SKODA,Full-size SUV (CKD),4200,0.35,END,Endurance Technologies,domestic,0.2,3,BDY,Body Stampings,Steel,C,4278,2.007,PO-KDQ-BDY-00311-202606-1
KDQ-BDY-00311,Body Stampings C29 - SKODA Kodiaq (Endurance Technologies),2026-06-13,893.7581,9,INR,KDQ,SKODA Kodiaq,SKODA,Full-size SUV (CKD),4200,0.35,END,Endurance Technologies,domestic,0.2,3,BDY,Body Stampings,Steel,C,4278,2.007,PO-KDQ-BDY-00311-202606-2
KDQ-BDY-00311,Body Stampings C29 - SKODA Kodiaq (Endurance Technologies),2026-06-20,898.7724,23,INR,KDQ,SKODA Kodiaq,SKODA,Full-size SUV (CKD),4200,0.35,END,Endurance Technologies,domestic,0.2,3,BDY,Body Stampings,Steel,C,4278,2.007,PO-KDQ-BDY-00311-202606-3
KDQ-CHS-00317,Chassis A20 - SKODA Kodiaq (Sona BLW),2023-07-06,3175.6002,30,INR,KDQ,SKODA Kodiaq,SKODA,Full-size SUV (CKD),4200,0.35,SNA,Sona BLW,domestic,0.24,6,CHS,Chassis,Steel,A,4564,0.805,PO-KDQ-CHS-00317-202307-1
KDQ-CHS-00317,Chassis A20 - SKODA Kodiaq (Sona BLW),2023-07-13,3179.7125,5,INR,KDQ,SKODA Kodiaq,SKODA,Full-size SUV (CKD),4200,0.35,SNA,Sona BLW,domestic,0.24,6,CHS,Chassis,Steel,A,4564,0.805,PO-KDQ-CHS-00317-202307-2
KDQ-CHS-00317,Chassis A20 - SKODA Kodiaq (Sona BLW),2023-07-20,3150.1433,15,INR,KDQ,SKODA Kodiaq,SKODA,Full-size SUV (CKD),4200,0.35,SNA,Sona BLW,domestic,0.24,6,CHS,Chassis,Steel,A,4564,0.805,PO-KDQ-CHS-00317-202307-3
KDQ-CHS-00317,Chassis A20 - SKODA Kodiaq (Sona BLW),2023-08-06,3301.3996,8,INR,KDQ,SKODA Kodiaq,SKODA,Full-size SUV (CKD),4200,0.35,SNA,Sona BLW,domestic,0.24,6,CHS,Chassis,Steel,A,4564,0.805,PO-KDQ-CHS-00317-202308-1
KDQ-CHS-00317,Chassis A20 - SKODA Kodiaq (Sona BLW),2023-08-13,3325.074,42,INR,KDQ,SKODA Kodiaq,SKODA,Full-size SUV (CKD),4200,0.35,SNA,Sona BLW,domestic,0.24,6,CHS,Chassis,Steel,A,4564,0.805,PO-KDQ-CHS-00317-202308-2
KDQ-CHS-00317,Chassis A20 - SKODA Kodiaq (Sona BLW),2023-09-06,3344.4528,50,INR,KDQ,SKODA Kodiaq,SKODA,Full-size SUV (CKD),4200,0.35,SNA,Sona BLW,domestic,0.24,6,CHS,Chassis,Steel,A,4564,0.805,PO-KDQ-CHS-00317-202309-1
KDQ-CHS-00317,Chassis A20 - SKODA Kodiaq (Sona BLW),2023-10-06,3254.0393,3,INR,KDQ,SKODA Kodiaq,SKODA,Full-size SUV (CKD),4200,0.35,SNA,Sona BLW,domestic,0.24,6,CHS,Chassis,Steel,A,4564,0.805,PO-KDQ-CHS-00317-202310-1
KDQ-CHS-00317,Chassis A20 - SKODA Kodiaq (Sona BLW),2023-10-13,3291.147,24,INR,KDQ,SKODA Kodiaq,SKODA,Full-size SUV (CKD),4200,0.35,SNA,Sona BLW,domestic,0.24,6,CHS,Chassis,Steel,A,4564,0.805,PO-KDQ-CHS-00317-202310-2
KDQ-CHS-00317,Chassis A20 - SKODA Kodiaq (Sona BLW),2023-10-20,3286.3038,23,INR,KDQ,SKODA Kodiaq,SKODA,Full-size SUV (CKD),4200,0.35,SNA,Sona BLW,domestic,0.24,6,CHS,Chassis,Steel,A,4564,0.805,PO-KDQ-CHS-00317-202310-3
KDQ-CHS-00317,Chassis A20 - SKODA Kodiaq (Sona BLW),2023-11-06,3239.0405,20,INR,KDQ,SKODA Kodiaq,SKODA,Full-size SUV (CKD),4200,0.35,SNA,Sona BLW,domestic,0.24,6,CHS,Chassis,Steel,A,4564,0.805,PO-KDQ-CHS-00317-202311-1
KDQ-CHS-00317,Chassis A20 - SKODA Kodiaq (Sona BLW),2023-11-13,3233.3179,26,INR,KDQ,SKODA Kodiaq,SKODA,Full-size SUV (CKD),4200,0.35,SNA,Sona BLW,domestic,0.24,6,CHS,Chassis,Steel,A,4564,0.805,PO-KDQ-CHS-00317-202311-2
KDQ-CHS-00317,Chassis A20 - SKODA Kodiaq (Sona BLW),2023-11-20,3291.3886,4,INR,KDQ,SKODA Kodiaq,SKODA,Full-size SUV (CKD),4200,0.35,SNA,Sona BLW,domestic,0.24,6,CHS,Chassis,Steel,A,4564,0.805,PO-KDQ-CHS-00317-202311-3
KDQ-CHS-00317,Chassis A20 - SKODA Kodiaq (Sona BLW),2023-12-06,3217.2563,45,INR,KDQ,SKODA Kodiaq,SKODA,Full-size SUV (CKD),4200,0.35,SNA,Sona BLW,domestic,0.24,6,CHS,Chassis,Steel,A,4564,0.805,PO-KDQ-CHS-00317-202312-1
KDQ-CHS-00317,Chassis A20 - SKODA Kodiaq (Sona BLW),2023-12-13,3237.3671,5,INR,KDQ,SKODA Kodiaq,SKODA,Full-size SUV (CKD),4200,0.35,SNA,Sona BLW,domestic,0.24,6,CHS,Chassis,Steel,A,4564,0.805,PO-KDQ-CHS-00317-202312-2
KDQ-CHS-00317,Chassis A20 - SKODA Kodiaq (Sona BLW),2024-01-06,3502.41,30,INR,KDQ,SKODA Kodiaq,SKODA,Full-size SUV (CKD),4200,0.35,SNA,Sona BLW,domestic,0.24,6,CHS,Chassis,Steel,A,4564,0.805,PO-KDQ-CHS-00317-202401-1
KDQ-CHS-00317,Chassis A20 - SKODA Kodiaq (Sona BLW),2024-01-13,3460.6738,11,INR,KDQ,SKODA Kodiaq,SKODA,Full-size SUV (CKD),4200,0.35,SNA,Sona BLW,domestic,0.24,6,CHS,Chassis,Steel,A,4564,0.805,PO-KDQ-CHS-00317-202401-2
KDQ-CHS-00317,Chassis A20 - SKODA Kodiaq (Sona BLW),2024-01-20,3477.0286,9,INR,KDQ,SKODA Kodiaq,SKODA,Full-size SUV (CKD),4200,0.35,SNA,Sona BLW,domestic,0.24,6,CHS,Chassis,Steel,A,4564,0.805,PO-KDQ-CHS-00317-202401-3
KDQ-CHS-00317,Chassis A20 - SKODA Kodiaq (Sona BLW),2024-02-06,3400.2052,27,INR,KDQ,SKODA Kodiaq,SKODA,Full-size SUV (CKD),4200,0.35,SNA,Sona BLW,domestic,0.24,6,CHS,Chassis,Steel,A,4564,0.805,PO-KDQ-CHS-00317-202402-1
KDQ-CHS-00317,Chassis A20 - SKODA Kodiaq (Sona BLW),2024-02-13,3427.0867,2,INR,KDQ,SKODA Kodiaq,SKODA,Full-size SUV (CKD),4200,0.35,SNA,Sona BLW,domestic,0.24,6,CHS,Chassis,Steel,A,4564,0.805,PO-KDQ-CHS-00317-202402-2
KDQ-CHS-00317,Chassis A20 - SKODA Kodiaq (Sona BLW),2024-02-20,3421.6123,21,INR,KDQ,SKODA Kodiaq,SKODA,Full-size SUV (CKD),4200,0.35,SNA,Sona BLW,domestic,0.24,6,CHS,Chassis,Steel,A,4564,0.805,PO-KDQ-CHS-00317-202402-3
KDQ-CHS-00317,Chassis A20 - SKODA Kodiaq (Sona BLW),2024-03-06,3304.5458,50,INR,KDQ,SKODA Kodiaq,SKODA,Full-size SUV (CKD),4200,0.35,SNA,Sona BLW,domestic,0.24,6,CHS,Chassis,Steel,A,4564,0.805,PO-KDQ-CHS-00317-202403-1
KDQ-CHS-00317,Chassis A20 - SKODA Kodiaq (Sona BLW),2024-04-06,3370.5953,29,INR,KDQ,SKODA Kodiaq,SKODA,Full-size SUV (CKD),4200,0.35,SNA,Sona BLW,domestic,0.24,6,CHS,Chassis,Steel,A,4564,0.805,PO-KDQ-CHS-00317-202404-1
KDQ-CHS-00317,Chassis A20 - SKODA Kodiaq (Sona BLW),2024-04-13,3328.5563,21,INR,KDQ,SKODA Kodiaq,SKODA,Full-size SUV (CKD),4200,0.35,SNA,Sona BLW,domestic,0.24,6,CHS,Chassis,Steel,A,4564,0.805,PO-KDQ-CHS-00317-202404-2
KDQ-CHS-00317,Chassis A20 - SKODA Kodiaq (Sona BLW),2024-05-06,3219.7092,36,INR,KDQ,SKODA Kodiaq,SKODA,Full-size SUV (CKD),4200,0.35,SNA,Sona BLW,domestic,0.24,6,CHS,Chassis,Steel,A,4564,0.805,PO-KDQ-CHS-00317-202405-1
KDQ-CHS-00317,Chassis A20 - SKODA Kodiaq (Sona BLW),2024-05-13,3276.7242,14,INR,KDQ,SKODA Kodiaq,SKODA,Full-size SUV (CKD),4200,0.35,SNA,Sona BLW,domestic,0.24,6,CHS,Chassis,Steel,A,4564,0.805,PO-KDQ-CHS-00317-202405-2
KDQ-CHS-00317,Chassis A20 - SKODA Kodiaq (Sona BLW),2024-06-06,3270.9762,42,INR,KDQ,SKODA Kodiaq,SKODA,Full-size SUV (CKD),4200,0.35,SNA,Sona BLW,domestic,0.24,6,CHS,Chassis,Steel,A,4564,0.805,PO-KDQ-CHS-00317-202406-1
KDQ-CHS-00317,Chassis A20 - SKODA Kodiaq (Sona BLW),2024-06-13,3243.6534,8,INR,KDQ,SKODA Kodiaq,SKODA,Full-size SUV (CKD),4200,0.35,SNA,Sona BLW,domestic,0.24,6,CHS,Chassis,Steel,A,4564,0.805,PO-KDQ-CHS-00317-202406-2
KDQ-CHS-00317,Chassis A20 - SKODA Kodiaq (Sona BLW),2024-07-06,3283.8886,50,INR,KDQ,SKODA Kodiaq,SKODA,Full-size SUV (CKD),4200,0.35,SNA,Sona BLW,domestic,0.24,6,CHS,Chassis,Steel,A,4564,0.805,PO-KDQ-CHS-00317-202407-1
KDQ-CHS-00317,Chassis A20 - SKODA Kodiaq (Sona BLW),2024-08-06,3245.4987,50,INR,KDQ,SKODA Kodiaq,SKODA,Full-size SUV (CKD),4200,0.35,SNA,Sona BLW,domestic,0.24,6,CHS,Chassis,Steel,A,4564,0.805,PO-KDQ-CHS-00317-202408-1
KDQ-CHS-00317,Chassis A20 - SKODA Kodiaq (Sona BLW),2024-09-06,3278.4549,50,INR,KDQ,SKODA Kodiaq,SKODA,Full-size SUV (CKD),4200,0.35,SNA,Sona BLW,domestic,0.24,6,CHS,Chassis,Steel,A,4564,0.805,PO-KDQ-CHS-00317-202409-1
KDQ-CHS-00317,Chassis A20 - SKODA Kodiaq (Sona BLW),2024-10-06,3301.2364,50,INR,KDQ,SKODA Kodiaq,SKODA,Full-size SUV (CKD),4200,0.35,SNA,Sona BLW,domestic,0.24,6,CHS,Chassis,Steel,A,4564,0.805,PO-KDQ-CHS-00317-202410-1
KDQ-CHS-00317,Chassis A20 - SKODA Kodiaq (Sona BLW),2024-11-06,3268.2761,50,INR,KDQ,SKODA Kodiaq,SKODA,Full-size SUV (CKD),4200,0.35,SNA,Sona BLW,domestic,0.24,6,CHS,Chassis,Steel,A,4564,0.805,PO-KDQ-CHS-00317-202411-1
KDQ-CHS-00317,Chassis A20 - SKODA Kodiaq (Sona BLW),2024-12-06,3311.3469,50,INR,KDQ,SKODA Kodiaq,SKODA,Full-size SUV (CKD),4200,0.35,SNA,Sona BLW,domestic,0.24,6,CHS,Chassis,Steel,A,4564,0.805,PO-KDQ-CHS-00317-202412-1
KDQ-CHS-00317,Chassis A20 - SKODA Kodiaq (Sona BLW),2025-01-06,3404.7634,13,INR,KDQ,SKODA Kodiaq,SKODA,Full-size SUV (CKD),4200,0.35,SNA,Sona BLW,domestic,0.24,6,CHS,Chassis,Steel,A,4564,0.805,PO-KDQ-CHS-00317-202501-1
KDQ-CHS-00317,Chassis A20 - SKODA Kodiaq (Sona BLW),2025-01-13,3322.2005,37,INR,KDQ,SKODA Kodiaq,SKODA,Full-size SUV (CKD),4200,0.35,SNA,Sona BLW,domestic,0.24,6,CHS,Chassis,Steel,A,4564,0.805,PO-KDQ-CHS-00317-202501-2
KDQ-CHS-00317,Chassis A20 - SKODA Kodiaq (Sona BLW),2025-02-06,3351.4225,13,INR,KDQ,SKODA Kodiaq,SKODA,Full-size SUV (CKD),4200,0.35,SNA,Sona BLW,domestic,0.24,6,CHS,Chassis,Steel,A,4564,0.805,PO-KDQ-CHS-00317-202502-1
KDQ-CHS-00317,Chassis A20 - SKODA Kodiaq (Sona BLW),2025-02-13,3339.7933,37,INR,KDQ,SKODA Kodiaq,SKODA,Full-size SUV (CKD),4200,0.35,SNA,Sona BLW,domestic,0.24,6,CHS,Chassis,Steel,A,4564,0.805,PO-KDQ-CHS-00317-202502-2
KDQ-CHS-00317,Chassis A20 - SKODA Kodiaq (Sona BLW),2025-02-20,3370.2572,1,INR,KDQ,SKODA Kodiaq,SKODA,Full-size SUV (CKD),4200,0.35,SNA,Sona BLW,domestic,0.24,6,CHS,Chassis,Steel,A,4564,0.805,PO-KDQ-CHS-00317-202502-3
KDQ-CHS-00317,Chassis A20 - SKODA Kodiaq (Sona BLW),2025-03-06,3340.2685,33,INR,KDQ,SKODA Kodiaq,SKODA,Full-size SUV (CKD),4200,0.35,SNA,Sona BLW,domestic,0.24,6,CHS,Chassis,Steel,A,4564,0.805,PO-KDQ-CHS-00317-202503-1
KDQ-CHS-00317,Chassis A20 - SKODA Kodiaq (Sona BLW),2025-03-13,3332.1734,17,INR,KDQ,SKODA Kodiaq,SKODA,Full-size SUV (CKD),4200,0.35,SNA,Sona BLW,domestic,0.24,6,CHS,Chassis,Steel,A,4564,0.805,PO-KDQ-CHS-00317-202503-2
KDQ-CHS-00317,Chassis A20 - SKODA Kodiaq (Sona BLW),2025-04-06,3327.8429,20,INR,KDQ,SKODA Kodiaq,SKODA,Full-size SUV (CKD),4200,0.35,SNA,Sona BLW,domestic,0.24,6,CHS,Chassis,Steel,A,4564,0.805,PO-KDQ-CHS-00317-202504-1
KDQ-CHS-00317,Chassis A20 - SKODA Kodiaq (Sona BLW),2025-04-13,3300.0046,30,INR,KDQ,SKODA Kodiaq,SKODA,Full-size SUV (CKD),4200,0.35,SNA,Sona BLW,domestic,0.24,6,CHS,Chassis,Steel,A,4564,0.805,PO-KDQ-CHS-00317-202504-2
KDQ-CHS-00317,Chassis A20 - SKODA Kodiaq (Sona BLW),2025-05-06,3442.5424,19,INR,KDQ,SKODA Kodiaq,SKODA,Full-size SUV (CKD),4200,0.35,SNA,Sona BLW,domestic,0.24,6,CHS,Chassis,Steel,A,4564,0.805,PO-KDQ-CHS-00317-202505-1
KDQ-CHS-00317,Chassis A20 - SKODA Kodiaq (Sona BLW),2025-05-13,3421.2613,4,INR,KDQ,SKODA Kodiaq,SKODA,Full-size SUV (CKD),4200,0.35,SNA,Sona BLW,domestic,0.24,6,CHS,Chassis,Steel,A,4564,0.805,PO-KDQ-CHS-00317-202505-2
KDQ-CHS-00317,Chassis A20 - SKODA Kodiaq (Sona BLW),2025-05-20,3456.2971,27,INR,KDQ,SKODA Kodiaq,SKODA,Full-size SUV (CKD),4200,0.35,SNA,Sona BLW,domestic,0.24,6,CHS,Chassis,Steel,A,4564,0.805,PO-KDQ-CHS-00317-202505-3
KDQ-CHS-00317,Chassis A20 - SKODA Kodiaq (Sona BLW),2025-06-06,3457.6963,50,INR,KDQ,SKODA Kodiaq,SKODA,Full-size SUV (CKD),4200,0.35,SNA,Sona BLW,domestic,0.24,6,CHS,Chassis,Steel,A,4564,0.805,PO-KDQ-CHS-00317-202506-1
KDQ-CHS-00317,Chassis A20 - SKODA Kodiaq (Sona BLW),2025-07-06,3350.347,50,INR,KDQ,SKODA Kodiaq,SKODA,Full-size SUV (CKD),4200,0.35,SNA,Sona BLW,domestic,0.24,6,CHS,Chassis,Steel,A,4564,0.805,PO-KDQ-CHS-00317-202507-1
KDQ-CHS-00317,Chassis A20 - SKODA Kodiaq (Sona BLW),2025-08-06,3241.1229,4,INR,KDQ,SKODA Kodiaq,SKODA,Full-size SUV (CKD),4200,0.35,SNA,Sona BLW,domestic,0.24,6,CHS,Chassis,Steel,A,4564,0.805,PO-KDQ-CHS-00317-202508-1
KDQ-CHS-00317,Chassis A20 - SKODA Kodiaq (Sona BLW),2025-08-13,3279.7721,46,INR,KDQ,SKODA Kodiaq,SKODA,Full-size SUV (CKD),4200,0.35,SNA,Sona BLW,domestic,0.24,6,CHS,Chassis,Steel,A,4564,0.805,PO-KDQ-CHS-00317-202508-2
KDQ-CHS-00317,Chassis A20 - SKODA Kodiaq (Sona BLW),2025-09-06,3284.7345,26,INR,KDQ,SKODA Kodiaq,SKODA,Full-size SUV (CKD),4200,0.35,SNA,Sona BLW,domestic,0.24,6,CHS,Chassis,Steel,A,4564,0.805,PO-KDQ-CHS-00317-202509-1
KDQ-CHS-00317,Chassis A20 - SKODA Kodiaq (Sona BLW),2025-09-13,3278.5344,24,INR,KDQ,SKODA Kodiaq,SKODA,Full-size SUV (CKD),4200,0.35,SNA,Sona BLW,domestic,0.24,6,CHS,Chassis,Steel,A,4564,0.805,PO-KDQ-CHS-00317-202509-2
KDQ-CHS-00317,Chassis A20 - SKODA Kodiaq (Sona BLW),2025-10-06,3418.8588,50,INR,KDQ,SKODA Kodiaq,SKODA,Full-size SUV (CKD),4200,0.35,SNA,Sona BLW,domestic,0.24,6,CHS,Chassis,Steel,A,4564,0.805,PO-KDQ-CHS-00317-202510-1
KDQ-CHS-00317,Chassis A20 - SKODA Kodiaq (Sona BLW),2025-11-06,3370.2986,26,INR,KDQ,SKODA Kodiaq,SKODA,Full-size SUV (CKD),4200,0.35,SNA,Sona BLW,domestic,0.24,6,CHS,Chassis,Steel,A,4564,0.805,PO-KDQ-CHS-00317-202511-1
KDQ-CHS-00317,Chassis A20 - SKODA Kodiaq (Sona BLW),2025-11-13,3306.3257,24,INR,KDQ,SKODA Kodiaq,SKODA,Full-size SUV (CKD),4200,0.35,SNA,Sona BLW,domestic,0.24,6,CHS,Chassis,Steel,A,4564,0.805,PO-KDQ-CHS-00317-202511-2
KDQ-CHS-00317,Chassis A20 - SKODA Kodiaq (Sona BLW),2025-12-06,3436.8258,12,INR,KDQ,SKODA Kodiaq,SKODA,Full-size SUV (CKD),4200,0.35,SNA,Sona BLW,domestic,0.24,6,CHS,Chassis,Steel,A,4564,0.805,PO-KDQ-CHS-00317-202512-1
KDQ-CHS-00317,Chassis A20 - SKODA Kodiaq (Sona BLW),2025-12-13,3388.7893,24,INR,KDQ,SKODA Kodiaq,SKODA,Full-size SUV (CKD),4200,0.35,SNA,Sona BLW,domestic,0.24,6,CHS,Chassis,Steel,A,4564,0.805,PO-KDQ-CHS-00317-202512-2
KDQ-CHS-00317,Chassis A20 - SKODA Kodiaq (Sona BLW),2025-12-20,3391.2755,14,INR,KDQ,SKODA Kodiaq,SKODA,Full-size SUV (CKD),4200,0.35,SNA,Sona BLW,domestic,0.24,6,CHS,Chassis,Steel,A,4564,0.805,PO-KDQ-CHS-00317-202512-3
KDQ-CHS-00317,Chassis A20 - SKODA Kodiaq (Sona BLW),2026-01-06,3433.352,5,INR,KDQ,SKODA Kodiaq,SKODA,Full-size SUV (CKD),4200,0.35,SNA,Sona BLW,domestic,0.24,6,CHS,Chassis,Steel,A,4564,0.805,PO-KDQ-CHS-00317-202601-1
KDQ-CHS-00317,Chassis A20 - SKODA Kodiaq (Sona BLW),2026-01-13,3456.5627,17,INR,KDQ,SKODA Kodiaq,SKODA,Full-size SUV (CKD),4200,0.35,SNA,Sona BLW,domestic,0.24,6,CHS,Chassis,Steel,A,4564,0.805,PO-KDQ-CHS-00317-202601-2
KDQ-CHS-00317,Chassis A20 - SKODA Kodiaq (Sona BLW),2026-01-20,3480.4186,28,INR,KDQ,SKODA Kodiaq,SKODA,Full-size SUV (CKD),4200,0.35,SNA,Sona BLW,domestic,0.24,6,CHS,Chassis,Steel,A,4564,0.805,PO-KDQ-CHS-00317-202601-3
KDQ-CHS-00317,Chassis A20 - SKODA Kodiaq (Sona BLW),2026-02-06,3483.1667,50,INR,KDQ,SKODA Kodiaq,SKODA,Full-size SUV (CKD),4200,0.35,SNA,Sona BLW,domestic,0.24,6,CHS,Chassis,Steel,A,4564,0.805,PO-KDQ-CHS-00317-202602-1
KDQ-CHS-00317,Chassis A20 - SKODA Kodiaq (Sona BLW),2026-03-06,3467.1927,4,INR,KDQ,SKODA Kodiaq,SKODA,Full-size SUV (CKD),4200,0.35,SNA,Sona BLW,domestic,0.24,6,CHS,Chassis,Steel,A,4564,0.805,PO-KDQ-CHS-00317-202603-1
KDQ-CHS-00317,Chassis A20 - SKODA Kodiaq (Sona BLW),2026-03-13,3505.6458,28,INR,KDQ,SKODA Kodiaq,SKODA,Full-size SUV (CKD),4200,0.35,SNA,Sona BLW,domestic,0.24,6,CHS,Chassis,Steel,A,4564,0.805,PO-KDQ-CHS-00317-202603-2
KDQ-CHS-00317,Chassis A20 - SKODA Kodiaq (Sona BLW),2026-03-20,3492.8829,18,INR,KDQ,SKODA Kodiaq,SKODA,Full-size SUV (CKD),4200,0.35,SNA,Sona BLW,domestic,0.24,6,CHS,Chassis,Steel,A,4564,0.805,PO-KDQ-CHS-00317-202603-3
KDQ-CHS-00317,Chassis A20 - SKODA Kodiaq (Sona BLW),2026-04-06,3570.0219,25,INR,KDQ,SKODA Kodiaq,SKODA,Full-size SUV (CKD),4200,0.35,SNA,Sona BLW,domestic,0.24,6,CHS,Chassis,Steel,A,4564,0.805,PO-KDQ-CHS-00317-202604-1
KDQ-CHS-00317,Chassis A20 - SKODA Kodiaq (Sona BLW),2026-04-13,3582.1798,7,INR,KDQ,SKODA Kodiaq,SKODA,Full-size SUV (CKD),4200,0.35,SNA,Sona BLW,domestic,0.24,6,CHS,Chassis,Steel,A,4564,0.805,PO-KDQ-CHS-00317-202604-2
KDQ-CHS-00317,Chassis A20 - SKODA Kodiaq (Sona BLW),2026-04-20,3556.631,18,INR,KDQ,SKODA Kodiaq,SKODA,Full-size SUV (CKD),4200,0.35,SNA,Sona BLW,domestic,0.24,6,CHS,Chassis,Steel,A,4564,0.805,PO-KDQ-CHS-00317-202604-3
KDQ-CHS-00317,Chassis A20 - SKODA Kodiaq (Sona BLW),2026-05-06,3479.8857,37,INR,KDQ,SKODA Kodiaq,SKODA,Full-size SUV (CKD),4200,0.35,SNA,Sona BLW,domestic,0.24,6,CHS,Chassis,Steel,A,4564,0.805,PO-KDQ-CHS-00317-202605-1
KDQ-CHS-00317,Chassis A20 - SKODA Kodiaq (Sona BLW),2026-05-13,3521.9023,5,INR,KDQ,SKODA Kodiaq,SKODA,Full-size SUV (CKD),4200,0.35,SNA,Sona BLW,domestic,0.24,6,CHS,Chassis,Steel,A,4564,0.805,PO-KDQ-CHS-00317-202605-2
KDQ-CHS-00317,Chassis A20 - SKODA Kodiaq (Sona BLW),2026-05-20,3532.4423,8,INR,KDQ,SKODA Kodiaq,SKODA,Full-size SUV (CKD),4200,0.35,SNA,Sona BLW,domestic,0.24,6,CHS,Chassis,Steel,A,4564,0.805,PO-KDQ-CHS-00317-202605-3
KDQ-CHS-00317,Chassis A20 - SKODA Kodiaq (Sona BLW),2026-06-06,3478.3424,9,INR,KDQ,SKODA Kodiaq,SKODA,Full-size SUV (CKD),4200,0.35,SNA,Sona BLW,domestic,0.24,6,CHS,Chassis,Steel,A,4564,0.805,PO-KDQ-CHS-00317-202606-1
KDQ-CHS-00317,Chassis A20 - SKODA Kodiaq (Sona BLW),2026-06-13,3528.7976,41,INR,KDQ,SKODA Kodiaq,SKODA,Full-size SUV (CKD),4200,0.35,SNA,Sona BLW,domestic,0.24,6,CHS,Chassis,Steel,A,4564,0.805,PO-KDQ-CHS-00317-202606-2
KDQ-BRK-00329,Braking C08 - SKODA Kodiaq (Rane Group),2023-07-06,3853.9262,50,INR,KDQ,SKODA Kodiaq,SKODA,Full-size SUV (CKD),4200,0.35,RNE,Rane Group,domestic,0.19,6,BRK,Braking,Cast iron,C,4075,2.637,PO-KDQ-BRK-00329-202307-1
KDQ-BRK-00329,Braking C08 - SKODA Kodiaq (Rane Group),2023-08-06,3803.5962,50,INR,KDQ,SKODA Kodiaq,SKODA,Full-size SUV (CKD),4200,0.35,RNE,Rane Group,domestic,0.19,6,BRK,Braking,Cast iron,C,4075,2.637,PO-KDQ-BRK-00329-202308-1
KDQ-BRK-00329,Braking C08 - SKODA Kodiaq (Rane Group),2023-09-06,3886.1482,9,INR,KDQ,SKODA Kodiaq,SKODA,Full-size SUV (CKD),4200,0.35,RNE,Rane Group,domestic,0.19,6,BRK,Braking,Cast iron,C,4075,2.637,PO-KDQ-BRK-00329-202309-1
KDQ-BRK-00329,Braking C08 - SKODA Kodiaq (Rane Group),2023-09-13,3852.0967,41,INR,KDQ,SKODA Kodiaq,SKODA,Full-size SUV (CKD),4200,0.35,RNE,Rane Group,domestic,0.19,6,BRK,Braking,Cast iron,C,4075,2.637,PO-KDQ-BRK-00329-202309-2
KDQ-BRK-00329,Braking C08 - SKODA Kodiaq (Rane Group),2023-10-06,3967.8533,50,INR,KDQ,SKODA Kodiaq,SKODA,Full-size SUV (CKD),4200,0.35,RNE,Rane Group,domestic,0.19,6,BRK,Braking,Cast iron,C,4075,2.637,PO-KDQ-BRK-00329-202310-1
KDQ-BRK-00329,Braking C08 - SKODA Kodiaq (Rane Group),2023-11-06,3949.1482,12,INR,KDQ,SKODA Kodiaq,SKODA,Full-size SUV (CKD),4200,0.35,RNE,Rane Group,domestic,0.19,6,BRK,Braking,Cast iron,C,4075,2.637,PO-KDQ-BRK-00329-202311-1
KDQ-BRK-00329,Braking C08 - SKODA Kodiaq (Rane Group),2023-11-13,3944.2437,38,INR,KDQ,SKODA Kodiaq,SKODA,Full-size SUV (CKD),4200,0.35,RNE,Rane Group,domestic,0.19,6,BRK,Braking,Cast iron,C,4075,2.637,PO-KDQ-BRK-00329-202311-2
KDQ-BRK-00329,Braking C08 - SKODA Kodiaq (Rane Group),2023-12-06,4042.7073,50,INR,KDQ,SKODA Kodiaq,SKODA,Full-size SUV (CKD),4200,0.35,RNE,Rane Group,domestic,0.19,6,BRK,Braking,Cast iron,C,4075,2.637,PO-KDQ-BRK-00329-202312-1
KDQ-BRK-00329,Braking C08 - SKODA Kodiaq (Rane Group),2024-01-06,4009.7433,41,INR,KDQ,SKODA Kodiaq,SKODA,Full-size SUV (CKD),4200,0.35,RNE,Rane Group,domestic,0.19,6,BRK,Braking,Cast iron,C,4075,2.637,PO-KDQ-BRK-00329-202401-1
KDQ-BRK-00329,Braking C08 - SKODA Kodiaq (Rane Group),2024-01-13,4043.7065,7,INR,KDQ,SKODA Kodiaq,SKODA,Full-size SUV (CKD),4200,0.35,RNE,Rane Group,domestic,0.19,6,BRK,Braking,Cast iron,C,4075,2.637,PO-KDQ-BRK-00329-202401-2
KDQ-BRK-00329,Braking C08 - SKODA Kodiaq (Rane Group),2024-01-20,4026.0902,2,INR,KDQ,SKODA Kodiaq,SKODA,Full-size SUV (CKD),4200,0.35,RNE,Rane Group,domestic,0.19,6,BRK,Braking,Cast iron,C,4075,2.637,PO-KDQ-BRK-00329-202401-3
KDQ-BRK-00329,Braking C08 - SKODA Kodiaq (Rane Group),2024-02-06,3738.3979,42,INR,KDQ,SKODA Kodiaq,SKODA,Full-size SUV (CKD),4200,0.35,RNE,Rane Group,domestic,0.19,6,BRK,Braking,Cast iron,C,4075,2.637,PO-KDQ-BRK-00329-202402-1
KDQ-BRK-00329,Braking C08 - SKODA Kodiaq (Rane Group),2024-02-13,3838.105,8,INR,KDQ,SKODA Kodiaq,SKODA,Full-size SUV (CKD),4200,0.35,RNE,Rane Group,domestic,0.19,6,BRK,Braking,Cast iron,C,4075,2.637,PO-KDQ-BRK-00329-202402-2
KDQ-BRK-00329,Braking C08 - SKODA Kodiaq (Rane Group),2024-03-06,3773.5605,21,INR,KDQ,SKODA Kodiaq,SKODA,Full-size SUV (CKD),4200,0.35,RNE,Rane Group,domestic,0.19,6,BRK,Braking,Cast iron,C,4075,2.637,PO-KDQ-BRK-00329-202403-1
KDQ-BRK-00329,Braking C08 - SKODA Kodiaq (Rane Group),2024-03-13,3826.2751,28,INR,KDQ,SKODA Kodiaq,SKODA,Full-size SUV (CKD),4200,0.35,RNE,Rane Group,domestic,0.19,6,BRK,Braking,Cast iron,C,4075,2.637,PO-KDQ-BRK-00329-202403-2
KDQ-BRK-00329,Braking C08 - SKODA Kodiaq (Rane Group),2024-03-20,3786.0676,1,INR,KDQ,SKODA Kodiaq,SKODA,Full-size SUV (CKD),4200,0.35,RNE,Rane Group,domestic,0.19,6,BRK,Braking,Cast iron,C,4075,2.637,PO-KDQ-BRK-00329-202403-3
KDQ-BRK-00329,Braking C08 - SKODA Kodiaq (Rane Group),2024-04-06,3746.5061,50,INR,KDQ,SKODA Kodiaq,SKODA,Full-size SUV (CKD),4200,0.35,RNE,Rane Group,domestic,0.19,6,BRK,Braking,Cast iron,C,4075,2.637,PO-KDQ-BRK-00329-202404-1
KDQ-BRK-00329,Braking C08 - SKODA Kodiaq (Rane Group),2024-05-06,3789.0264,29,INR,KDQ,SKODA Kodiaq,SKODA,Full-size SUV (CKD),4200,0.35,RNE,Rane Group,domestic,0.19,6,BRK,Braking,Cast iron,C,4075,2.637,PO-KDQ-BRK-00329-202405-1
KDQ-BRK-00329,Braking C08 - SKODA Kodiaq (Rane Group),2024-05-13,3755.4616,6,INR,KDQ,SKODA Kodiaq,SKODA,Full-size SUV (CKD),4200,0.35,RNE,Rane Group,domestic,0.19,6,BRK,Braking,Cast iron,C,4075,2.637,PO-KDQ-BRK-00329-202405-2
KDQ-BRK-00329,Braking C08 - SKODA Kodiaq (Rane Group),2024-05-20,3790.2385,15,INR,KDQ,SKODA Kodiaq,SKODA,Full-size SUV (CKD),4200,0.35,RNE,Rane Group,domestic,0.19,6,BRK,Braking,Cast iron,C,4075,2.637,PO-KDQ-BRK-00329-202405-3
KDQ-BRK-00329,Braking C08 - SKODA Kodiaq (Rane Group),2024-06-06,3826.2704,5,INR,KDQ,SKODA Kodiaq,SKODA,Full-size SUV (CKD),4200,0.35,RNE,Rane Group,domestic,0.19,6,BRK,Braking,Cast iron,C,4075,2.637,PO-KDQ-BRK-00329-202406-1
KDQ-BRK-00329,Braking C08 - SKODA Kodiaq (Rane Group),2024-06-13,3827.4375,18,INR,KDQ,SKODA Kodiaq,SKODA,Full-size SUV (CKD),4200,0.35,RNE,Rane Group,domestic,0.19,6,BRK,Braking,Cast iron,C,4075,2.637,PO-KDQ-BRK-00329-202406-2
KDQ-BRK-00329,Braking C08 - SKODA Kodiaq (Rane Group),2024-06-20,3857.803,28,INR,KDQ,SKODA Kodiaq,SKODA,Full-size SUV (CKD),4200,0.35,RNE,Rane Group,domestic,0.19,6,BRK,Braking,Cast iron,C,4075,2.637,PO-KDQ-BRK-00329-202406-3
KDQ-BRK-00329,Braking C08 - SKODA Kodiaq (Rane Group),2024-07-06,4016.587,24,INR,KDQ,SKODA Kodiaq,SKODA,Full-size SUV (CKD),4200,0.35,RNE,Rane Group,domestic,0.19,6,BRK,Braking,Cast iron,C,4075,2.637,PO-KDQ-BRK-00329-202407-1
KDQ-BRK-00329,Braking C08 - SKODA Kodiaq (Rane Group),2024-07-13,3975.1399,18,INR,KDQ,SKODA Kodiaq,SKODA,Full-size SUV (CKD),4200,0.35,RNE,Rane Group,domestic,0.19,6,BRK,Braking,Cast iron,C,4075,2.637,PO-KDQ-BRK-00329-202407-2
KDQ-BRK-00329,Braking C08 - SKODA Kodiaq (Rane Group),2024-07-20,3958.2295,8,INR,KDQ,SKODA Kodiaq,SKODA,Full-size SUV (CKD),4200,0.35,RNE,Rane Group,domestic,0.19,6,BRK,Braking,Cast iron,C,4075,2.637,PO-KDQ-BRK-00329-202407-3
KDQ-BRK-00329,Braking C08 - SKODA Kodiaq (Rane Group),2024-08-06,3958.9146,30,INR,KDQ,SKODA Kodiaq,SKODA,Full-size SUV (CKD),4200,0.35,RNE,Rane Group,domestic,0.19,6,BRK,Braking,Cast iron,C,4075,2.637,PO-KDQ-BRK-00329-202408-1
KDQ-BRK-00329,Braking C08 - SKODA Kodiaq (Rane Group),2024-08-13,3962.4273,20,INR,KDQ,SKODA Kodiaq,SKODA,Full-size SUV (CKD),4200,0.35,RNE,Rane Group,domestic,0.19,6,BRK,Braking,Cast iron,C,4075,2.637,PO-KDQ-BRK-00329-202408-2
KDQ-BRK-00329,Braking C08 - SKODA Kodiaq (Rane Group),2024-09-06,3907.1704,35,INR,KDQ,SKODA Kodiaq,SKODA,Full-size SUV (CKD),4200,0.35,RNE,Rane Group,domestic,0.19,6,BRK,Braking,Cast iron,C,4075,2.637,PO-KDQ-BRK-00329-202409-1
KDQ-BRK-00329,Braking C08 - SKODA Kodiaq (Rane Group),2024-09-13,3871.8261,15,INR,KDQ,SKODA Kodiaq,SKODA,Full-size SUV (CKD),4200,0.35,RNE,Rane Group,domestic,0.19,6,BRK,Braking,Cast iron,C,4075,2.637,PO-KDQ-BRK-00329-202409-2
KDQ-BRK-00329,Braking C08 - SKODA Kodiaq (Rane Group),2024-10-06,3865.8893,20,INR,KDQ,SKODA Kodiaq,SKODA,Full-size SUV (CKD),4200,0.35,RNE,Rane Group,domestic,0.19,6,BRK,Braking,Cast iron,C,4075,2.637,PO-KDQ-BRK-00329-202410-1
KDQ-BRK-00329,Braking C08 - SKODA Kodiaq (Rane Group),2024-10-13,3875.3405,12,INR,KDQ,SKODA Kodiaq,SKODA,Full-size SUV (CKD),4200,0.35,RNE,Rane Group,domestic,0.19,6,BRK,Braking,Cast iron,C,4075,2.637,PO-KDQ-BRK-00329-202410-2
KDQ-BRK-00329,Braking C08 - SKODA Kodiaq (Rane Group),2024-10-20,3836.7226,18,INR,KDQ,SKODA Kodiaq,SKODA,Full-size SUV (CKD),4200,0.35,RNE,Rane Group,domestic,0.19,6,BRK,Braking,Cast iron,C,4075,2.637,PO-KDQ-BRK-00329-202410-3
KDQ-BRK-00329,Braking C08 - SKODA Kodiaq (Rane Group),2024-11-06,3939.5855,21,INR,KDQ,SKODA Kodiaq,SKODA,Full-size SUV (CKD),4200,0.35,RNE,Rane Group,domestic,0.19,6,BRK,Braking,Cast iron,C,4075,2.637,PO-KDQ-BRK-00329-202411-1
KDQ-BRK-00329,Braking C08 - SKODA Kodiaq (Rane Group),2024-11-13,3864.7073,23,INR,KDQ,SKODA Kodiaq,SKODA,Full-size SUV (CKD),4200,0.35,RNE,Rane Group,domestic,0.19,6,BRK,Braking,Cast iron,C,4075,2.637,PO-KDQ-BRK-00329-202411-2
KDQ-BRK-00329,Braking C08 - SKODA Kodiaq (Rane Group),2024-11-20,3857.1585,6,INR,KDQ,SKODA Kodiaq,SKODA,Full-size SUV (CKD),4200,0.35,RNE,Rane Group,domestic,0.19,6,BRK,Braking,Cast iron,C,4075,2.637,PO-KDQ-BRK-00329-202411-3
KDQ-BRK-00329,Braking C08 - SKODA Kodiaq (Rane Group),2024-12-06,3949.5791,50,INR,KDQ,SKODA Kodiaq,SKODA,Full-size SUV (CKD),4200,0.35,RNE,Rane Group,domestic,0.19,6,BRK,Braking,Cast iron,C,4075,2.637,PO-KDQ-BRK-00329-202412-1
KDQ-BRK-00329,Braking C08 - SKODA Kodiaq (Rane Group),2025-01-06,3981.9041,36,INR,KDQ,SKODA Kodiaq,SKODA,Full-size SUV (CKD),4200,0.35,RNE,Rane Group,domestic,0.19,6,BRK,Braking,Cast iron,C,4075,2.637,PO-KDQ-BRK-00329-202501-1
KDQ-BRK-00329,Braking C08 - SKODA Kodiaq (Rane Group),2025-01-13,3928.1043,14,INR,KDQ,SKODA Kodiaq,SKODA,Full-size SUV (CKD),4200,0.35,RNE,Rane Group,domestic,0.19,6,BRK,Braking,Cast iron,C,4075,2.637,PO-KDQ-BRK-00329-202501-2
KDQ-BRK-00329,Braking C08 - SKODA Kodiaq (Rane Group),2025-02-06,3849.7263,50,INR,KDQ,SKODA Kodiaq,SKODA,Full-size SUV (CKD),4200,0.35,RNE,Rane Group,domestic,0.19,6,BRK,Braking,Cast iron,C,4075,2.637,PO-KDQ-BRK-00329-202502-1
KDQ-BRK-00329,Braking C08 - SKODA Kodiaq (Rane Group),2025-03-06,3765.1604,8,INR,KDQ,SKODA Kodiaq,SKODA,Full-size SUV (CKD),4200,0.35,RNE,Rane Group,domestic,0.19,6,BRK,Braking,Cast iron,C,4075,2.637,PO-KDQ-BRK-00329-202503-1
KDQ-BRK-00329,Braking C08 - SKODA Kodiaq (Rane Group),2025-03-13,3805.3008,42,INR,KDQ,SKODA Kodiaq,SKODA,Full-size SUV (CKD),4200,0.35,RNE,Rane Group,domestic,0.19,6,BRK,Braking,Cast iron,C,4075,2.637,PO-KDQ-BRK-00329-202503-2
KDQ-BRK-00329,Braking C08 - SKODA Kodiaq (Rane Group),2025-04-06,3748.2064,50,INR,KDQ,SKODA Kodiaq,SKODA,Full-size SUV (CKD),4200,0.35,RNE,Rane Group,domestic,0.19,6,BRK,Braking,Cast iron,C,4075,2.637,PO-KDQ-BRK-00329-202504-1
KDQ-BRK-00329,Braking C08 - SKODA Kodiaq (Rane Group),2025-05-06,3797.5876,45,INR,KDQ,SKODA Kodiaq,SKODA,Full-size SUV (CKD),4200,0.35,RNE,Rane Group,domestic,0.19,6,BRK,Braking,Cast iron,C,4075,2.637,PO-KDQ-BRK-00329-202505-1
KDQ-BRK-00329,Braking C08 - SKODA Kodiaq (Rane Group),2025-05-13,3843.3169,5,INR,KDQ,SKODA Kodiaq,SKODA,Full-size SUV (CKD),4200,0.35,RNE,Rane Group,domestic,0.19,6,BRK,Braking,Cast iron,C,4075,2.637,PO-KDQ-BRK-00329-202505-2
KDQ-BRK-00329,Braking C08 - SKODA Kodiaq (Rane Group),2025-06-06,3908.4346,32,INR,KDQ,SKODA Kodiaq,SKODA,Full-size SUV (CKD),4200,0.35,RNE,Rane Group,domestic,0.19,6,BRK,Braking,Cast iron,C,4075,2.637,PO-KDQ-BRK-00329-202506-1
KDQ-BRK-00329,Braking C08 - SKODA Kodiaq (Rane Group),2025-06-13,3926.4719,18,INR,KDQ,SKODA Kodiaq,SKODA,Full-size SUV (CKD),4200,0.35,RNE,Rane Group,domestic,0.19,6,BRK,Braking,Cast iron,C,4075,2.637,PO-KDQ-BRK-00329-202506-2
KDQ-BRK-00329,Braking C08 - SKODA Kodiaq (Rane Group),2025-07-06,4071.7645,41,INR,KDQ,SKODA Kodiaq,SKODA,Full-size SUV (CKD),4200,0.35,RNE,Rane Group,domestic,0.19,6,BRK,Braking,Cast iron,C,4075,2.637,PO-KDQ-BRK-00329-202507-1
KDQ-BRK-00329,Braking C08 - SKODA Kodiaq (Rane Group),2025-07-13,4042.656,9,INR,KDQ,SKODA Kodiaq,SKODA,Full-size SUV (CKD),4200,0.35,RNE,Rane Group,domestic,0.19,6,BRK,Braking,Cast iron,C,4075,2.637,PO-KDQ-BRK-00329-202507-2
KDQ-BRK-00329,Braking C08 - SKODA Kodiaq (Rane Group),2025-08-06,4218.7951,9,INR,KDQ,SKODA Kodiaq,SKODA,Full-size SUV (CKD),4200,0.35,RNE,Rane Group,domestic,0.19,6,BRK,Braking,Cast iron,C,4075,2.637,PO-KDQ-BRK-00329-202508-1
KDQ-BRK-00329,Braking C08 - SKODA Kodiaq (Rane Group),2025-08-13,4194.9456,41,INR,KDQ,SKODA Kodiaq,SKODA,Full-size SUV (CKD),4200,0.35,RNE,Rane Group,domestic,0.19,6,BRK,Braking,Cast iron,C,4075,2.637,PO-KDQ-BRK-00329-202508-2
KDQ-BRK-00329,Braking C08 - SKODA Kodiaq (Rane Group),2025-09-06,4218.0946,16,INR,KDQ,SKODA Kodiaq,SKODA,Full-size SUV (CKD),4200,0.35,RNE,Rane Group,domestic,0.19,6,BRK,Braking,Cast iron,C,4075,2.637,PO-KDQ-BRK-00329-202509-1
KDQ-BRK-00329,Braking C08 - SKODA Kodiaq (Rane Group),2025-09-13,4188.6717,32,INR,KDQ,SKODA Kodiaq,SKODA,Full-size SUV (CKD),4200,0.35,RNE,Rane Group,domestic,0.19,6,BRK,Braking,Cast iron,C,4075,2.637,PO-KDQ-BRK-00329-202509-2
KDQ-BRK-00329,Braking C08 - SKODA Kodiaq (Rane Group),2025-09-20,4208.6329,3,INR,KDQ,SKODA Kodiaq,SKODA,Full-size SUV (CKD),4200,0.35,RNE,Rane Group,domestic,0.19,6,BRK,Braking,Cast iron,C,4075,2.637,PO-KDQ-BRK-00329-202509-3
KDQ-BRK-00329,Braking C08 - SKODA Kodiaq (Rane Group),2025-10-06,4191.5443,50,INR,KDQ,SKODA Kodiaq,SKODA,Full-size SUV (CKD),4200,0.35,RNE,Rane Group,domestic,0.19,6,BRK,Braking,Cast iron,C,4075,2.637,PO-KDQ-BRK-00329-202510-1
KDQ-BRK-00329,Braking C08 - SKODA Kodiaq (Rane Group),2025-11-06,4172.2859,3,INR,KDQ,SKODA Kodiaq,SKODA,Full-size SUV (CKD),4200,0.35,RNE,Rane Group,domestic,0.19,6,BRK,Braking,Cast iron,C,4075,2.637,PO-KDQ-BRK-00329-202511-1
KDQ-BRK-00329,Braking C08 - SKODA Kodiaq (Rane Group),2025-11-13,4203.269,39,INR,KDQ,SKODA Kodiaq,SKODA,Full-size SUV (CKD),4200,0.35,RNE,Rane Group,domestic,0.19,6,BRK,Braking,Cast iron,C,4075,2.637,PO-KDQ-BRK-00329-202511-2
KDQ-BRK-00329,Braking C08 - SKODA Kodiaq (Rane Group),2025-11-20,4161.0368,8,INR,KDQ,SKODA Kodiaq,SKODA,Full-size SUV (CKD),4200,0.35,RNE,Rane Group,domestic,0.19,6,BRK,Braking,Cast iron,C,4075,2.637,PO-KDQ-BRK-00329-202511-3
KDQ-BRK-00329,Braking C08 - SKODA Kodiaq (Rane Group),2025-12-06,4330.0836,50,INR,KDQ,SKODA Kodiaq,SKODA,Full-size SUV (CKD),4200,0.35,RNE,Rane Group,domestic,0.19,6,BRK,Braking,Cast iron,C,4075,2.637,PO-KDQ-BRK-00329-202512-1
KDQ-BRK-00329,Braking C08 - SKODA Kodiaq (Rane Group),2026-01-06,4196.2499,15,INR,KDQ,SKODA Kodiaq,SKODA,Full-size SUV (CKD),4200,0.35,RNE,Rane Group,domestic,0.19,6,BRK,Braking,Cast iron,C,4075,2.637,PO-KDQ-BRK-00329-202601-1
KDQ-BRK-00329,Braking C08 - SKODA Kodiaq (Rane Group),2026-01-13,4230.0865,24,INR,KDQ,SKODA Kodiaq,SKODA,Full-size SUV (CKD),4200,0.35,RNE,Rane Group,domestic,0.19,6,BRK,Braking,Cast iron,C,4075,2.637,PO-KDQ-BRK-00329-202601-2
KDQ-BRK-00329,Braking C08 - SKODA Kodiaq (Rane Group),2026-01-20,4216.3846,11,INR,KDQ,SKODA Kodiaq,SKODA,Full-size SUV (CKD),4200,0.35,RNE,Rane Group,domestic,0.19,6,BRK,Braking,Cast iron,C,4075,2.637,PO-KDQ-BRK-00329-202601-3
KDQ-BRK-00329,Braking C08 - SKODA Kodiaq (Rane Group),2026-02-06,4288.2535,8,INR,KDQ,SKODA Kodiaq,SKODA,Full-size SUV (CKD),4200,0.35,RNE,Rane Group,domestic,0.19,6,BRK,Braking,Cast iron,C,4075,2.637,PO-KDQ-BRK-00329-202602-1
KDQ-BRK-00329,Braking C08 - SKODA Kodiaq (Rane Group),2026-02-13,4228.992,39,INR,KDQ,SKODA Kodiaq,SKODA,Full-size SUV (CKD),4200,0.35,RNE,Rane Group,domestic,0.19,6,BRK,Braking,Cast iron,C,4075,2.637,PO-KDQ-BRK-00329-202602-2
KDQ-BRK-00329,Braking C08 - SKODA Kodiaq (Rane Group),2026-02-20,4223.68,3,INR,KDQ,SKODA Kodiaq,SKODA,Full-size SUV (CKD),4200,0.35,RNE,Rane Group,domestic,0.19,6,BRK,Braking,Cast iron,C,4075,2.637,PO-KDQ-BRK-00329-202602-3
KDQ-BRK-00329,Braking C08 - SKODA Kodiaq (Rane Group),2026-03-06,4107.0011,14,INR,KDQ,SKODA Kodiaq,SKODA,Full-size SUV (CKD),4200,0.35,RNE,Rane Group,domestic,0.19,6,BRK,Braking,Cast iron,C,4075,2.637,PO-KDQ-BRK-00329-202603-1
KDQ-BRK-00329,Braking C08 - SKODA Kodiaq (Rane Group),2026-03-13,4105.0248,15,INR,KDQ,SKODA Kodiaq,SKODA,Full-size SUV (CKD),4200,0.35,RNE,Rane Group,domestic,0.19,6,BRK,Braking,Cast iron,C,4075,2.637,PO-KDQ-BRK-00329-202603-2
KDQ-BRK-00329,Braking C08 - SKODA Kodiaq (Rane Group),2026-03-20,4086.0608,22,INR,KDQ,SKODA Kodiaq,SKODA,Full-size SUV (CKD),4200,0.35,RNE,Rane Group,domestic,0.19,6,BRK,Braking,Cast iron,C,4075,2.637,PO-KDQ-BRK-00329-202603-3
KDQ-BRK-00329,Braking C08 - SKODA Kodiaq (Rane Group),2026-04-06,4181.5823,33,INR,KDQ,SKODA Kodiaq,SKODA,Full-size SUV (CKD),4200,0.35,RNE,Rane Group,domestic,0.19,6,BRK,Braking,Cast iron,C,4075,2.637,PO-KDQ-BRK-00329-202604-1
KDQ-BRK-00329,Braking C08 - SKODA Kodiaq (Rane Group),2026-04-13,4154.5881,14,INR,KDQ,SKODA Kodiaq,SKODA,Full-size SUV (CKD),4200,0.35,RNE,Rane Group,domestic,0.19,6,BRK,Braking,Cast iron,C,4075,2.637,PO-KDQ-BRK-00329-202604-2
KDQ-BRK-00329,Braking C08 - SKODA Kodiaq (Rane Group),2026-04-20,4153.6677,3,INR,KDQ,SKODA Kodiaq,SKODA,Full-size SUV (CKD),4200,0.35,RNE,Rane Group,domestic,0.19,6,BRK,Braking,Cast iron,C,4075,2.637,PO-KDQ-BRK-00329-202604-3
KDQ-BRK-00329,Braking C08 - SKODA Kodiaq (Rane Group),2026-05-06,4125.8612,50,INR,KDQ,SKODA Kodiaq,SKODA,Full-size SUV (CKD),4200,0.35,RNE,Rane Group,domestic,0.19,6,BRK,Braking,Cast iron,C,4075,2.637,PO-KDQ-BRK-00329-202605-1
KDQ-BRK-00329,Braking C08 - SKODA Kodiaq (Rane Group),2026-06-06,4108.1726,46,INR,KDQ,SKODA Kodiaq,SKODA,Full-size SUV (CKD),4200,0.35,RNE,Rane Group,domestic,0.19,6,BRK,Braking,Cast iron,C,4075,2.637,PO-KDQ-BRK-00329-202606-1
KDQ-BRK-00329,Braking C08 - SKODA Kodiaq (Rane Group),2026-06-13,4133.9656,2,INR,KDQ,SKODA Kodiaq,SKODA,Full-size SUV (CKD),4200,0.35,RNE,Rane Group,domestic,0.19,6,BRK,Braking,Cast iron,C,4075,2.637,PO-KDQ-BRK-00329-202606-2
KDQ-BRK-00329,Braking C08 - SKODA Kodiaq (Rane Group),2026-06-20,4091.8118,2,INR,KDQ,SKODA Kodiaq,SKODA,Full-size SUV (CKD),4200,0.35,RNE,Rane Group,domestic,0.19,6,BRK,Braking,Cast iron,C,4075,2.637,PO-KDQ-BRK-00329-202606-3
KDQ-ELC-00347,Electrical A35 - SKODA Kodiaq (Denso India),2023-07-06,5010.818,19,INR,KDQ,SKODA Kodiaq,SKODA,Full-size SUV (CKD),4200,0.35,DNS,Denso India,international,0.52,3,ELC,Electrical,Copper,A,3703,0.625,PO-KDQ-ELC-00347-202307-1
KDQ-ELC-00347,Electrical A35 - SKODA Kodiaq (Denso India),2023-07-13,5004.7065,31,INR,KDQ,SKODA Kodiaq,SKODA,Full-size SUV (CKD),4200,0.35,DNS,Denso India,international,0.52,3,ELC,Electrical,Copper,A,3703,0.625,PO-KDQ-ELC-00347-202307-2
KDQ-ELC-00347,Electrical A35 - SKODA Kodiaq (Denso India),2023-08-06,5046.1468,22,INR,KDQ,SKODA Kodiaq,SKODA,Full-size SUV (CKD),4200,0.35,DNS,Denso India,international,0.52,3,ELC,Electrical,Copper,A,3703,0.625,PO-KDQ-ELC-00347-202308-1
KDQ-ELC-00347,Electrical A35 - SKODA Kodiaq (Denso India),2023-08-13,5006.424,10,INR,KDQ,SKODA Kodiaq,SKODA,Full-size SUV (CKD),4200,0.35,DNS,Denso India,international,0.52,3,ELC,Electrical,Copper,A,3703,0.625,PO-KDQ-ELC-00347-202308-2
KDQ-ELC-00347,Electrical A35 - SKODA Kodiaq (Denso India),2023-08-20,5073.6243,18,INR,KDQ,SKODA Kodiaq,SKODA,Full-size SUV (CKD),4200,0.35,DNS,Denso India,international,0.52,3,ELC,Electrical,Copper,A,3703,0.625,PO-KDQ-ELC-00347-202308-3
KDQ-ELC-00347,Electrical A35 - SKODA Kodiaq (Denso India),2023-09-06,5429.9268,50,INR,KDQ,SKODA Kodiaq,SKODA,Full-size SUV (CKD),4200,0.35,DNS,Denso India,international,0.52,3,ELC,Electrical,Copper,A,3703,0.625,PO-KDQ-ELC-00347-202309-1
KDQ-ELC-00347,Electrical A35 - SKODA Kodiaq (Denso India),2023-10-06,5268.8363,50,INR,KDQ,SKODA Kodiaq,SKODA,Full-size SUV (CKD),4200,0.35,DNS,Denso India,international,0.52,3,ELC,Electrical,Copper,A,3703,0.625,PO-KDQ-ELC-00347-202310-1
KDQ-ELC-00347,Electrical A35 - SKODA Kodiaq (Denso India),2023-11-06,5620.023,1,INR,KDQ,SKODA Kodiaq,SKODA,Full-size SUV (CKD),4200,0.35,DNS,Denso India,international,0.52,3,ELC,Electrical,Copper,A,3703,0.625,PO-KDQ-ELC-00347-202311-1
KDQ-ELC-00347,Electrical A35 - SKODA Kodiaq (Denso India),2023-11-13,5606.2702,4,INR,KDQ,SKODA Kodiaq,SKODA,Full-size SUV (CKD),4200,0.35,DNS,Denso India,international,0.52,3,ELC,Electrical,Copper,A,3703,0.625,PO-KDQ-ELC-00347-202311-2
KDQ-ELC-00347,Electrical A35 - SKODA Kodiaq (Denso India),2023-11-20,5633.4243,45,INR,KDQ,SKODA Kodiaq,SKODA,Full-size SUV (CKD),4200,0.35,DNS,Denso India,international,0.52,3,ELC,Electrical,Copper,A,3703,0.625,PO-KDQ-ELC-00347-202311-3
KDQ-ELC-00347,Electrical A35 - SKODA Kodiaq (Denso India),2023-12-06,5864.875,50,INR,KDQ,SKODA Kodiaq,SKODA,Full-size SUV (CKD),4200,0.35,DNS,Denso India,international,0.52,3,ELC,Electrical,Copper,A,3703,0.625,PO-KDQ-ELC-00347-202312-1
KDQ-ELC-00347,Electrical A35 - SKODA Kodiaq (Denso India),2024-01-06,5881.6311,50,INR,KDQ,SKODA Kodiaq,SKODA,Full-size SUV (CKD),4200,0.35,DNS,Denso India,international,0.52,3,ELC,Electrical,Copper,A,3703,0.625,PO-KDQ-ELC-00347-202401-1
KDQ-ELC-00347,Electrical A35 - SKODA Kodiaq (Denso India),2024-02-06,5707.5663,50,INR,KDQ,SKODA Kodiaq,SKODA,Full-size SUV (CKD),4200,0.35,DNS,Denso India,international,0.52,3,ELC,Electrical,Copper,A,3703,0.625,PO-KDQ-ELC-00347-202402-1
KDQ-ELC-00347,Electrical A35 - SKODA Kodiaq (Denso India),2024-03-06,5722.9852,50,INR,KDQ,SKODA Kodiaq,SKODA,Full-size SUV (CKD),4200,0.35,DNS,Denso India,international,0.52,3,ELC,Electrical,Copper,A,3703,0.625,PO-KDQ-ELC-00347-202403-1
KDQ-ELC-00347,Electrical A35 - SKODA Kodiaq (Denso India),2024-04-06,5435.0421,50,INR,KDQ,SKODA Kodiaq,SKODA,Full-size SUV (CKD),4200,0.35,DNS,Denso India,international,0.52,3,ELC,Electrical,Copper,A,3703,0.625,PO-KDQ-ELC-00347-202404-1
KDQ-ELC-00347,Electrical A35 - SKODA Kodiaq (Denso India),2024-05-06,5257.1408,50,INR,KDQ,SKODA Kodiaq,SKODA,Full-size SUV (CKD),4200,0.35,DNS,Denso India,international,0.52,3,ELC,Electrical,Copper,A,3703,0.625,PO-KDQ-ELC-00347-202405-1
KDQ-ELC-00347,Electrical A35 - SKODA Kodiaq (Denso India),2024-06-06,5138.786,5,INR,KDQ,SKODA Kodiaq,SKODA,Full-size SUV (CKD),4200,0.35,DNS,Denso India,international,0.52,3,ELC,Electrical,Copper,A,3703,0.625,PO-KDQ-ELC-00347-202406-1
KDQ-ELC-00347,Electrical A35 - SKODA Kodiaq (Denso India),2024-06-13,5134.2765,8,INR,KDQ,SKODA Kodiaq,SKODA,Full-size SUV (CKD),4200,0.35,DNS,Denso India,international,0.52,3,ELC,Electrical,Copper,A,3703,0.625,PO-KDQ-ELC-00347-202406-2
KDQ-ELC-00347,Electrical A35 - SKODA Kodiaq (Denso India),2024-06-20,5152.3948,38,INR,KDQ,SKODA Kodiaq,SKODA,Full-size SUV (CKD),4200,0.35,DNS,Denso India,international,0.52,3,ELC,Electrical,Copper,A,3703,0.625,PO-KDQ-ELC-00347-202406-3
KDQ-ELC-00347,Electrical A35 - SKODA Kodiaq (Denso India),2024-07-06,5144.0288,7,INR,KDQ,SKODA Kodiaq,SKODA,Full-size SUV (CKD),4200,0.35,DNS,Denso India,international,0.52,3,ELC,Electrical,Copper,A,3703,0.625,PO-KDQ-ELC-00347-202407-1
KDQ-ELC-00347,Electrical A35 - SKODA Kodiaq (Denso India),2024-07-13,5118.8505,34,INR,KDQ,SKODA Kodiaq,SKODA,Full-size SUV (CKD),4200,0.35,DNS,Denso India,international,0.52,3,ELC,Electrical,Copper,A,3703,0.625,PO-KDQ-ELC-00347-202407-2
KDQ-ELC-00347,Electrical A35 - SKODA Kodiaq (Denso India),2024-07-20,5129.2698,9,INR,KDQ,SKODA Kodiaq,SKODA,Full-size SUV (CKD),4200,0.35,DNS,Denso India,international,0.52,3,ELC,Electrical,Copper,A,3703,0.625,PO-KDQ-ELC-00347-202407-3
KDQ-ELC-00347,Electrical A35 - SKODA Kodiaq (Denso India),2024-08-06,5088.623,15,INR,KDQ,SKODA Kodiaq,SKODA,Full-size SUV (CKD),4200,0.35,DNS,Denso India,international,0.52,3,ELC,Electrical,Copper,A,3703,0.625,PO-KDQ-ELC-00347-202408-1
KDQ-ELC-00347,Electrical A35 - SKODA Kodiaq (Denso India),2024-08-13,5120.411,35,INR,KDQ,SKODA Kodiaq,SKODA,Full-size SUV (CKD),4200,0.35,DNS,Denso India,international,0.52,3,ELC,Electrical,Copper,A,3703,0.625,PO-KDQ-ELC-00347-202408-2
KDQ-ELC-00347,Electrical A35 - SKODA Kodiaq (Denso India),2024-09-06,5430.0333,50,INR,KDQ,SKODA Kodiaq,SKODA,Full-size SUV (CKD),4200,0.35,DNS,Denso India,international,0.52,3,ELC,Electrical,Copper,A,3703,0.625,PO-KDQ-ELC-00347-202409-1
KDQ-ELC-00347,Electrical A35 - SKODA Kodiaq (Denso India),2024-10-06,5527.4536,25,INR,KDQ,SKODA Kodiaq,SKODA,Full-size SUV (CKD),4200,0.35,DNS,Denso India,international,0.52,3,ELC,Electrical,Copper,A,3703,0.625,PO-KDQ-ELC-00347-202410-1
KDQ-ELC-00347,Electrical A35 - SKODA Kodiaq (Denso India),2024-10-13,5585.032,25,INR,KDQ,SKODA Kodiaq,SKODA,Full-size SUV (CKD),4200,0.35,DNS,Denso India,international,0.52,3,ELC,Electrical,Copper,A,3703,0.625,PO-KDQ-ELC-00347-202410-2
KDQ-ELC-00347,Electrical A35 - SKODA Kodiaq (Denso India),2024-11-06,5678.6716,17,INR,KDQ,SKODA Kodiaq,SKODA,Full-size SUV (CKD),4200,0.35,DNS,Denso India,international,0.52,3,ELC,Electrical,Copper,A,3703,0.625,PO-KDQ-ELC-00347-202411-1
KDQ-ELC-00347,Electrical A35 - SKODA Kodiaq (Denso India),2024-11-13,5549.3943,10,INR,KDQ,SKODA Kodiaq,SKODA,Full-size SUV (CKD),4200,0.35,DNS,Denso India,international,0.52,3,ELC,Electrical,Copper,A,3703,0.625,PO-KDQ-ELC-00347-202411-2
KDQ-ELC-00347,Electrical A35 - SKODA Kodiaq (Denso India),2024-11-20,5654.1557,23,INR,KDQ,SKODA Kodiaq,SKODA,Full-size SUV (CKD),4200,0.35,DNS,Denso India,international,0.52,3,ELC,Electrical,Copper,A,3703,0.625,PO-KDQ-ELC-00347-202411-3
KDQ-ELC-00347,Electrical A35 - SKODA Kodiaq (Denso India),2024-12-06,5704.3838,28,INR,KDQ,SKODA Kodiaq,SKODA,Full-size SUV (CKD),4200,0.35,DNS,Denso India,international,0.52,3,ELC,Electrical,Copper,A,3703,0.625,PO-KDQ-ELC-00347-202412-1
KDQ-ELC-00347,Electrical A35 - SKODA Kodiaq (Denso India),2024-12-13,5633.3697,22,INR,KDQ,SKODA Kodiaq,SKODA,Full-size SUV (CKD),4200,0.35,DNS,Denso India,international,0.52,3,ELC,Electrical,Copper,A,3703,0.625,PO-KDQ-ELC-00347-202412-2
KDQ-ELC-00347,Electrical A35 - SKODA Kodiaq (Denso India),2025-01-06,5860.9997,50,INR,KDQ,SKODA Kodiaq,SKODA,Full-size SUV (CKD),4200,0.35,DNS,Denso India,international,0.52,3,ELC,Electrical,Copper,A,3703,0.625,PO-KDQ-ELC-00347-202501-1
KDQ-ELC-00347,Electrical A35 - SKODA Kodiaq (Denso India),2025-02-06,5771.9297,50,INR,KDQ,SKODA Kodiaq,SKODA,Full-size SUV (CKD),4200,0.35,DNS,Denso India,international,0.52,3,ELC,Electrical,Copper,A,3703,0.625,PO-KDQ-ELC-00347-202502-1
KDQ-ELC-00347,Electrical A35 - SKODA Kodiaq (Denso India),2025-03-06,5497.1763,7,INR,KDQ,SKODA Kodiaq,SKODA,Full-size SUV (CKD),4200,0.35,DNS,Denso India,international,0.52,3,ELC,Electrical,Copper,A,3703,0.625,PO-KDQ-ELC-00347-202503-1
KDQ-ELC-00347,Electrical A35 - SKODA Kodiaq (Denso India),2025-03-13,5507.7609,43,INR,KDQ,SKODA Kodiaq,SKODA,Full-size SUV (CKD),4200,0.35,DNS,Denso India,international,0.52,3,ELC,Electrical,Copper,A,3703,0.625,PO-KDQ-ELC-00347-202503-2
KDQ-ELC-00347,Electrical A35 - SKODA Kodiaq (Denso India),2025-04-06,5602.4105,50,INR,KDQ,SKODA Kodiaq,SKODA,Full-size SUV (CKD),4200,0.35,DNS,Denso India,international,0.52,3,ELC,Electrical,Copper,A,3703,0.625,PO-KDQ-ELC-00347-202504-1
KDQ-ELC-00347,Electrical A35 - SKODA Kodiaq (Denso India),2025-05-06,5457.169,50,INR,KDQ,SKODA Kodiaq,SKODA,Full-size SUV (CKD),4200,0.35,DNS,Denso India,international,0.52,3,ELC,Electrical,Copper,A,3703,0.625,PO-KDQ-ELC-00347-202505-1
KDQ-ELC-00347,Electrical A35 - SKODA Kodiaq (Denso India),2025-06-06,5506.7555,19,INR,KDQ,SKODA Kodiaq,SKODA,Full-size SUV (CKD),4200,0.35,DNS,Denso India,international,0.52,3,ELC,Electrical,Copper,A,3703,0.625,PO-KDQ-ELC-00347-202506-1
KDQ-ELC-00347,Electrical A35 - SKODA Kodiaq (Denso India),2025-06-13,5561.3678,20,INR,KDQ,SKODA Kodiaq,SKODA,Full-size SUV (CKD),4200,0.35,DNS,Denso India,international,0.52,3,ELC,Electrical,Copper,A,3703,0.625,PO-KDQ-ELC-00347-202506-2
KDQ-ELC-00347,Electrical A35 - SKODA Kodiaq (Denso India),2025-06-20,5583.3719,11,INR,KDQ,SKODA Kodiaq,SKODA,Full-size SUV (CKD),4200,0.35,DNS,Denso India,international,0.52,3,ELC,Electrical,Copper,A,3703,0.625,PO-KDQ-ELC-00347-202506-3
KDQ-ELC-00347,Electrical A35 - SKODA Kodiaq (Denso India),2025-07-06,5589.9269,24,INR,KDQ,SKODA Kodiaq,SKODA,Full-size SUV (CKD),4200,0.35,DNS,Denso India,international,0.52,3,ELC,Electrical,Copper,A,3703,0.625,PO-KDQ-ELC-00347-202507-1
KDQ-ELC-00347,Electrical A35 - SKODA Kodiaq (Denso India),2025-07-13,5595.8991,26,INR,KDQ,SKODA Kodiaq,SKODA,Full-size SUV (CKD),4200,0.35,DNS,Denso India,international,0.52,3,ELC,Electrical,Copper,A,3703,0.625,PO-KDQ-ELC-00347-202507-2
KDQ-ELC-00347,Electrical A35 - SKODA Kodiaq (Denso India),2025-08-06,5530.792,29,INR,KDQ,SKODA Kodiaq,SKODA,Full-size SUV (CKD),4200,0.35,DNS,Denso India,international,0.52,3,ELC,Electrical,Copper,A,3703,0.625,PO-KDQ-ELC-00347-202508-1
KDQ-ELC-00347,Electrical A35 - SKODA Kodiaq (Denso India),2025-08-13,5678.6135,2,INR,KDQ,SKODA Kodiaq,SKODA,Full-size SUV (CKD),4200,0.35,DNS,Denso India,international,0.52,3,ELC,Electrical,Copper,A,3703,0.625,PO-KDQ-ELC-00347-202508-2
KDQ-ELC-00347,Electrical A35 - SKODA Kodiaq (Denso India),2025-08-20,5563.1598,19,INR,KDQ,SKODA Kodiaq,SKODA,Full-size SUV (CKD),4200,0.35,DNS,Denso India,international,0.52,3,ELC,Electrical,Copper,A,3703,0.625,PO-KDQ-ELC-00347-202508-3
KDQ-ELC-00347,Electrical A35 - SKODA Kodiaq (Denso India),2025-09-06,5673.6941,33,INR,KDQ,SKODA Kodiaq,SKODA,Full-size SUV (CKD),4200,0.35,DNS,Denso India,international,0.52,3,ELC,Electrical,Copper,A,3703,0.625,PO-KDQ-ELC-00347-202509-1
KDQ-ELC-00347,Electrical A35 - SKODA Kodiaq (Denso India),2025-09-13,5690.5062,17,INR,KDQ,SKODA Kodiaq,SKODA,Full-size SUV (CKD),4200,0.35,DNS,Denso India,international,0.52,3,ELC,Electrical,Copper,A,3703,0.625,PO-KDQ-ELC-00347-202509-2
KDQ-ELC-00347,Electrical A35 - SKODA Kodiaq (Denso India),2025-10-06,5955.9681,50,INR,KDQ,SKODA Kodiaq,SKODA,Full-size SUV (CKD),4200,0.35,DNS,Denso India,international,0.52,3,ELC,Electrical,Copper,A,3703,0.625,PO-KDQ-ELC-00347-202510-1
KDQ-ELC-00347,Electrical A35 - SKODA Kodiaq (Denso India),2025-11-06,5928.3327,18,INR,KDQ,SKODA Kodiaq,SKODA,Full-size SUV (CKD),4200,0.35,DNS,Denso India,international,0.52,3,ELC,Electrical,Copper,A,3703,0.625,PO-KDQ-ELC-00347-202511-1
KDQ-ELC-00347,Electrical A35 - SKODA Kodiaq (Denso India),2025-11-13,5971.833,31,INR,KDQ,SKODA Kodiaq,SKODA,Full-size SUV (CKD),4200,0.35,DNS,Denso India,international,0.52,3,ELC,Electrical,Copper,A,3703,0.625,PO-KDQ-ELC-00347-202511-2
KDQ-ELC-00347,Electrical A35 - SKODA Kodiaq (Denso India),2025-11-20,5962.1789,1,INR,KDQ,SKODA Kodiaq,SKODA,Full-size SUV (CKD),4200,0.35,DNS,Denso India,international,0.52,3,ELC,Electrical,Copper,A,3703,0.625,PO-KDQ-ELC-00347-202511-3
KDQ-ELC-00347,Electrical A35 - SKODA Kodiaq (Denso India),2025-12-06,6353.0668,39,INR,KDQ,SKODA Kodiaq,SKODA,Full-size SUV (CKD),4200,0.35,DNS,Denso India,international,0.52,3,ELC,Electrical,Copper,A,3703,0.625,PO-KDQ-ELC-00347-202512-1
KDQ-ELC-00347,Electrical A35 - SKODA Kodiaq (Denso India),2025-12-13,6281.912,11,INR,KDQ,SKODA Kodiaq,SKODA,Full-size SUV (CKD),4200,0.35,DNS,Denso India,international,0.52,3,ELC,Electrical,Copper,A,3703,0.625,PO-KDQ-ELC-00347-202512-2
KDQ-ELC-00347,Electrical A35 - SKODA Kodiaq (Denso India),2026-01-06,6354.7094,25,INR,KDQ,SKODA Kodiaq,SKODA,Full-size SUV (CKD),4200,0.35,DNS,Denso India,international,0.52,3,ELC,Electrical,Copper,A,3703,0.625,PO-KDQ-ELC-00347-202601-1
KDQ-ELC-00347,Electrical A35 - SKODA Kodiaq (Denso India),2026-01-13,6384.348,25,INR,KDQ,SKODA Kodiaq,SKODA,Full-size SUV (CKD),4200,0.35,DNS,Denso India,international,0.52,3,ELC,Electrical,Copper,A,3703,0.625,PO-KDQ-ELC-00347-202601-2
KDQ-ELC-00347,Electrical A35 - SKODA Kodiaq (Denso India),2026-02-06,6168.9206,6,INR,KDQ,SKODA Kodiaq,SKODA,Full-size SUV (CKD),4200,0.35,DNS,Denso India,international,0.52,3,ELC,Electrical,Copper,A,3703,0.625,PO-KDQ-ELC-00347-202602-1
KDQ-ELC-00347,Electrical A35 - SKODA Kodiaq (Denso India),2026-02-13,6212.9347,41,INR,KDQ,SKODA Kodiaq,SKODA,Full-size SUV (CKD),4200,0.35,DNS,Denso India,international,0.52,3,ELC,Electrical,Copper,A,3703,0.625,PO-KDQ-ELC-00347-202602-2
KDQ-ELC-00347,Electrical A35 - SKODA Kodiaq (Denso India),2026-02-20,6148.9101,3,INR,KDQ,SKODA Kodiaq,SKODA,Full-size SUV (CKD),4200,0.35,DNS,Denso India,international,0.52,3,ELC,Electrical,Copper,A,3703,0.625,PO-KDQ-ELC-00347-202602-3
KDQ-ELC-00347,Electrical A35 - SKODA Kodiaq (Denso India),2026-03-06,6138.4956,50,INR,KDQ,SKODA Kodiaq,SKODA,Full-size SUV (CKD),4200,0.35,DNS,Denso India,international,0.52,3,ELC,Electrical,Copper,A,3703,0.625,PO-KDQ-ELC-00347-202603-1
KDQ-ELC-00347,Electrical A35 - SKODA Kodiaq (Denso India),2026-04-06,5889.5942,10,INR,KDQ,SKODA Kodiaq,SKODA,Full-size SUV (CKD),4200,0.35,DNS,Denso India,international,0.52,3,ELC,Electrical,Copper,A,3703,0.625,PO-KDQ-ELC-00347-202604-1
KDQ-ELC-00347,Electrical A35 - SKODA Kodiaq (Denso India),2026-04-13,5908.5289,40,INR,KDQ,SKODA Kodiaq,SKODA,Full-size SUV (CKD),4200,0.35,DNS,Denso India,international,0.52,3,ELC,Electrical,Copper,A,3703,0.625,PO-KDQ-ELC-00347-202604-2
KDQ-ELC-00347,Electrical A35 - SKODA Kodiaq (Denso India),2026-05-06,5707.8309,37,INR,KDQ,SKODA Kodiaq,SKODA,Full-size SUV (CKD),4200,0.35,DNS,Denso India,international,0.52,3,ELC,Electrical,Copper,A,3703,0.625,PO-KDQ-ELC-00347-202605-1
KDQ-ELC-00347,Electrical A35 - SKODA Kodiaq (Denso India),2026-05-13,5645.6703,13,INR,KDQ,SKODA Kodiaq,SKODA,Full-size SUV (CKD),4200,0.35,DNS,Denso India,international,0.52,3,ELC,Electrical,Copper,A,3703,0.625,PO-KDQ-ELC-00347-202605-2
KDQ-ELC-00347,Electrical A35 - SKODA Kodiaq (Denso India),2026-06-06,5624.1146,50,INR,KDQ,SKODA Kodiaq,SKODA,Full-size SUV (CKD),4200,0.35,DNS,Denso India,international,0.52,3,ELC,Electrical,Copper,A,3703,0.625,PO-KDQ-ELC-00347-202606-1
KDQ-FST-00365,Fasteners A16 - SKODA Kodiaq (Sandhar Technologies),2023-07-06,37.7305,50,INR,KDQ,SKODA Kodiaq,SKODA,Full-size SUV (CKD),4200,0.35,SND,Sandhar Technologies,domestic,0.22,6,FST,Fasteners,Steel,A,9382,1.547,PO-KDQ-FST-00365-202307-1
KDQ-FST-00365,Fasteners A16 - SKODA Kodiaq (Sandhar Technologies),2023-08-06,39.0247,50,INR,KDQ,SKODA Kodiaq,SKODA,Full-size SUV (CKD),4200,0.35,SND,Sandhar Technologies,domestic,0.22,6,FST,Fasteners,Steel,A,9382,1.547,PO-KDQ-FST-00365-202308-1
KDQ-FST-00365,Fasteners A16 - SKODA Kodiaq (Sandhar Technologies),2023-09-06,37.5728,41,INR,KDQ,SKODA Kodiaq,SKODA,Full-size SUV (CKD),4200,0.35,SND,Sandhar Technologies,domestic,0.22,6,FST,Fasteners,Steel,A,9382,1.547,PO-KDQ-FST-00365-202309-1
KDQ-FST-00365,Fasteners A16 - SKODA Kodiaq (Sandhar Technologies),2023-09-13,37.1594,9,INR,KDQ,SKODA Kodiaq,SKODA,Full-size SUV (CKD),4200,0.35,SND,Sandhar Technologies,domestic,0.22,6,FST,Fasteners,Steel,A,9382,1.547,PO-KDQ-FST-00365-202309-2
KDQ-FST-00365,Fasteners A16 - SKODA Kodiaq (Sandhar Technologies),2023-10-06,37.9914,50,INR,KDQ,SKODA Kodiaq,SKODA,Full-size SUV (CKD),4200,0.35,SND,Sandhar Technologies,domestic,0.22,6,FST,Fasteners,Steel,A,9382,1.547,PO-KDQ-FST-00365-202310-1
KDQ-FST-00365,Fasteners A16 - SKODA Kodiaq (Sandhar Technologies),2023-11-06,38.1964,50,INR,KDQ,SKODA Kodiaq,SKODA,Full-size SUV (CKD),4200,0.35,SND,Sandhar Technologies,domestic,0.22,6,FST,Fasteners,Steel,A,9382,1.547,PO-KDQ-FST-00365-202311-1
KDQ-FST-00365,Fasteners A16 - SKODA Kodiaq (Sandhar Technologies),2023-12-06,38.7765,50,INR,KDQ,SKODA Kodiaq,SKODA,Full-size SUV (CKD),4200,0.35,SND,Sandhar Technologies,domestic,0.22,6,FST,Fasteners,Steel,A,9382,1.547,PO-KDQ-FST-00365-202312-1
KDQ-FST-00365,Fasteners A16 - SKODA Kodiaq (Sandhar Technologies),2024-01-06,40.0756,50,INR,KDQ,SKODA Kodiaq,SKODA,Full-size SUV (CKD),4200,0.35,SND,Sandhar Technologies,domestic,0.22,6,FST,Fasteners,Steel,A,9382,1.547,PO-KDQ-FST-00365-202401-1
KDQ-FST-00365,Fasteners A16 - SKODA Kodiaq (Sandhar Technologies),2024-02-06,39.5279,50,INR,KDQ,SKODA Kodiaq,SKODA,Full-size SUV (CKD),4200,0.35,SND,Sandhar Technologies,domestic,0.22,6,FST,Fasteners,Steel,A,9382,1.547,PO-KDQ-FST-00365-202402-1
KDQ-FST-00365,Fasteners A16 - SKODA Kodiaq (Sandhar Technologies),2024-03-06,39.8263,36,INR,KDQ,SKODA Kodiaq,SKODA,Full-size SUV (CKD),4200,0.35,SND,Sandhar Technologies,domestic,0.22,6,FST,Fasteners,Steel,A,9382,1.547,PO-KDQ-FST-00365-202403-1
KDQ-FST-00365,Fasteners A16 - SKODA Kodiaq (Sandhar Technologies),2024-03-13,39.7129,14,INR,KDQ,SKODA Kodiaq,SKODA,Full-size SUV (CKD),4200,0.35,SND,Sandhar Technologies,domestic,0.22,6,FST,Fasteners,Steel,A,9382,1.547,PO-KDQ-FST-00365-202403-2
KDQ-FST-00365,Fasteners A16 - SKODA Kodiaq (Sandhar Technologies),2024-04-06,41.6489,19,INR,KDQ,SKODA Kodiaq,SKODA,Full-size SUV (CKD),4200,0.35,SND,Sandhar Technologies,domestic,0.22,6,FST,Fasteners,Steel,A,9382,1.547,PO-KDQ-FST-00365-202404-1
KDQ-FST-00365,Fasteners A16 - SKODA Kodiaq (Sandhar Technologies),2024-04-13,41.921,31,INR,KDQ,SKODA Kodiaq,SKODA,Full-size SUV (CKD),4200,0.35,SND,Sandhar Technologies,domestic,0.22,6,FST,Fasteners,Steel,A,9382,1.547,PO-KDQ-FST-00365-202404-2
KDQ-FST-00365,Fasteners A16 - SKODA Kodiaq (Sandhar Technologies),2024-05-06,40.5665,4,INR,KDQ,SKODA Kodiaq,SKODA,Full-size SUV (CKD),4200,0.35,SND,Sandhar Technologies,domestic,0.22,6,FST,Fasteners,Steel,A,9382,1.547,PO-KDQ-FST-00365-202405-1
KDQ-FST-00365,Fasteners A16 - SKODA Kodiaq (Sandhar Technologies),2024-05-13,40.7536,46,INR,KDQ,SKODA Kodiaq,SKODA,Full-size SUV (CKD),4200,0.35,SND,Sandhar Technologies,domestic,0.22,6,FST,Fasteners,Steel,A,9382,1.547,PO-KDQ-FST-00365-202405-2
KDQ-FST-00365,Fasteners A16 - SKODA Kodiaq (Sandhar Technologies),2024-06-06,40.1048,50,INR,KDQ,SKODA Kodiaq,SKODA,Full-size SUV (CKD),4200,0.35,SND,Sandhar Technologies,domestic,0.22,6,FST,Fasteners,Steel,A,9382,1.547,PO-KDQ-FST-00365-202406-1
KDQ-FST-00365,Fasteners A16 - SKODA Kodiaq (Sandhar Technologies),2024-07-06,39.402,50,INR,KDQ,SKODA Kodiaq,SKODA,Full-size SUV (CKD),4200,0.35,SND,Sandhar Technologies,domestic,0.22,6,FST,Fasteners,Steel,A,9382,1.547,PO-KDQ-FST-00365-202407-1
KDQ-FST-00365,Fasteners A16 - SKODA Kodiaq (Sandhar Technologies),2024-08-06,39.3558,50,INR,KDQ,SKODA Kodiaq,SKODA,Full-size SUV (CKD),4200,0.35,SND,Sandhar Technologies,domestic,0.22,6,FST,Fasteners,Steel,A,9382,1.547,PO-KDQ-FST-00365-202408-1
KDQ-FST-00365,Fasteners A16 - SKODA Kodiaq (Sandhar Technologies),2024-09-06,40.2871,50,INR,KDQ,SKODA Kodiaq,SKODA,Full-size SUV (CKD),4200,0.35,SND,Sandhar Technologies,domestic,0.22,6,FST,Fasteners,Steel,A,9382,1.547,PO-KDQ-FST-00365-202409-1
KDQ-FST-00365,Fasteners A16 - SKODA Kodiaq (Sandhar Technologies),2024-10-06,40.9507,50,INR,KDQ,SKODA Kodiaq,SKODA,Full-size SUV (CKD),4200,0.35,SND,Sandhar Technologies,domestic,0.22,6,FST,Fasteners,Steel,A,9382,1.547,PO-KDQ-FST-00365-202410-1
KDQ-FST-00365,Fasteners A16 - SKODA Kodiaq (Sandhar Technologies),2024-11-06,40.7184,15,INR,KDQ,SKODA Kodiaq,SKODA,Full-size SUV (CKD),4200,0.35,SND,Sandhar Technologies,domestic,0.22,6,FST,Fasteners,Steel,A,9382,1.547,PO-KDQ-FST-00365-202411-1
KDQ-FST-00365,Fasteners A16 - SKODA Kodiaq (Sandhar Technologies),2024-11-13,40.7696,35,INR,KDQ,SKODA Kodiaq,SKODA,Full-size SUV (CKD),4200,0.35,SND,Sandhar Technologies,domestic,0.22,6,FST,Fasteners,Steel,A,9382,1.547,PO-KDQ-FST-00365-202411-2
KDQ-FST-00365,Fasteners A16 - SKODA Kodiaq (Sandhar Technologies),2024-12-06,41.1508,22,INR,KDQ,SKODA Kodiaq,SKODA,Full-size SUV (CKD),4200,0.35,SND,Sandhar Technologies,domestic,0.22,6,FST,Fasteners,Steel,A,9382,1.547,PO-KDQ-FST-00365-202412-1
KDQ-FST-00365,Fasteners A16 - SKODA Kodiaq (Sandhar Technologies),2024-12-13,41.2998,25,INR,KDQ,SKODA Kodiaq,SKODA,Full-size SUV (CKD),4200,0.35,SND,Sandhar Technologies,domestic,0.22,6,FST,Fasteners,Steel,A,9382,1.547,PO-KDQ-FST-00365-202412-2
KDQ-FST-00365,Fasteners A16 - SKODA Kodiaq (Sandhar Technologies),2024-12-20,41.4385,3,INR,KDQ,SKODA Kodiaq,SKODA,Full-size SUV (CKD),4200,0.35,SND,Sandhar Technologies,domestic,0.22,6,FST,Fasteners,Steel,A,9382,1.547,PO-KDQ-FST-00365-202412-3
KDQ-FST-00365,Fasteners A16 - SKODA Kodiaq (Sandhar Technologies),2025-01-06,42.7555,3,INR,KDQ,SKODA Kodiaq,SKODA,Full-size SUV (CKD),4200,0.35,SND,Sandhar Technologies,domestic,0.22,6,FST,Fasteners,Steel,A,9382,1.547,PO-KDQ-FST-00365-202501-1
KDQ-FST-00365,Fasteners A16 - SKODA Kodiaq (Sandhar Technologies),2025-01-13,42.3847,33,INR,KDQ,SKODA Kodiaq,SKODA,Full-size SUV (CKD),4200,0.35,SND,Sandhar Technologies,domestic,0.22,6,FST,Fasteners,Steel,A,9382,1.547,PO-KDQ-FST-00365-202501-2
KDQ-FST-00365,Fasteners A16 - SKODA Kodiaq (Sandhar Technologies),2025-01-20,41.7642,14,INR,KDQ,SKODA Kodiaq,SKODA,Full-size SUV (CKD),4200,0.35,SND,Sandhar Technologies,domestic,0.22,6,FST,Fasteners,Steel,A,9382,1.547,PO-KDQ-FST-00365-202501-3
KDQ-FST-00365,Fasteners A16 - SKODA Kodiaq (Sandhar Technologies),2025-02-06,41.8567,40,INR,KDQ,SKODA Kodiaq,SKODA,Full-size SUV (CKD),4200,0.35,SND,Sandhar Technologies,domestic,0.22,6,FST,Fasteners,Steel,A,9382,1.547,PO-KDQ-FST-00365-202502-1
KDQ-FST-00365,Fasteners A16 - SKODA Kodiaq (Sandhar Technologies),2025-02-13,42.248,9,INR,KDQ,SKODA Kodiaq,SKODA,Full-size SUV (CKD),4200,0.35,SND,Sandhar Technologies,domestic,0.22,6,FST,Fasteners,Steel,A,9382,1.547,PO-KDQ-FST-00365-202502-2
KDQ-FST-00365,Fasteners A16 - SKODA Kodiaq (Sandhar Technologies),2025-02-20,42.0328,1,INR,KDQ,SKODA Kodiaq,SKODA,Full-size SUV (CKD),4200,0.35,SND,Sandhar Technologies,domestic,0.22,6,FST,Fasteners,Steel,A,9382,1.547,PO-KDQ-FST-00365-202502-3
KDQ-FST-00365,Fasteners A16 - SKODA Kodiaq (Sandhar Technologies),2025-03-06,42.624,35,INR,KDQ,SKODA Kodiaq,SKODA,Full-size SUV (CKD),4200,0.35,SND,Sandhar Technologies,domestic,0.22,6,FST,Fasteners,Steel,A,9382,1.547,PO-KDQ-FST-00365-202503-1
KDQ-FST-00365,Fasteners A16 - SKODA Kodiaq (Sandhar Technologies),2025-03-13,42.476,15,INR,KDQ,SKODA Kodiaq,SKODA,Full-size SUV (CKD),4200,0.35,SND,Sandhar Technologies,domestic,0.22,6,FST,Fasteners,Steel,A,9382,1.547,PO-KDQ-FST-00365-202503-2
KDQ-FST-00365,Fasteners A16 - SKODA Kodiaq (Sandhar Technologies),2025-04-06,42.5674,50,INR,KDQ,SKODA Kodiaq,SKODA,Full-size SUV (CKD),4200,0.35,SND,Sandhar Technologies,domestic,0.22,6,FST,Fasteners,Steel,A,9382,1.547,PO-KDQ-FST-00365-202504-1
KDQ-FST-00365,Fasteners A16 - SKODA Kodiaq (Sandhar Technologies),2025-05-06,41.9861,3,INR,KDQ,SKODA Kodiaq,SKODA,Full-size SUV (CKD),4200,0.35,SND,Sandhar Technologies,domestic,0.22,6,FST,Fasteners,Steel,A,9382,1.547,PO-KDQ-FST-00365-202505-1
KDQ-FST-00365,Fasteners A16 - SKODA Kodiaq (Sandhar Technologies),2025-05-13,41.3399,4,INR,KDQ,SKODA Kodiaq,SKODA,Full-size SUV (CKD),4200,0.35,SND,Sandhar Technologies,domestic,0.22,6,FST,Fasteners,Steel,A,9382,1.547,PO-KDQ-FST-00365-202505-2
KDQ-FST-00365,Fasteners A16 - SKODA Kodiaq (Sandhar Technologies),2025-05-20,42.1345,43,INR,KDQ,SKODA Kodiaq,SKODA,Full-size SUV (CKD),4200,0.35,SND,Sandhar Technologies,domestic,0.22,6,FST,Fasteners,Steel,A,9382,1.547,PO-KDQ-FST-00365-202505-3
KDQ-FST-00365,Fasteners A16 - SKODA Kodiaq (Sandhar Technologies),2025-06-06,44.2508,50,INR,KDQ,SKODA Kodiaq,SKODA,Full-size SUV (CKD),4200,0.35,SND,Sandhar Technologies,domestic,0.22,6,FST,Fasteners,Steel,A,9382,1.547,PO-KDQ-FST-00365-202506-1
KDQ-FST-00365,Fasteners A16 - SKODA Kodiaq (Sandhar Technologies),2025-07-06,43.4672,4,INR,KDQ,SKODA Kodiaq,SKODA,Full-size SUV (CKD),4200,0.35,SND,Sandhar Technologies,domestic,0.22,6,FST,Fasteners,Steel,A,9382,1.547,PO-KDQ-FST-00365-202507-1
KDQ-FST-00365,Fasteners A16 - SKODA Kodiaq (Sandhar Technologies),2025-07-13,43.2945,39,INR,KDQ,SKODA Kodiaq,SKODA,Full-size SUV (CKD),4200,0.35,SND,Sandhar Technologies,domestic,0.22,6,FST,Fasteners,Steel,A,9382,1.547,PO-KDQ-FST-00365-202507-2
KDQ-FST-00365,Fasteners A16 - SKODA Kodiaq (Sandhar Technologies),2025-07-20,42.9414,7,INR,KDQ,SKODA Kodiaq,SKODA,Full-size SUV (CKD),4200,0.35,SND,Sandhar Technologies,domestic,0.22,6,FST,Fasteners,Steel,A,9382,1.547,PO-KDQ-FST-00365-202507-3
KDQ-FST-00365,Fasteners A16 - SKODA Kodiaq (Sandhar Technologies),2025-08-06,42.6461,50,INR,KDQ,SKODA Kodiaq,SKODA,Full-size SUV (CKD),4200,0.35,SND,Sandhar Technologies,domestic,0.22,6,FST,Fasteners,Steel,A,9382,1.547,PO-KDQ-FST-00365-202508-1
KDQ-FST-00365,Fasteners A16 - SKODA Kodiaq (Sandhar Technologies),2025-09-06,41.0528,23,INR,KDQ,SKODA Kodiaq,SKODA,Full-size SUV (CKD),4200,0.35,SND,Sandhar Technologies,domestic,0.22,6,FST,Fasteners,Steel,A,9382,1.547,PO-KDQ-FST-00365-202509-1
KDQ-FST-00365,Fasteners A16 - SKODA Kodiaq (Sandhar Technologies),2025-09-13,42.0343,27,INR,KDQ,SKODA Kodiaq,SKODA,Full-size SUV (CKD),4200,0.35,SND,Sandhar Technologies,domestic,0.22,6,FST,Fasteners,Steel,A,9382,1.547,PO-KDQ-FST-00365-202509-2
KDQ-FST-00365,Fasteners A16 - SKODA Kodiaq (Sandhar Technologies),2025-10-06,40.421,44,INR,KDQ,SKODA Kodiaq,SKODA,Full-size SUV (CKD),4200,0.35,SND,Sandhar Technologies,domestic,0.22,6,FST,Fasteners,Steel,A,9382,1.547,PO-KDQ-FST-00365-202510-1
KDQ-FST-00365,Fasteners A16 - SKODA Kodiaq (Sandhar Technologies),2025-10-13,41.3203,6,INR,KDQ,SKODA Kodiaq,SKODA,Full-size SUV (CKD),4200,0.35,SND,Sandhar Technologies,domestic,0.22,6,FST,Fasteners,Steel,A,9382,1.547,PO-KDQ-FST-00365-202510-2
KDQ-FST-00365,Fasteners A16 - SKODA Kodiaq (Sandhar Technologies),2025-11-06,42.4835,29,INR,KDQ,SKODA Kodiaq,SKODA,Full-size SUV (CKD),4200,0.35,SND,Sandhar Technologies,domestic,0.22,6,FST,Fasteners,Steel,A,9382,1.547,PO-KDQ-FST-00365-202511-1
KDQ-FST-00365,Fasteners A16 - SKODA Kodiaq (Sandhar Technologies),2025-11-13,42.4284,14,INR,KDQ,SKODA Kodiaq,SKODA,Full-size SUV (CKD),4200,0.35,SND,Sandhar Technologies,domestic,0.22,6,FST,Fasteners,Steel,A,9382,1.547,PO-KDQ-FST-00365-202511-2
KDQ-FST-00365,Fasteners A16 - SKODA Kodiaq (Sandhar Technologies),2025-11-20,42.6929,7,INR,KDQ,SKODA Kodiaq,SKODA,Full-size SUV (CKD),4200,0.35,SND,Sandhar Technologies,domestic,0.22,6,FST,Fasteners,Steel,A,9382,1.547,PO-KDQ-FST-00365-202511-3
KDQ-FST-00365,Fasteners A16 - SKODA Kodiaq (Sandhar Technologies),2025-12-06,44.7394,50,INR,KDQ,SKODA Kodiaq,SKODA,Full-size SUV (CKD),4200,0.35,SND,Sandhar Technologies,domestic,0.22,6,FST,Fasteners,Steel,A,9382,1.547,PO-KDQ-FST-00365-202512-1
KDQ-FST-00365,Fasteners A16 - SKODA Kodiaq (Sandhar Technologies),2026-01-06,44.1365,3,INR,KDQ,SKODA Kodiaq,SKODA,Full-size SUV (CKD),4200,0.35,SND,Sandhar Technologies,domestic,0.22,6,FST,Fasteners,Steel,A,9382,1.547,PO-KDQ-FST-00365-202601-1
KDQ-FST-00365,Fasteners A16 - SKODA Kodiaq (Sandhar Technologies),2026-01-13,42.8305,21,INR,KDQ,SKODA Kodiaq,SKODA,Full-size SUV (CKD),4200,0.35,SND,Sandhar Technologies,domestic,0.22,6,FST,Fasteners,Steel,A,9382,1.547,PO-KDQ-FST-00365-202601-2
KDQ-FST-00365,Fasteners A16 - SKODA Kodiaq (Sandhar Technologies),2026-01-20,43.6336,26,INR,KDQ,SKODA Kodiaq,SKODA,Full-size SUV (CKD),4200,0.35,SND,Sandhar Technologies,domestic,0.22,6,FST,Fasteners,Steel,A,9382,1.547,PO-KDQ-FST-00365-202601-3
KDQ-FST-00365,Fasteners A16 - SKODA Kodiaq (Sandhar Technologies),2026-02-06,44.4927,50,INR,KDQ,SKODA Kodiaq,SKODA,Full-size SUV (CKD),4200,0.35,SND,Sandhar Technologies,domestic,0.22,6,FST,Fasteners,Steel,A,9382,1.547,PO-KDQ-FST-00365-202602-1
KDQ-FST-00365,Fasteners A16 - SKODA Kodiaq (Sandhar Technologies),2026-03-06,45.3016,33,INR,KDQ,SKODA Kodiaq,SKODA,Full-size SUV (CKD),4200,0.35,SND,Sandhar Technologies,domestic,0.22,6,FST,Fasteners,Steel,A,9382,1.547,PO-KDQ-FST-00365-202603-1
KDQ-FST-00365,Fasteners A16 - SKODA Kodiaq (Sandhar Technologies),2026-03-13,45.1606,17,INR,KDQ,SKODA Kodiaq,SKODA,Full-size SUV (CKD),4200,0.35,SND,Sandhar Technologies,domestic,0.22,6,FST,Fasteners,Steel,A,9382,1.547,PO-KDQ-FST-00365-202603-2
KDQ-FST-00365,Fasteners A16 - SKODA Kodiaq (Sandhar Technologies),2026-04-06,45.9938,39,INR,KDQ,SKODA Kodiaq,SKODA,Full-size SUV (CKD),4200,0.35,SND,Sandhar Technologies,domestic,0.22,6,FST,Fasteners,Steel,A,9382,1.547,PO-KDQ-FST-00365-202604-1
KDQ-FST-00365,Fasteners A16 - SKODA Kodiaq (Sandhar Technologies),2026-04-13,45.983,6,INR,KDQ,SKODA Kodiaq,SKODA,Full-size SUV (CKD),4200,0.35,SND,Sandhar Technologies,domestic,0.22,6,FST,Fasteners,Steel,A,9382,1.547,PO-KDQ-FST-00365-202604-2
KDQ-FST-00365,Fasteners A16 - SKODA Kodiaq (Sandhar Technologies),2026-04-20,45.9411,5,INR,KDQ,SKODA Kodiaq,SKODA,Full-size SUV (CKD),4200,0.35,SND,Sandhar Technologies,domestic,0.22,6,FST,Fasteners,Steel,A,9382,1.547,PO-KDQ-FST-00365-202604-3
KDQ-FST-00365,Fasteners A16 - SKODA Kodiaq (Sandhar Technologies),2026-05-06,46.5789,2,INR,KDQ,SKODA Kodiaq,SKODA,Full-size SUV (CKD),4200,0.35,SND,Sandhar Technologies,domestic,0.22,6,FST,Fasteners,Steel,A,9382,1.547,PO-KDQ-FST-00365-202605-1
KDQ-FST-00365,Fasteners A16 - SKODA Kodiaq (Sandhar Technologies),2026-05-13,46.5365,14,INR,KDQ,SKODA Kodiaq,SKODA,Full-size SUV (CKD),4200,0.35,SND,Sandhar Technologies,domestic,0.22,6,FST,Fasteners,Steel,A,9382,1.547,PO-KDQ-FST-00365-202605-2
KDQ-FST-00365,Fasteners A16 - SKODA Kodiaq (Sandhar Technologies),2026-05-20,46.9505,34,INR,KDQ,SKODA Kodiaq,SKODA,Full-size SUV (CKD),4200,0.35,SND,Sandhar Technologies,domestic,0.22,6,FST,Fasteners,Steel,A,9382,1.547,PO-KDQ-FST-00365-202605-3
KDQ-FST-00365,Fasteners A16 - SKODA Kodiaq (Sandhar Technologies),2026-06-06,47.0387,21,INR,KDQ,SKODA Kodiaq,SKODA,Full-size SUV (CKD),4200,0.35,SND,Sandhar Technologies,domestic,0.22,6,FST,Fasteners,Steel,A,9382,1.547,PO-KDQ-FST-00365-202606-1
KDQ-FST-00365,Fasteners A16 - SKODA Kodiaq (Sandhar Technologies),2026-06-13,46.6842,23,INR,KDQ,SKODA Kodiaq,SKODA,Full-size SUV (CKD),4200,0.35,SND,Sandhar Technologies,domestic,0.22,6,FST,Fasteners,Steel,A,9382,1.547,PO-KDQ-FST-00365-202606-2
KDQ-FST-00365,Fasteners A16 - SKODA Kodiaq (Sandhar Technologies),2026-06-20,46.923,6,INR,KDQ,SKODA Kodiaq,SKODA,Full-size SUV (CKD),4200,0.35,SND,Sandhar Technologies,domestic,0.22,6,FST,Fasteners,Steel,A,9382,1.547,PO-KDQ-FST-00365-202606-3
KDQ-BDY-00371,Body Stampings B17 - SKODA Kodiaq (Sandhar Technologies),2023-07-06,746.8413,50,INR,KDQ,SKODA Kodiaq,SKODA,Full-size SUV (CKD),4200,0.35,SND,Sandhar Technologies,domestic,0.22,6,BDY,Body Stampings,Steel,B,5036,3.02,PO-KDQ-BDY-00371-202307-1
KDQ-BDY-00371,Body Stampings B17 - SKODA Kodiaq (Sandhar Technologies),2023-08-06,723.2562,4,INR,KDQ,SKODA Kodiaq,SKODA,Full-size SUV (CKD),4200,0.35,SND,Sandhar Technologies,domestic,0.22,6,BDY,Body Stampings,Steel,B,5036,3.02,PO-KDQ-BDY-00371-202308-1
KDQ-BDY-00371,Body Stampings B17 - SKODA Kodiaq (Sandhar Technologies),2023-08-13,735.4301,46,INR,KDQ,SKODA Kodiaq,SKODA,Full-size SUV (CKD),4200,0.35,SND,Sandhar Technologies,domestic,0.22,6,BDY,Body Stampings,Steel,B,5036,3.02,PO-KDQ-BDY-00371-202308-2
KDQ-BDY-00371,Body Stampings B17 - SKODA Kodiaq (Sandhar Technologies),2023-09-06,720.697,24,INR,KDQ,SKODA Kodiaq,SKODA,Full-size SUV (CKD),4200,0.35,SND,Sandhar Technologies,domestic,0.22,6,BDY,Body Stampings,Steel,B,5036,3.02,PO-KDQ-BDY-00371-202309-1
KDQ-BDY-00371,Body Stampings B17 - SKODA Kodiaq (Sandhar Technologies),2023-09-13,719.8781,26,INR,KDQ,SKODA Kodiaq,SKODA,Full-size SUV (CKD),4200,0.35,SND,Sandhar Technologies,domestic,0.22,6,BDY,Body Stampings,Steel,B,5036,3.02,PO-KDQ-BDY-00371-202309-2
KDQ-BDY-00371,Body Stampings B17 - SKODA Kodiaq (Sandhar Technologies),2023-10-06,730.4319,28,INR,KDQ,SKODA Kodiaq,SKODA,Full-size SUV (CKD),4200,0.35,SND,Sandhar Technologies,domestic,0.22,6,BDY,Body Stampings,Steel,B,5036,3.02,PO-KDQ-BDY-00371-202310-1
KDQ-BDY-00371,Body Stampings B17 - SKODA Kodiaq (Sandhar Technologies),2023-10-13,727.4142,22,INR,KDQ,SKODA Kodiaq,SKODA,Full-size SUV (CKD),4200,0.35,SND,Sandhar Technologies,domestic,0.22,6,BDY,Body Stampings,Steel,B,5036,3.02,PO-KDQ-BDY-00371-202310-2
KDQ-BDY-00371,Body Stampings B17 - SKODA Kodiaq (Sandhar Technologies),2023-10-20,729.8972,1,INR,KDQ,SKODA Kodiaq,SKODA,Full-size SUV (CKD),4200,0.35,SND,Sandhar Technologies,domestic,0.22,6,BDY,Body Stampings,Steel,B,5036,3.02,PO-KDQ-BDY-00371-202310-3
KDQ-BDY-00371,Body Stampings B17 - SKODA Kodiaq (Sandhar Technologies),2023-11-06,731.0893,8,INR,KDQ,SKODA Kodiaq,SKODA,Full-size SUV (CKD),4200,0.35,SND,Sandhar Technologies,domestic,0.22,6,BDY,Body Stampings,Steel,B,5036,3.02,PO-KDQ-BDY-00371-202311-1
KDQ-BDY-00371,Body Stampings B17 - SKODA Kodiaq (Sandhar Technologies),2023-11-13,727.3181,5,INR,KDQ,SKODA Kodiaq,SKODA,Full-size SUV (CKD),4200,0.35,SND,Sandhar Technologies,domestic,0.22,6,BDY,Body Stampings,Steel,B,5036,3.02,PO-KDQ-BDY-00371-202311-2
KDQ-BDY-00371,Body Stampings B17 - SKODA Kodiaq (Sandhar Technologies),2023-11-20,730.9387,37,INR,KDQ,SKODA Kodiaq,SKODA,Full-size SUV (CKD),4200,0.35,SND,Sandhar Technologies,domestic,0.22,6,BDY,Body Stampings,Steel,B,5036,3.02,PO-KDQ-BDY-00371-202311-3
KDQ-BDY-00371,Body Stampings B17 - SKODA Kodiaq (Sandhar Technologies),2023-12-06,732.1622,22,INR,KDQ,SKODA Kodiaq,SKODA,Full-size SUV (CKD),4200,0.35,SND,Sandhar Technologies,domestic,0.22,6,BDY,Body Stampings,Steel,B,5036,3.02,PO-KDQ-BDY-00371-202312-1
KDQ-BDY-00371,Body Stampings B17 - SKODA Kodiaq (Sandhar Technologies),2023-12-13,737.9973,28,INR,KDQ,SKODA Kodiaq,SKODA,Full-size SUV (CKD),4200,0.35,SND,Sandhar Technologies,domestic,0.22,6,BDY,Body Stampings,Steel,B,5036,3.02,PO-KDQ-BDY-00371-202312-2
KDQ-BDY-00371,Body Stampings B17 - SKODA Kodiaq (Sandhar Technologies),2024-01-06,732.9805,50,INR,KDQ,SKODA Kodiaq,SKODA,Full-size SUV (CKD),4200,0.35,SND,Sandhar Technologies,domestic,0.22,6,BDY,Body Stampings,Steel,B,5036,3.02,PO-KDQ-BDY-00371-202401-1
KDQ-BDY-00371,Body Stampings B17 - SKODA Kodiaq (Sandhar Technologies),2024-02-06,726.7434,50,INR,KDQ,SKODA Kodiaq,SKODA,Full-size SUV (CKD),4200,0.35,SND,Sandhar Technologies,domestic,0.22,6,BDY,Body Stampings,Steel,B,5036,3.02,PO-KDQ-BDY-00371-202402-1
KDQ-BDY-00371,Body Stampings B17 - SKODA Kodiaq (Sandhar Technologies),2024-03-06,728.3288,27,INR,KDQ,SKODA Kodiaq,SKODA,Full-size SUV (CKD),4200,0.35,SND,Sandhar Technologies,domestic,0.22,6,BDY,Body Stampings,Steel,B,5036,3.02,PO-KDQ-BDY-00371-202403-1
KDQ-BDY-00371,Body Stampings B17 - SKODA Kodiaq (Sandhar Technologies),2024-03-13,723.1682,23,INR,KDQ,SKODA Kodiaq,SKODA,Full-size SUV (CKD),4200,0.35,SND,Sandhar Technologies,domestic,0.22,6,BDY,Body Stampings,Steel,B,5036,3.02,PO-KDQ-BDY-00371-202403-2
KDQ-BDY-00371,Body Stampings B17 - SKODA Kodiaq (Sandhar Technologies),2024-04-06,747.9931,50,INR,KDQ,SKODA Kodiaq,SKODA,Full-size SUV (CKD),4200,0.35,SND,Sandhar Technologies,domestic,0.22,6,BDY,Body Stampings,Steel,B,5036,3.02,PO-KDQ-BDY-00371-202404-1
KDQ-BDY-00371,Body Stampings B17 - SKODA Kodiaq (Sandhar Technologies),2024-05-06,768.5868,5,INR,KDQ,SKODA Kodiaq,SKODA,Full-size SUV (CKD),4200,0.35,SND,Sandhar Technologies,domestic,0.22,6,BDY,Body Stampings,Steel,B,5036,3.02,PO-KDQ-BDY-00371-202405-1
KDQ-BDY-00371,Body Stampings B17 - SKODA Kodiaq (Sandhar Technologies),2024-05-13,765.7368,10,INR,KDQ,SKODA Kodiaq,SKODA,Full-size SUV (CKD),4200,0.35,SND,Sandhar Technologies,domestic,0.22,6,BDY,Body Stampings,Steel,B,5036,3.02,PO-KDQ-BDY-00371-202405-2
KDQ-BDY-00371,Body Stampings B17 - SKODA Kodiaq (Sandhar Technologies),2024-05-20,753.8583,35,INR,KDQ,SKODA Kodiaq,SKODA,Full-size SUV (CKD),4200,0.35,SND,Sandhar Technologies,domestic,0.22,6,BDY,Body Stampings,Steel,B,5036,3.02,PO-KDQ-BDY-00371-202405-3
KDQ-BDY-00371,Body Stampings B17 - SKODA Kodiaq (Sandhar Technologies),2024-06-06,765.4284,30,INR,KDQ,SKODA Kodiaq,SKODA,Full-size SUV (CKD),4200,0.35,SND,Sandhar Technologies,domestic,0.22,6,BDY,Body Stampings,Steel,B,5036,3.02,PO-KDQ-BDY-00371-202406-1
KDQ-BDY-00371,Body Stampings B17 - SKODA Kodiaq (Sandhar Technologies),2024-06-13,763.7746,20,INR,KDQ,SKODA Kodiaq,SKODA,Full-size SUV (CKD),4200,0.35,SND,Sandhar Technologies,domestic,0.22,6,BDY,Body Stampings,Steel,B,5036,3.02,PO-KDQ-BDY-00371-202406-2
KDQ-BDY-00371,Body Stampings B17 - SKODA Kodiaq (Sandhar Technologies),2024-07-06,749.9799,4,INR,KDQ,SKODA Kodiaq,SKODA,Full-size SUV (CKD),4200,0.35,SND,Sandhar Technologies,domestic,0.22,6,BDY,Body Stampings,Steel,B,5036,3.02,PO-KDQ-BDY-00371-202407-1
KDQ-BDY-00371,Body Stampings B17 - SKODA Kodiaq (Sandhar Technologies),2024-07-13,749.2761,1,INR,KDQ,SKODA Kodiaq,SKODA,Full-size SUV (CKD),4200,0.35,SND,Sandhar Technologies,domestic,0.22,6,BDY,Body Stampings,Steel,B,5036,3.02,PO-KDQ-BDY-00371-202407-2
KDQ-BDY-00371,Body Stampings B17 - SKODA Kodiaq (Sandhar Technologies),2024-07-20,752.0582,46,INR,KDQ,SKODA Kodiaq,SKODA,Full-size SUV (CKD),4200,0.35,SND,Sandhar Technologies,domestic,0.22,6,BDY,Body Stampings,Steel,B,5036,3.02,PO-KDQ-BDY-00371-202407-3
KDQ-BDY-00371,Body Stampings B17 - SKODA Kodiaq (Sandhar Technologies),2024-08-06,738.7018,50,INR,KDQ,SKODA Kodiaq,SKODA,Full-size SUV (CKD),4200,0.35,SND,Sandhar Technologies,domestic,0.22,6,BDY,Body Stampings,Steel,B,5036,3.02,PO-KDQ-BDY-00371-202408-1
KDQ-BDY-00371,Body Stampings B17 - SKODA Kodiaq (Sandhar Technologies),2024-09-06,734.9797,49,INR,KDQ,SKODA Kodiaq,SKODA,Full-size SUV (CKD),4200,0.35,SND,Sandhar Technologies,domestic,0.22,6,BDY,Body Stampings,Steel,B,5036,3.02,PO-KDQ-BDY-00371-202409-1
KDQ-BDY-00371,Body Stampings B17 - SKODA Kodiaq (Sandhar Technologies),2024-09-13,738.8306,1,INR,KDQ,SKODA Kodiaq,SKODA,Full-size SUV (CKD),4200,0.35,SND,Sandhar Technologies,domestic,0.22,6,BDY,Body Stampings,Steel,B,5036,3.02,PO-KDQ-BDY-00371-202409-2
KDQ-BDY-00371,Body Stampings B17 - SKODA Kodiaq (Sandhar Technologies),2024-10-06,712.9857,50,INR,KDQ,SKODA Kodiaq,SKODA,Full-size SUV (CKD),4200,0.35,SND,Sandhar Technologies,domestic,0.22,6,BDY,Body Stampings,Steel,B,5036,3.02,PO-KDQ-BDY-00371-202410-1
KDQ-BDY-00371,Body Stampings B17 - SKODA Kodiaq (Sandhar Technologies),2024-11-06,707.3737,50,INR,KDQ,SKODA Kodiaq,SKODA,Full-size SUV (CKD),4200,0.35,SND,Sandhar Technologies,domestic,0.22,6,BDY,Body Stampings,Steel,B,5036,3.02,PO-KDQ-BDY-00371-202411-1
KDQ-BDY-00371,Body Stampings B17 - SKODA Kodiaq (Sandhar Technologies),2024-12-06,720.1472,18,INR,KDQ,SKODA Kodiaq,SKODA,Full-size SUV (CKD),4200,0.35,SND,Sandhar Technologies,domestic,0.22,6,BDY,Body Stampings,Steel,B,5036,3.02,PO-KDQ-BDY-00371-202412-1
KDQ-BDY-00371,Body Stampings B17 - SKODA Kodiaq (Sandhar Technologies),2024-12-13,713.3027,18,INR,KDQ,SKODA Kodiaq,SKODA,Full-size SUV (CKD),4200,0.35,SND,Sandhar Technologies,domestic,0.22,6,BDY,Body Stampings,Steel,B,5036,3.02,PO-KDQ-BDY-00371-202412-2
KDQ-BDY-00371,Body Stampings B17 - SKODA Kodiaq (Sandhar Technologies),2024-12-20,715.4498,14,INR,KDQ,SKODA Kodiaq,SKODA,Full-size SUV (CKD),4200,0.35,SND,Sandhar Technologies,domestic,0.22,6,BDY,Body Stampings,Steel,B,5036,3.02,PO-KDQ-BDY-00371-202412-3
KDQ-BDY-00371,Body Stampings B17 - SKODA Kodiaq (Sandhar Technologies),2025-01-06,711.3274,6,INR,KDQ,SKODA Kodiaq,SKODA,Full-size SUV (CKD),4200,0.35,SND,Sandhar Technologies,domestic,0.22,6,BDY,Body Stampings,Steel,B,5036,3.02,PO-KDQ-BDY-00371-202501-1
KDQ-BDY-00371,Body Stampings B17 - SKODA Kodiaq (Sandhar Technologies),2025-01-13,715.5503,8,INR,KDQ,SKODA Kodiaq,SKODA,Full-size SUV (CKD),4200,0.35,SND,Sandhar Technologies,domestic,0.22,6,BDY,Body Stampings,Steel,B,5036,3.02,PO-KDQ-BDY-00371-202501-2
KDQ-BDY-00371,Body Stampings B17 - SKODA Kodiaq (Sandhar Technologies),2025-01-20,713.717,36,INR,KDQ,SKODA Kodiaq,SKODA,Full-size SUV (CKD),4200,0.35,SND,Sandhar Technologies,domestic,0.22,6,BDY,Body Stampings,Steel,B,5036,3.02,PO-KDQ-BDY-00371-202501-3
KDQ-BDY-00371,Body Stampings B17 - SKODA Kodiaq (Sandhar Technologies),2025-02-06,727.5658,50,INR,KDQ,SKODA Kodiaq,SKODA,Full-size SUV (CKD),4200,0.35,SND,Sandhar Technologies,domestic,0.22,6,BDY,Body Stampings,Steel,B,5036,3.02,PO-KDQ-BDY-00371-202502-1
KDQ-BDY-00371,Body Stampings B17 - SKODA Kodiaq (Sandhar Technologies),2025-03-06,737.7738,6,INR,KDQ,SKODA Kodiaq,SKODA,Full-size SUV (CKD),4200,0.35,SND,Sandhar Technologies,domestic,0.22,6,BDY,Body Stampings,Steel,B,5036,3.02,PO-KDQ-BDY-00371-202503-1
KDQ-BDY-00371,Body Stampings B17 - SKODA Kodiaq (Sandhar Technologies),2025-03-13,738.805,21,INR,KDQ,SKODA Kodiaq,SKODA,Full-size SUV (CKD),4200,0.35,SND,Sandhar Technologies,domestic,0.22,6,BDY,Body Stampings,Steel,B,5036,3.02,PO-KDQ-BDY-00371-202503-2
KDQ-BDY-00371,Body Stampings B17 - SKODA Kodiaq (Sandhar Technologies),2025-03-20,728.0891,23,INR,KDQ,SKODA Kodiaq,SKODA,Full-size SUV (CKD),4200,0.35,SND,Sandhar Technologies,domestic,0.22,6,BDY,Body Stampings,Steel,B,5036,3.02,PO-KDQ-BDY-00371-202503-3
KDQ-BDY-00371,Body Stampings B17 - SKODA Kodiaq (Sandhar Technologies),2025-04-06,732.2511,50,INR,KDQ,SKODA Kodiaq,SKODA,Full-size SUV (CKD),4200,0.35,SND,Sandhar Technologies,domestic,0.22,6,BDY,Body Stampings,Steel,B,5036,3.02,PO-KDQ-BDY-00371-202504-1
KDQ-BDY-00371,Body Stampings B17 - SKODA Kodiaq (Sandhar Technologies),2025-05-06,732.5574,31,INR,KDQ,SKODA Kodiaq,SKODA,Full-size SUV (CKD),4200,0.35,SND,Sandhar Technologies,domestic,0.22,6,BDY,Body Stampings,Steel,B,5036,3.02,PO-KDQ-BDY-00371-202505-1
KDQ-BDY-00371,Body Stampings B17 - SKODA Kodiaq (Sandhar Technologies),2025-05-13,732.1144,19,INR,KDQ,SKODA Kodiaq,SKODA,Full-size SUV (CKD),4200,0.35,SND,Sandhar Technologies,domestic,0.22,6,BDY,Body Stampings,Steel,B,5036,3.02,PO-KDQ-BDY-00371-202505-2
KDQ-BDY-00371,Body Stampings B17 - SKODA Kodiaq (Sandhar Technologies),2025-06-06,779.1042,50,INR,KDQ,SKODA Kodiaq,SKODA,Full-size SUV (CKD),4200,0.35,SND,Sandhar Technologies,domestic,0.22,6,BDY,Body Stampings,Steel,B,5036,3.02,PO-KDQ-BDY-00371-202506-1
KDQ-BDY-00371,Body Stampings B17 - SKODA Kodiaq (Sandhar Technologies),2025-07-06,743.8187,28,INR,KDQ,SKODA Kodiaq,SKODA,Full-size SUV (CKD),4200,0.35,SND,Sandhar Technologies,domestic,0.22,6,BDY,Body Stampings,Steel,B,5036,3.02,PO-KDQ-BDY-00371-202507-1
KDQ-BDY-00371,Body Stampings B17 - SKODA Kodiaq (Sandhar Technologies),2025-07-13,736.3154,1,INR,KDQ,SKODA Kodiaq,SKODA,Full-size SUV (CKD),4200,0.35,SND,Sandhar Technologies,domestic,0.22,6,BDY,Body Stampings,Steel,B,5036,3.02,PO-KDQ-BDY-00371-202507-2
KDQ-BDY-00371,Body Stampings B17 - SKODA Kodiaq (Sandhar Technologies),2025-07-20,737.0233,22,INR,KDQ,SKODA Kodiaq,SKODA,Full-size SUV (CKD),4200,0.35,SND,Sandhar Technologies,domestic,0.22,6,BDY,Body Stampings,Steel,B,5036,3.02,PO-KDQ-BDY-00371-202507-3
KDQ-BDY-00371,Body Stampings B17 - SKODA Kodiaq (Sandhar Technologies),2025-08-06,738.7687,38,INR,KDQ,SKODA Kodiaq,SKODA,Full-size SUV (CKD),4200,0.35,SND,Sandhar Technologies,domestic,0.22,6,BDY,Body Stampings,Steel,B,5036,3.02,PO-KDQ-BDY-00371-202508-1
KDQ-BDY-00371,Body Stampings B17 - SKODA Kodiaq (Sandhar Technologies),2025-08-13,740.2226,12,INR,KDQ,SKODA Kodiaq,SKODA,Full-size SUV (CKD),4200,0.35,SND,Sandhar Technologies,domestic,0.22,6,BDY,Body Stampings,Steel,B,5036,3.02,PO-KDQ-BDY-00371-202508-2
KDQ-BDY-00371,Body Stampings B17 - SKODA Kodiaq (Sandhar Technologies),2025-09-06,725.7378,6,INR,KDQ,SKODA Kodiaq,SKODA,Full-size SUV (CKD),4200,0.35,SND,Sandhar Technologies,domestic,0.22,6,BDY,Body Stampings,Steel,B,5036,3.02,PO-KDQ-BDY-00371-202509-1
KDQ-BDY-00371,Body Stampings B17 - SKODA Kodiaq (Sandhar Technologies),2025-09-13,722.784,37,INR,KDQ,SKODA Kodiaq,SKODA,Full-size SUV (CKD),4200,0.35,SND,Sandhar Technologies,domestic,0.22,6,BDY,Body Stampings,Steel,B,5036,3.02,PO-KDQ-BDY-00371-202509-2
KDQ-BDY-00371,Body Stampings B17 - SKODA Kodiaq (Sandhar Technologies),2025-09-20,730.7031,6,INR,KDQ,SKODA Kodiaq,SKODA,Full-size SUV (CKD),4200,0.35,SND,Sandhar Technologies,domestic,0.22,6,BDY,Body Stampings,Steel,B,5036,3.02,PO-KDQ-BDY-00371-202509-3
KDQ-BDY-00371,Body Stampings B17 - SKODA Kodiaq (Sandhar Technologies),2025-10-06,710.0953,50,INR,KDQ,SKODA Kodiaq,SKODA,Full-size SUV (CKD),4200,0.35,SND,Sandhar Technologies,domestic,0.22,6,BDY,Body Stampings,Steel,B,5036,3.02,PO-KDQ-BDY-00371-202510-1
KDQ-BDY-00371,Body Stampings B17 - SKODA Kodiaq (Sandhar Technologies),2025-11-06,724.4202,43,INR,KDQ,SKODA Kodiaq,SKODA,Full-size SUV (CKD),4200,0.35,SND,Sandhar Technologies,domestic,0.22,6,BDY,Body Stampings,Steel,B,5036,3.02,PO-KDQ-BDY-00371-202511-1
KDQ-BDY-00371,Body Stampings B17 - SKODA Kodiaq (Sandhar Technologies),2025-11-13,729.5776,6,INR,KDQ,SKODA Kodiaq,SKODA,Full-size SUV (CKD),4200,0.35,SND,Sandhar Technologies,domestic,0.22,6,BDY,Body Stampings,Steel,B,5036,3.02,PO-KDQ-BDY-00371-202511-2
KDQ-BDY-00371,Body Stampings B17 - SKODA Kodiaq (Sandhar Technologies),2025-11-20,723.1708,1,INR,KDQ,SKODA Kodiaq,SKODA,Full-size SUV (CKD),4200,0.35,SND,Sandhar Technologies,domestic,0.22,6,BDY,Body Stampings,Steel,B,5036,3.02,PO-KDQ-BDY-00371-202511-3
KDQ-BDY-00371,Body Stampings B17 - SKODA Kodiaq (Sandhar Technologies),2025-12-06,723.5991,5,INR,KDQ,SKODA Kodiaq,SKODA,Full-size SUV (CKD),4200,0.35,SND,Sandhar Technologies,domestic,0.22,6,BDY,Body Stampings,Steel,B,5036,3.02,PO-KDQ-BDY-00371-202512-1
KDQ-BDY-00371,Body Stampings B17 - SKODA Kodiaq (Sandhar Technologies),2025-12-13,723.6056,45,INR,KDQ,SKODA Kodiaq,SKODA,Full-size SUV (CKD),4200,0.35,SND,Sandhar Technologies,domestic,0.22,6,BDY,Body Stampings,Steel,B,5036,3.02,PO-KDQ-BDY-00371-202512-2
KDQ-BDY-00371,Body Stampings B17 - SKODA Kodiaq (Sandhar Technologies),2026-01-06,743.9155,14,INR,KDQ,SKODA Kodiaq,SKODA,Full-size SUV (CKD),4200,0.35,SND,Sandhar Technologies,domestic,0.22,6,BDY,Body Stampings,Steel,B,5036,3.02,PO-KDQ-BDY-00371-202601-1
KDQ-BDY-00371,Body Stampings B17 - SKODA Kodiaq (Sandhar Technologies),2026-01-13,737.7331,12,INR,KDQ,SKODA Kodiaq,SKODA,Full-size SUV (CKD),4200,0.35,SND,Sandhar Technologies,domestic,0.22,6,BDY,Body Stampings,Steel,B,5036,3.02,PO-KDQ-BDY-00371-202601-2
KDQ-BDY-00371,Body Stampings B17 - SKODA Kodiaq (Sandhar Technologies),2026-01-20,743.9601,24,INR,KDQ,SKODA Kodiaq,SKODA,Full-size SUV (CKD),4200,0.35,SND,Sandhar Technologies,domestic,0.22,6,BDY,Body Stampings,Steel,B,5036,3.02,PO-KDQ-BDY-00371-202601-3
KDQ-BDY-00371,Body Stampings B17 - SKODA Kodiaq (Sandhar Technologies),2026-02-06,766.5062,42,INR,KDQ,SKODA Kodiaq,SKODA,Full-size SUV (CKD),4200,0.35,SND,Sandhar Technologies,domestic,0.22,6,BDY,Body Stampings,Steel,B,5036,3.02,PO-KDQ-BDY-00371-202602-1
KDQ-BDY-00371,Body Stampings B17 - SKODA Kodiaq (Sandhar Technologies),2026-02-13,776.1322,8,INR,KDQ,SKODA Kodiaq,SKODA,Full-size SUV (CKD),4200,0.35,SND,Sandhar Technologies,domestic,0.22,6,BDY,Body Stampings,Steel,B,5036,3.02,PO-KDQ-BDY-00371-202602-2
KDQ-BDY-00371,Body Stampings B17 - SKODA Kodiaq (Sandhar Technologies),2026-03-06,776.1676,45,INR,KDQ,SKODA Kodiaq,SKODA,Full-size SUV (CKD),4200,0.35,SND,Sandhar Technologies,domestic,0.22,6,BDY,Body Stampings,Steel,B,5036,3.02,PO-KDQ-BDY-00371-202603-1
KDQ-BDY-00371,Body Stampings B17 - SKODA Kodiaq (Sandhar Technologies),2026-03-13,794.5605,4,INR,KDQ,SKODA Kodiaq,SKODA,Full-size SUV (CKD),4200,0.35,SND,Sandhar Technologies,domestic,0.22,6,BDY,Body Stampings,Steel,B,5036,3.02,PO-KDQ-BDY-00371-202603-2
KDQ-BDY-00371,Body Stampings B17 - SKODA Kodiaq (Sandhar Technologies),2026-03-20,783.8271,1,INR,KDQ,SKODA Kodiaq,SKODA,Full-size SUV (CKD),4200,0.35,SND,Sandhar Technologies,domestic,0.22,6,BDY,Body Stampings,Steel,B,5036,3.02,PO-KDQ-BDY-00371-202603-3
KDQ-BDY-00371,Body Stampings B17 - SKODA Kodiaq (Sandhar Technologies),2026-04-06,785.7768,14,INR,KDQ,SKODA Kodiaq,SKODA,Full-size SUV (CKD),4200,0.35,SND,Sandhar Technologies,domestic,0.22,6,BDY,Body Stampings,Steel,B,5036,3.02,PO-KDQ-BDY-00371-202604-1
KDQ-BDY-00371,Body Stampings B17 - SKODA Kodiaq (Sandhar Technologies),2026-04-13,787.2224,13,INR,KDQ,SKODA Kodiaq,SKODA,Full-size SUV (CKD),4200,0.35,SND,Sandhar Technologies,domestic,0.22,6,BDY,Body Stampings,Steel,B,5036,3.02,PO-KDQ-BDY-00371-202604-2
KDQ-BDY-00371,Body Stampings B17 - SKODA Kodiaq (Sandhar Technologies),2026-04-20,794.4532,23,INR,KDQ,SKODA Kodiaq,SKODA,Full-size SUV (CKD),4200,0.35,SND,Sandhar Technologies,domestic,0.22,6,BDY,Body Stampings,Steel,B,5036,3.02,PO-KDQ-BDY-00371-202604-3
KDQ-BDY-00371,Body Stampings B17 - SKODA Kodiaq (Sandhar Technologies),2026-05-06,753.4989,50,INR,KDQ,SKODA Kodiaq,SKODA,Full-size SUV (CKD),4200,0.35,SND,Sandhar Technologies,domestic,0.22,6,BDY,Body Stampings,Steel,B,5036,3.02,PO-KDQ-BDY-00371-202605-1
KDQ-BDY-00371,Body Stampings B17 - SKODA Kodiaq (Sandhar Technologies),2026-06-06,767.5378,50,INR,KDQ,SKODA Kodiaq,SKODA,Full-size SUV (CKD),4200,0.35,SND,Sandhar Technologies,domestic,0.22,6,BDY,Body Stampings,Steel,B,5036,3.02,PO-KDQ-BDY-00371-202606-1
KDQ-CHS-00377,Chassis A36 - SKODA Kodiaq (Bharat Forge),2023-07-06,2513.2543,50,INR,KDQ,SKODA Kodiaq,SKODA,Full-size SUV (CKD),4200,0.35,BFL,Bharat Forge,domestic,0.18,6,CHS,Chassis,Steel,A,15018,0.407,PO-KDQ-CHS-00377-202307-1
KDQ-CHS-00377,Chassis A36 - SKODA Kodiaq (Bharat Forge),2023-08-06,2606.3686,32,INR,KDQ,SKODA Kodiaq,SKODA,Full-size SUV (CKD),4200,0.35,BFL,Bharat Forge,domestic,0.18,6,CHS,Chassis,Steel,A,15018,0.407,PO-KDQ-CHS-00377-202308-1
KDQ-CHS-00377,Chassis A36 - SKODA Kodiaq (Bharat Forge),2023-08-13,2575.5304,5,INR,KDQ,SKODA Kodiaq,SKODA,Full-size SUV (CKD),4200,0.35,BFL,Bharat Forge,domestic,0.18,6,CHS,Chassis,Steel,A,15018,0.407,PO-KDQ-CHS-00377-202308-2
KDQ-CHS-00377,Chassis A36 - SKODA Kodiaq (Bharat Forge),2023-08-20,2558.7645,14,INR,KDQ,SKODA Kodiaq,SKODA,Full-size SUV (CKD),4200,0.35,BFL,Bharat Forge,domestic,0.18,6,CHS,Chassis,Steel,A,15018,0.407,PO-KDQ-CHS-00377-202308-3
KDQ-CHS-00377,Chassis A36 - SKODA Kodiaq (Bharat Forge),2023-09-06,2508.7496,33,INR,KDQ,SKODA Kodiaq,SKODA,Full-size SUV (CKD),4200,0.35,BFL,Bharat Forge,domestic,0.18,6,CHS,Chassis,Steel,A,15018,0.407,PO-KDQ-CHS-00377-202309-1
KDQ-CHS-00377,Chassis A36 - SKODA Kodiaq (Bharat Forge),2023-09-13,2446.5374,11,INR,KDQ,SKODA Kodiaq,SKODA,Full-size SUV (CKD),4200,0.35,BFL,Bharat Forge,domestic,0.18,6,CHS,Chassis,Steel,A,15018,0.407,PO-KDQ-CHS-00377-202309-2
KDQ-CHS-00377,Chassis A36 - SKODA Kodiaq (Bharat Forge),2023-09-20,2467.8717,6,INR,KDQ,SKODA Kodiaq,SKODA,Full-size SUV (CKD),4200,0.35,BFL,Bharat Forge,domestic,0.18,6,CHS,Chassis,Steel,A,15018,0.407,PO-KDQ-CHS-00377-202309-3
KDQ-CHS-00377,Chassis A36 - SKODA Kodiaq (Bharat Forge),2023-10-06,2514.8959,47,INR,KDQ,SKODA Kodiaq,SKODA,Full-size SUV (CKD),4200,0.35,BFL,Bharat Forge,domestic,0.18,6,CHS,Chassis,Steel,A,15018,0.407,PO-KDQ-CHS-00377-202310-1
KDQ-CHS-00377,Chassis A36 - SKODA Kodiaq (Bharat Forge),2023-10-13,2576.4209,3,INR,KDQ,SKODA Kodiaq,SKODA,Full-size SUV (CKD),4200,0.35,BFL,Bharat Forge,domestic,0.18,6,CHS,Chassis,Steel,A,15018,0.407,PO-KDQ-CHS-00377-202310-2
KDQ-CHS-00377,Chassis A36 - SKODA Kodiaq (Bharat Forge),2023-11-06,2557.9117,9,INR,KDQ,SKODA Kodiaq,SKODA,Full-size SUV (CKD),4200,0.35,BFL,Bharat Forge,domestic,0.18,6,CHS,Chassis,Steel,A,15018,0.407,PO-KDQ-CHS-00377-202311-1
KDQ-CHS-00377,Chassis A36 - SKODA Kodiaq (Bharat Forge),2023-11-13,2544.8412,25,INR,KDQ,SKODA Kodiaq,SKODA,Full-size SUV (CKD),4200,0.35,BFL,Bharat Forge,domestic,0.18,6,CHS,Chassis,Steel,A,15018,0.407,PO-KDQ-CHS-00377-202311-2
KDQ-CHS-00377,Chassis A36 - SKODA Kodiaq (Bharat Forge),2023-11-20,2521.3478,16,INR,KDQ,SKODA Kodiaq,SKODA,Full-size SUV (CKD),4200,0.35,BFL,Bharat Forge,domestic,0.18,6,CHS,Chassis,Steel,A,15018,0.407,PO-KDQ-CHS-00377-202311-3
KDQ-CHS-00377,Chassis A36 - SKODA Kodiaq (Bharat Forge),2023-12-06,2627.5661,50,INR,KDQ,SKODA Kodiaq,SKODA,Full-size SUV (CKD),4200,0.35,BFL,Bharat Forge,domestic,0.18,6,CHS,Chassis,Steel,A,15018,0.407,PO-KDQ-CHS-00377-202312-1
KDQ-CHS-00377,Chassis A36 - SKODA Kodiaq (Bharat Forge),2024-01-06,2766.1809,50,INR,KDQ,SKODA Kodiaq,SKODA,Full-size SUV (CKD),4200,0.35,BFL,Bharat Forge,domestic,0.18,6,CHS,Chassis,Steel,A,15018,0.407,PO-KDQ-CHS-00377-202401-1
KDQ-CHS-00377,Chassis A36 - SKODA Kodiaq (Bharat Forge),2024-02-06,2716.5476,4,INR,KDQ,SKODA Kodiaq,SKODA,Full-size SUV (CKD),4200,0.35,BFL,Bharat Forge,domestic,0.18,6,CHS,Chassis,Steel,A,15018,0.407,PO-KDQ-CHS-00377-202402-1
KDQ-CHS-00377,Chassis A36 - SKODA Kodiaq (Bharat Forge),2024-02-13,2724.8539,27,INR,KDQ,SKODA Kodiaq,SKODA,Full-size SUV (CKD),4200,0.35,BFL,Bharat Forge,domestic,0.18,6,CHS,Chassis,Steel,A,15018,0.407,PO-KDQ-CHS-00377-202402-2
KDQ-CHS-00377,Chassis A36 - SKODA Kodiaq (Bharat Forge),2024-02-20,2735.1605,19,INR,KDQ,SKODA Kodiaq,SKODA,Full-size SUV (CKD),4200,0.35,BFL,Bharat Forge,domestic,0.18,6,CHS,Chassis,Steel,A,15018,0.407,PO-KDQ-CHS-00377-202402-3
KDQ-CHS-00377,Chassis A36 - SKODA Kodiaq (Bharat Forge),2024-03-06,2666.1193,32,INR,KDQ,SKODA Kodiaq,SKODA,Full-size SUV (CKD),4200,0.35,BFL,Bharat Forge,domestic,0.18,6,CHS,Chassis,Steel,A,15018,0.407,PO-KDQ-CHS-00377-202403-1
KDQ-CHS-00377,Chassis A36 - SKODA Kodiaq (Bharat Forge),2024-03-13,2639.7345,14,INR,KDQ,SKODA Kodiaq,SKODA,Full-size SUV (CKD),4200,0.35,BFL,Bharat Forge,domestic,0.18,6,CHS,Chassis,Steel,A,15018,0.407,PO-KDQ-CHS-00377-202403-2
KDQ-CHS-00377,Chassis A36 - SKODA Kodiaq (Bharat Forge),2024-03-20,2649.7596,5,INR,KDQ,SKODA Kodiaq,SKODA,Full-size SUV (CKD),4200,0.35,BFL,Bharat Forge,domestic,0.18,6,CHS,Chassis,Steel,A,15018,0.407,PO-KDQ-CHS-00377-202403-3
KDQ-CHS-00377,Chassis A36 - SKODA Kodiaq (Bharat Forge),2024-04-06,2629.6748,36,INR,KDQ,SKODA Kodiaq,SKODA,Full-size SUV (CKD),4200,0.35,BFL,Bharat Forge,domestic,0.18,6,CHS,Chassis,Steel,A,15018,0.407,PO-KDQ-CHS-00377-202404-1
KDQ-CHS-00377,Chassis A36 - SKODA Kodiaq (Bharat Forge),2024-04-13,2637.2352,14,INR,KDQ,SKODA Kodiaq,SKODA,Full-size SUV (CKD),4200,0.35,BFL,Bharat Forge,domestic,0.18,6,CHS,Chassis,Steel,A,15018,0.407,PO-KDQ-CHS-00377-202404-2
KDQ-CHS-00377,Chassis A36 - SKODA Kodiaq (Bharat Forge),2024-05-06,2722.6537,24,INR,KDQ,SKODA Kodiaq,SKODA,Full-size SUV (CKD),4200,0.35,BFL,Bharat Forge,domestic,0.18,6,CHS,Chassis,Steel,A,15018,0.407,PO-KDQ-CHS-00377-202405-1
KDQ-CHS-00377,Chassis A36 - SKODA Kodiaq (Bharat Forge),2024-05-13,2766.0354,8,INR,KDQ,SKODA Kodiaq,SKODA,Full-size SUV (CKD),4200,0.35,BFL,Bharat Forge,domestic,0.18,6,CHS,Chassis,Steel,A,15018,0.407,PO-KDQ-CHS-00377-202405-2
KDQ-CHS-00377,Chassis A36 - SKODA Kodiaq (Bharat Forge),2024-05-20,2759.1901,18,INR,KDQ,SKODA Kodiaq,SKODA,Full-size SUV (CKD),4200,0.35,BFL,Bharat Forge,domestic,0.18,6,CHS,Chassis,Steel,A,15018,0.407,PO-KDQ-CHS-00377-202405-3
KDQ-CHS-00377,Chassis A36 - SKODA Kodiaq (Bharat Forge),2024-06-06,2674.0022,44,INR,KDQ,SKODA Kodiaq,SKODA,Full-size SUV (CKD),4200,0.35,BFL,Bharat Forge,domestic,0.18,6,CHS,Chassis,Steel,A,15018,0.407,PO-KDQ-CHS-00377-202406-1
KDQ-CHS-00377,Chassis A36 - SKODA Kodiaq (Bharat Forge),2024-06-13,2746.4068,6,INR,KDQ,SKODA Kodiaq,SKODA,Full-size SUV (CKD),4200,0.35,BFL,Bharat Forge,domestic,0.18,6,CHS,Chassis,Steel,A,15018,0.407,PO-KDQ-CHS-00377-202406-2
KDQ-CHS-00377,Chassis A36 - SKODA Kodiaq (Bharat Forge),2024-07-06,2710.7099,50,INR,KDQ,SKODA Kodiaq,SKODA,Full-size SUV (CKD),4200,0.35,BFL,Bharat Forge,domestic,0.18,6,CHS,Chassis,Steel,A,15018,0.407,PO-KDQ-CHS-00377-202407-1
KDQ-CHS-00377,Chassis A36 - SKODA Kodiaq (Bharat Forge),2024-08-06,2660.2808,31,INR,KDQ,SKODA Kodiaq,SKODA,Full-size SUV (CKD),4200,0.35,BFL,Bharat Forge,domestic,0.18,6,CHS,Chassis,Steel,A,15018,0.407,PO-KDQ-CHS-00377-202408-1
KDQ-CHS-00377,Chassis A36 - SKODA Kodiaq (Bharat Forge),2024-08-13,2645.8747,19,INR,KDQ,SKODA Kodiaq,SKODA,Full-size SUV (CKD),4200,0.35,BFL,Bharat Forge,domestic,0.18,6,CHS,Chassis,Steel,A,15018,0.407,PO-KDQ-CHS-00377-202408-2
KDQ-CHS-00377,Chassis A36 - SKODA Kodiaq (Bharat Forge),2024-09-06,2676.5531,50,INR,KDQ,SKODA Kodiaq,SKODA,Full-size SUV (CKD),4200,0.35,BFL,Bharat Forge,domestic,0.18,6,CHS,Chassis,Steel,A,15018,0.407,PO-KDQ-CHS-00377-202409-1
KDQ-CHS-00377,Chassis A36 - SKODA Kodiaq (Bharat Forge),2024-10-06,2634.2482,11,INR,KDQ,SKODA Kodiaq,SKODA,Full-size SUV (CKD),4200,0.35,BFL,Bharat Forge,domestic,0.18,6,CHS,Chassis,Steel,A,15018,0.407,PO-KDQ-CHS-00377-202410-1
KDQ-CHS-00377,Chassis A36 - SKODA Kodiaq (Bharat Forge),2024-10-13,2660.1079,14,INR,KDQ,SKODA Kodiaq,SKODA,Full-size SUV (CKD),4200,0.35,BFL,Bharat Forge,domestic,0.18,6,CHS,Chassis,Steel,A,15018,0.407,PO-KDQ-CHS-00377-202410-2
KDQ-CHS-00377,Chassis A36 - SKODA Kodiaq (Bharat Forge),2024-10-20,2637.3536,24,INR,KDQ,SKODA Kodiaq,SKODA,Full-size SUV (CKD),4200,0.35,BFL,Bharat Forge,domestic,0.18,6,CHS,Chassis,Steel,A,15018,0.407,PO-KDQ-CHS-00377-202410-3
KDQ-CHS-00377,Chassis A36 - SKODA Kodiaq (Bharat Forge),2024-11-06,2726.4832,29,INR,KDQ,SKODA Kodiaq,SKODA,Full-size SUV (CKD),4200,0.35,BFL,Bharat Forge,domestic,0.18,6,CHS,Chassis,Steel,A,15018,0.407,PO-KDQ-CHS-00377-202411-1
KDQ-CHS-00377,Chassis A36 - SKODA Kodiaq (Bharat Forge),2024-11-13,2727.2119,21,INR,KDQ,SKODA Kodiaq,SKODA,Full-size SUV (CKD),4200,0.35,BFL,Bharat Forge,domestic,0.18,6,CHS,Chassis,Steel,A,15018,0.407,PO-KDQ-CHS-00377-202411-2
KDQ-CHS-00377,Chassis A36 - SKODA Kodiaq (Bharat Forge),2024-12-06,2719.2181,15,INR,KDQ,SKODA Kodiaq,SKODA,Full-size SUV (CKD),4200,0.35,BFL,Bharat Forge,domestic,0.18,6,CHS,Chassis,Steel,A,15018,0.407,PO-KDQ-CHS-00377-202412-1
KDQ-CHS-00377,Chassis A36 - SKODA Kodiaq (Bharat Forge),2024-12-13,2703.4782,6,INR,KDQ,SKODA Kodiaq,SKODA,Full-size SUV (CKD),4200,0.35,BFL,Bharat Forge,domestic,0.18,6,CHS,Chassis,Steel,A,15018,0.407,PO-KDQ-CHS-00377-202412-2
KDQ-CHS-00377,Chassis A36 - SKODA Kodiaq (Bharat Forge),2024-12-20,2677.5748,30,INR,KDQ,SKODA Kodiaq,SKODA,Full-size SUV (CKD),4200,0.35,BFL,Bharat Forge,domestic,0.18,6,CHS,Chassis,Steel,A,15018,0.407,PO-KDQ-CHS-00377-202412-3
KDQ-CHS-00377,Chassis A36 - SKODA Kodiaq (Bharat Forge),2025-01-06,2808.9071,50,INR,KDQ,SKODA Kodiaq,SKODA,Full-size SUV (CKD),4200,0.35,BFL,Bharat Forge,domestic,0.18,6,CHS,Chassis,Steel,A,15018,0.407,PO-KDQ-CHS-00377-202501-1
KDQ-CHS-00377,Chassis A36 - SKODA Kodiaq (Bharat Forge),2025-02-06,2800.9243,50,INR,KDQ,SKODA Kodiaq,SKODA,Full-size SUV (CKD),4200,0.35,BFL,Bharat Forge,domestic,0.18,6,CHS,Chassis,Steel,A,15018,0.407,PO-KDQ-CHS-00377-202502-1
KDQ-CHS-00377,Chassis A36 - SKODA Kodiaq (Bharat Forge),2025-03-06,2673.1447,18,INR,KDQ,SKODA Kodiaq,SKODA,Full-size SUV (CKD),4200,0.35,BFL,Bharat Forge,domestic,0.18,6,CHS,Chassis,Steel,A,15018,0.407,PO-KDQ-CHS-00377-202503-1
KDQ-CHS-00377,Chassis A36 - SKODA Kodiaq (Bharat Forge),2025-03-13,2679.2073,10,INR,KDQ,SKODA Kodiaq,SKODA,Full-size SUV (CKD),4200,0.35,BFL,Bharat Forge,domestic,0.18,6,CHS,Chassis,Steel,A,15018,0.407,PO-KDQ-CHS-00377-202503-2
KDQ-CHS-00377,Chassis A36 - SKODA Kodiaq (Bharat Forge),2025-03-20,2687.322,22,INR,KDQ,SKODA Kodiaq,SKODA,Full-size SUV (CKD),4200,0.35,BFL,Bharat Forge,domestic,0.18,6,CHS,Chassis,Steel,A,15018,0.407,PO-KDQ-CHS-00377-202503-3
KDQ-CHS-00377,Chassis A36 - SKODA Kodiaq (Bharat Forge),2025-04-06,,18,INR,KDQ,SKODA Kodiaq,SKODA,Full-size SUV (CKD),4200,0.35,BFL,Bharat Forge,domestic,0.18,6,CHS,Chassis,Steel,A,15018,0.407,PO-KDQ-CHS-00377-202504-1
KDQ-CHS-00377,Chassis A36 - SKODA Kodiaq (Bharat Forge),2025-04-13,,24,INR,KDQ,SKODA Kodiaq,SKODA,Full-size SUV (CKD),4200,0.35,BFL,Bharat Forge,domestic,0.18,6,CHS,Chassis,Steel,A,15018,0.407,PO-KDQ-CHS-00377-202504-2
KDQ-CHS-00377,Chassis A36 - SKODA Kodiaq (Bharat Forge),2025-04-20,,7,INR,KDQ,SKODA Kodiaq,SKODA,Full-size SUV (CKD),4200,0.35,BFL,Bharat Forge,domestic,0.18,6,CHS,Chassis,Steel,A,15018,0.407,PO-KDQ-CHS-00377-202504-3
KDQ-CHS-00377,Chassis A36 - SKODA Kodiaq (Bharat Forge),2025-05-06,2807.4904,50,INR,KDQ,SKODA Kodiaq,SKODA,Full-size SUV (CKD),4200,0.35,BFL,Bharat Forge,domestic,0.18,6,CHS,Chassis,Steel,A,15018,0.407,PO-KDQ-CHS-00377-202505-1
KDQ-CHS-00377,Chassis A36 - SKODA Kodiaq (Bharat Forge),2025-06-06,2842.6714,7,INR,KDQ,SKODA Kodiaq,SKODA,Full-size SUV (CKD),4200,0.35,BFL,Bharat Forge,domestic,0.18,6,CHS,Chassis,Steel,A,15018,0.407,PO-KDQ-CHS-00377-202506-1
KDQ-CHS-00377,Chassis A36 - SKODA Kodiaq (Bharat Forge),2025-06-13,2814.3451,43,INR,KDQ,SKODA Kodiaq,SKODA,Full-size SUV (CKD),4200,0.35,BFL,Bharat Forge,domestic,0.18,6,CHS,Chassis,Steel,A,15018,0.407,PO-KDQ-CHS-00377-202506-2
KDQ-CHS-00377,Chassis A36 - SKODA Kodiaq (Bharat Forge),2025-07-06,2846.7956,50,INR,KDQ,SKODA Kodiaq,SKODA,Full-size SUV (CKD),4200,0.35,BFL,Bharat Forge,domestic,0.18,6,CHS,Chassis,Steel,A,15018,0.407,PO-KDQ-CHS-00377-202507-1
KDQ-CHS-00377,Chassis A36 - SKODA Kodiaq (Bharat Forge),2025-08-06,3006.1463,50,INR,KDQ,SKODA Kodiaq,SKODA,Full-size SUV (CKD),4200,0.35,BFL,Bharat Forge,domestic,0.18,6,CHS,Chassis,Steel,A,15018,0.407,PO-KDQ-CHS-00377-202508-1
KDQ-CHS-00377,Chassis A36 - SKODA Kodiaq (Bharat Forge),2025-09-06,2964.6359,32,INR,KDQ,SKODA Kodiaq,SKODA,Full-size SUV (CKD),4200,0.35,BFL,Bharat Forge,domestic,0.18,6,CHS,Chassis,Steel,A,15018,0.407,PO-KDQ-CHS-00377-202509-1
KDQ-CHS-00377,Chassis A36 - SKODA Kodiaq (Bharat Forge),2025-09-13,2950.2769,18,INR,KDQ,SKODA Kodiaq,SKODA,Full-size SUV (CKD),4200,0.35,BFL,Bharat Forge,domestic,0.18,6,CHS,Chassis,Steel,A,15018,0.407,PO-KDQ-CHS-00377-202509-2
KDQ-CHS-00377,Chassis A36 - SKODA Kodiaq (Bharat Forge),2025-10-06,2922.9872,33,INR,KDQ,SKODA Kodiaq,SKODA,Full-size SUV (CKD),4200,0.35,BFL,Bharat Forge,domestic,0.18,6,CHS,Chassis,Steel,A,15018,0.407,PO-KDQ-CHS-00377-202510-1
KDQ-CHS-00377,Chassis A36 - SKODA Kodiaq (Bharat Forge),2025-10-13,2962.8163,17,INR,KDQ,SKODA Kodiaq,SKODA,Full-size SUV (CKD),4200,0.35,BFL,Bharat Forge,domestic,0.18,6,CHS,Chassis,Steel,A,15018,0.407,PO-KDQ-CHS-00377-202510-2
KDQ-CHS-00377,Chassis A36 - SKODA Kodiaq (Bharat Forge),2025-11-06,2943.8522,50,INR,KDQ,SKODA Kodiaq,SKODA,Full-size SUV (CKD),4200,0.35,BFL,Bharat Forge,domestic,0.18,6,CHS,Chassis,Steel,A,15018,0.407,PO-KDQ-CHS-00377-202511-1
KDQ-CHS-00377,Chassis A36 - SKODA Kodiaq (Bharat Forge),2025-12-06,3072.9659,10,INR,KDQ,SKODA Kodiaq,SKODA,Full-size SUV (CKD),4200,0.35,BFL,Bharat Forge,domestic,0.18,6,CHS,Chassis,Steel,A,15018,0.407,PO-KDQ-CHS-00377-202512-1
KDQ-CHS-00377,Chassis A36 - SKODA Kodiaq (Bharat Forge),2025-12-13,3106.3581,40,INR,KDQ,SKODA Kodiaq,SKODA,Full-size SUV (CKD),4200,0.35,BFL,Bharat Forge,domestic,0.18,6,CHS,Chassis,Steel,A,15018,0.407,PO-KDQ-CHS-00377-202512-2
KDQ-CHS-00377,Chassis A36 - SKODA Kodiaq (Bharat Forge),2026-01-06,3073.8874,1,INR,KDQ,SKODA Kodiaq,SKODA,Full-size SUV (CKD),4200,0.35,BFL,Bharat Forge,domestic,0.18,6,CHS,Chassis,Steel,A,15018,0.407,PO-KDQ-CHS-00377-202601-1
KDQ-CHS-00377,Chassis A36 - SKODA Kodiaq (Bharat Forge),2026-01-13,3072.8203,9,INR,KDQ,SKODA Kodiaq,SKODA,Full-size SUV (CKD),4200,0.35,BFL,Bharat Forge,domestic,0.18,6,CHS,Chassis,Steel,A,15018,0.407,PO-KDQ-CHS-00377-202601-2
KDQ-CHS-00377,Chassis A36 - SKODA Kodiaq (Bharat Forge),2026-01-20,3117.3029,41,INR,KDQ,SKODA Kodiaq,SKODA,Full-size SUV (CKD),4200,0.35,BFL,Bharat Forge,domestic,0.18,6,CHS,Chassis,Steel,A,15018,0.407,PO-KDQ-CHS-00377-202601-3
KDQ-CHS-00377,Chassis A36 - SKODA Kodiaq (Bharat Forge),2026-02-06,3130.9282,25,INR,KDQ,SKODA Kodiaq,SKODA,Full-size SUV (CKD),4200,0.35,BFL,Bharat Forge,domestic,0.18,6,CHS,Chassis,Steel,A,15018,0.407,PO-KDQ-CHS-00377-202602-1
KDQ-CHS-00377,Chassis A36 - SKODA Kodiaq (Bharat Forge),2026-02-13,3119.7736,4,INR,KDQ,SKODA Kodiaq,SKODA,Full-size SUV (CKD),4200,0.35,BFL,Bharat Forge,domestic,0.18,6,CHS,Chassis,Steel,A,15018,0.407,PO-KDQ-CHS-00377-202602-2
KDQ-CHS-00377,Chassis A36 - SKODA Kodiaq (Bharat Forge),2026-02-20,3161.3624,21,INR,KDQ,SKODA Kodiaq,SKODA,Full-size SUV (CKD),4200,0.35,BFL,Bharat Forge,domestic,0.18,6,CHS,Chassis,Steel,A,15018,0.407,PO-KDQ-CHS-00377-202602-3
KDQ-CHS-00377,Chassis A36 - SKODA Kodiaq (Bharat Forge),2026-03-06,3164.0877,50,INR,KDQ,SKODA Kodiaq,SKODA,Full-size SUV (CKD),4200,0.35,BFL,Bharat Forge,domestic,0.18,6,CHS,Chassis,Steel,A,15018,0.407,PO-KDQ-CHS-00377-202603-1
KDQ-CHS-00377,Chassis A36 - SKODA Kodiaq (Bharat Forge),2026-04-06,3026.32,50,INR,KDQ,SKODA Kodiaq,SKODA,Full-size SUV (CKD),4200,0.35,BFL,Bharat Forge,domestic,0.18,6,CHS,Chassis,Steel,A,15018,0.407,PO-KDQ-CHS-00377-202604-1
KDQ-CHS-00377,Chassis A36 - SKODA Kodiaq (Bharat Forge),2026-05-06,3124.3932,8,INR,KDQ,SKODA Kodiaq,SKODA,Full-size SUV (CKD),4200,0.35,BFL,Bharat Forge,domestic,0.18,6,CHS,Chassis,Steel,A,15018,0.407,PO-KDQ-CHS-00377-202605-1
KDQ-CHS-00377,Chassis A36 - SKODA Kodiaq (Bharat Forge),2026-05-13,3179.8631,42,INR,KDQ,SKODA Kodiaq,SKODA,Full-size SUV (CKD),4200,0.35,BFL,Bharat Forge,domestic,0.18,6,CHS,Chassis,Steel,A,15018,0.407,PO-KDQ-CHS-00377-202605-2
KDQ-CHS-00377,Chassis A36 - SKODA Kodiaq (Bharat Forge),2026-06-06,3187.6813,10,INR,KDQ,SKODA Kodiaq,SKODA,Full-size SUV (CKD),4200,0.35,BFL,Bharat Forge,domestic,0.18,6,CHS,Chassis,Steel,A,15018,0.407,PO-KDQ-CHS-00377-202606-1
KDQ-CHS-00377,Chassis A36 - SKODA Kodiaq (Bharat Forge),2026-06-13,3209.8171,6,INR,KDQ,SKODA Kodiaq,SKODA,Full-size SUV (CKD),4200,0.35,BFL,Bharat Forge,domestic,0.18,6,CHS,Chassis,Steel,A,15018,0.407,PO-KDQ-CHS-00377-202606-2
KDQ-CHS-00377,Chassis A36 - SKODA Kodiaq (Bharat Forge),2026-06-20,3251.0537,34,INR,KDQ,SKODA Kodiaq,SKODA,Full-size SUV (CKD),4200,0.35,BFL,Bharat Forge,domestic,0.18,6,CHS,Chassis,Steel,A,15018,0.407,PO-KDQ-CHS-00377-202606-3
KDQ-BRK-00389,Braking A10 - SKODA Kodiaq (ZF India),2023-07-06,3093.2967,7,INR,KDQ,SKODA Kodiaq,SKODA,Full-size SUV (CKD),4200,0.35,ZFI,ZF India,international,0.55,3,BRK,Braking,Cast iron,A,3412,4.787,PO-KDQ-BRK-00389-202307-1
KDQ-BRK-00389,Braking A10 - SKODA Kodiaq (ZF India),2023-07-13,3089.0796,43,INR,KDQ,SKODA Kodiaq,SKODA,Full-size SUV (CKD),4200,0.35,ZFI,ZF India,international,0.55,3,BRK,Braking,Cast iron,A,3412,4.787,PO-KDQ-BRK-00389-202307-2
KDQ-BRK-00389,Braking A10 - SKODA Kodiaq (ZF India),2023-08-06,3264.349,19,INR,KDQ,SKODA Kodiaq,SKODA,Full-size SUV (CKD),4200,0.35,ZFI,ZF India,international,0.55,3,BRK,Braking,Cast iron,A,3412,4.787,PO-KDQ-BRK-00389-202308-1
KDQ-BRK-00389,Braking A10 - SKODA Kodiaq (ZF India),2023-08-13,3208.3663,18,INR,KDQ,SKODA Kodiaq,SKODA,Full-size SUV (CKD),4200,0.35,ZFI,ZF India,international,0.55,3,BRK,Braking,Cast iron,A,3412,4.787,PO-KDQ-BRK-00389-202308-2
KDQ-BRK-00389,Braking A10 - SKODA Kodiaq (ZF India),2023-08-20,3256.4084,13,INR,KDQ,SKODA Kodiaq,SKODA,Full-size SUV (CKD),4200,0.35,ZFI,ZF India,international,0.55,3,BRK,Braking,Cast iron,A,3412,4.787,PO-KDQ-BRK-00389-202308-3
KDQ-BRK-00389,Braking A10 - SKODA Kodiaq (ZF India),2023-09-06,3351.5076,2,INR,KDQ,SKODA Kodiaq,SKODA,Full-size SUV (CKD),4200,0.35,ZFI,ZF India,international,0.55,3,BRK,Braking,Cast iron,A,3412,4.787,PO-KDQ-BRK-00389-202309-1
KDQ-BRK-00389,Braking A10 - SKODA Kodiaq (ZF India),2023-09-13,3294.1992,48,INR,KDQ,SKODA Kodiaq,SKODA,Full-size SUV (CKD),4200,0.35,ZFI,ZF India,international,0.55,3,BRK,Braking,Cast iron,A,3412,4.787,PO-KDQ-BRK-00389-202309-2
KDQ-BRK-00389,Braking A10 - SKODA Kodiaq (ZF India),2023-09-20,3346.1064,1,INR,KDQ,SKODA Kodiaq,SKODA,Full-size SUV (CKD),4200,0.35,ZFI,ZF India,international,0.55,3,BRK,Braking,Cast iron,A,3412,4.787,PO-KDQ-BRK-00389-202309-3
KDQ-BRK-00389,Braking A10 - SKODA Kodiaq (ZF India),2023-10-06,3307.0861,2,INR,KDQ,SKODA Kodiaq,SKODA,Full-size SUV (CKD),4200,0.35,ZFI,ZF India,international,0.55,3,BRK,Braking,Cast iron,A,3412,4.787,PO-KDQ-BRK-00389-202310-1
KDQ-BRK-00389,Braking A10 - SKODA Kodiaq (ZF India),2023-10-13,3293.0139,37,INR,KDQ,SKODA Kodiaq,SKODA,Full-size SUV (CKD),4200,0.35,ZFI,ZF India,international,0.55,3,BRK,Braking,Cast iron,A,3412,4.787,PO-KDQ-BRK-00389-202310-2
KDQ-BRK-00389,Braking A10 - SKODA Kodiaq (ZF India),2023-10-20,3278.9172,10,INR,KDQ,SKODA Kodiaq,SKODA,Full-size SUV (CKD),4200,0.35,ZFI,ZF India,international,0.55,3,BRK,Braking,Cast iron,A,3412,4.787,PO-KDQ-BRK-00389-202310-3
KDQ-BRK-00389,Braking A10 - SKODA Kodiaq (ZF India),2023-11-06,3239.9625,50,INR,KDQ,SKODA Kodiaq,SKODA,Full-size SUV (CKD),4200,0.35,ZFI,ZF India,international,0.55,3,BRK,Braking,Cast iron,A,3412,4.787,PO-KDQ-BRK-00389-202311-1
KDQ-BRK-00389,Braking A10 - SKODA Kodiaq (ZF India),2023-12-06,3293.9901,1,INR,KDQ,SKODA Kodiaq,SKODA,Full-size SUV (CKD),4200,0.35,ZFI,ZF India,international,0.55,3,BRK,Braking,Cast iron,A,3412,4.787,PO-KDQ-BRK-00389-202312-1
KDQ-BRK-00389,Braking A10 - SKODA Kodiaq (ZF India),2023-12-13,3344.2691,50,INR,KDQ,SKODA Kodiaq,SKODA,Full-size SUV (CKD),4200,0.35,ZFI,ZF India,international,0.55,3,BRK,Braking,Cast iron,A,3412,4.787,PO-KDQ-BRK-00389-202312-2
KDQ-BRK-00389,Braking A10 - SKODA Kodiaq (ZF India),2024-01-06,3238.85,50,INR,KDQ,SKODA Kodiaq,SKODA,Full-size SUV (CKD),4200,0.35,ZFI,ZF India,international,0.55,3,BRK,Braking,Cast iron,A,3412,4.787,PO-KDQ-BRK-00389-202401-1
KDQ-BRK-00389,Braking A10 - SKODA Kodiaq (ZF India),2024-02-06,3339.0642,38,INR,KDQ,SKODA Kodiaq,SKODA,Full-size SUV (CKD),4200,0.35,ZFI,ZF India,international,0.55,3,BRK,Braking,Cast iron,A,3412,4.787,PO-KDQ-BRK-00389-202402-1
KDQ-BRK-00389,Braking A10 - SKODA Kodiaq (ZF India),2024-02-13,3384.4506,10,INR,KDQ,SKODA Kodiaq,SKODA,Full-size SUV (CKD),4200,0.35,ZFI,ZF India,international,0.55,3,BRK,Braking,Cast iron,A,3412,4.787,PO-KDQ-BRK-00389-202402-2
KDQ-BRK-00389,Braking A10 - SKODA Kodiaq (ZF India),2024-02-20,3316.6319,2,INR,KDQ,SKODA Kodiaq,SKODA,Full-size SUV (CKD),4200,0.35,ZFI,ZF India,international,0.55,3,BRK,Braking,Cast iron,A,3412,4.787,PO-KDQ-BRK-00389-202402-3
KDQ-BRK-00389,Braking A10 - SKODA Kodiaq (ZF India),2024-03-06,3265.4007,14,INR,KDQ,SKODA Kodiaq,SKODA,Full-size SUV (CKD),4200,0.35,ZFI,ZF India,international,0.55,3,BRK,Braking,Cast iron,A,3412,4.787,PO-KDQ-BRK-00389-202403-1
KDQ-BRK-00389,Braking A10 - SKODA Kodiaq (ZF India),2024-03-13,3253.8948,36,INR,KDQ,SKODA Kodiaq,SKODA,Full-size SUV (CKD),4200,0.35,ZFI,ZF India,international,0.55,3,BRK,Braking,Cast iron,A,3412,4.787,PO-KDQ-BRK-00389-202403-2
KDQ-BRK-00389,Braking A10 - SKODA Kodiaq (ZF India),2024-04-06,3218.974,8,INR,KDQ,SKODA Kodiaq,SKODA,Full-size SUV (CKD),4200,0.35,ZFI,ZF India,international,0.55,3,BRK,Braking,Cast iron,A,3412,4.787,PO-KDQ-BRK-00389-202404-1
KDQ-BRK-00389,Braking A10 - SKODA Kodiaq (ZF India),2024-04-13,3195.6948,5,INR,KDQ,SKODA Kodiaq,SKODA,Full-size SUV (CKD),4200,0.35,ZFI,ZF India,international,0.55,3,BRK,Braking,Cast iron,A,3412,4.787,PO-KDQ-BRK-00389-202404-2
KDQ-BRK-00389,Braking A10 - SKODA Kodiaq (ZF India),2024-04-20,3187.9345,37,INR,KDQ,SKODA Kodiaq,SKODA,Full-size SUV (CKD),4200,0.35,ZFI,ZF India,international,0.55,3,BRK,Braking,Cast iron,A,3412,4.787,PO-KDQ-BRK-00389-202404-3
KDQ-BRK-00389,Braking A10 - SKODA Kodiaq (ZF India),2024-05-06,3218.4801,24,INR,KDQ,SKODA Kodiaq,SKODA,Full-size SUV (CKD),4200,0.35,ZFI,ZF India,international,0.55,3,BRK,Braking,Cast iron,A,3412,4.787,PO-KDQ-BRK-00389-202405-1
KDQ-BRK-00389,Braking A10 - SKODA Kodiaq (ZF India),2024-05-13,3218.4429,26,INR,KDQ,SKODA Kodiaq,SKODA,Full-size SUV (CKD),4200,0.35,ZFI,ZF India,international,0.55,3,BRK,Braking,Cast iron,A,3412,4.787,PO-KDQ-BRK-00389-202405-2
KDQ-BRK-00389,Braking A10 - SKODA Kodiaq (ZF India),2024-06-06,3286.4058,36,INR,KDQ,SKODA Kodiaq,SKODA,Full-size SUV (CKD),4200,0.35,ZFI,ZF India,international,0.55,3,BRK,Braking,Cast iron,A,3412,4.787,PO-KDQ-BRK-00389-202406-1
KDQ-BRK-00389,Braking A10 - SKODA Kodiaq (ZF India),2024-06-13,3223.9362,14,INR,KDQ,SKODA Kodiaq,SKODA,Full-size SUV (CKD),4200,0.35,ZFI,ZF India,international,0.55,3,BRK,Braking,Cast iron,A,3412,4.787,PO-KDQ-BRK-00389-202406-2
KDQ-BRK-00389,Braking A10 - SKODA Kodiaq (ZF India),2024-07-06,3447.9546,40,INR,KDQ,SKODA Kodiaq,SKODA,Full-size SUV (CKD),4200,0.35,ZFI,ZF India,international,0.55,3,BRK,Braking,Cast iron,A,3412,4.787,PO-KDQ-BRK-00389-202407-1
KDQ-BRK-00389,Braking A10 - SKODA Kodiaq (ZF India),2024-07-13,3365.5168,10,INR,KDQ,SKODA Kodiaq,SKODA,Full-size SUV (CKD),4200,0.35,ZFI,ZF India,international,0.55,3,BRK,Braking,Cast iron,A,3412,4.787,PO-KDQ-BRK-00389-202407-2
KDQ-BRK-00389,Braking A10 - SKODA Kodiaq (ZF India),2024-08-06,3465.6387,50,INR,KDQ,SKODA Kodiaq,SKODA,Full-size SUV (CKD),4200,0.35,ZFI,ZF India,international,0.55,3,BRK,Braking,Cast iron,A,3412,4.787,PO-KDQ-BRK-00389-202408-1
KDQ-BRK-00389,Braking A10 - SKODA Kodiaq (ZF India),2024-09-06,3594.2746,7,INR,KDQ,SKODA Kodiaq,SKODA,Full-size SUV (CKD),4200,0.35,ZFI,ZF India,international,0.55,3,BRK,Braking,Cast iron,A,3412,4.787,PO-KDQ-BRK-00389-202409-1
KDQ-BRK-00389,Braking A10 - SKODA Kodiaq (ZF India),2024-09-13,3615.428,43,INR,KDQ,SKODA Kodiaq,SKODA,Full-size SUV (CKD),4200,0.35,ZFI,ZF India,international,0.55,3,BRK,Braking,Cast iron,A,3412,4.787,PO-KDQ-BRK-00389-202409-2
KDQ-BRK-00389,Braking A10 - SKODA Kodiaq (ZF India),2024-10-06,3584.1623,3,INR,KDQ,SKODA Kodiaq,SKODA,Full-size SUV (CKD),4200,0.35,ZFI,ZF India,international,0.55,3,BRK,Braking,Cast iron,A,3412,4.787,PO-KDQ-BRK-00389-202410-1
KDQ-BRK-00389,Braking A10 - SKODA Kodiaq (ZF India),2024-10-13,3525.5838,23,INR,KDQ,SKODA Kodiaq,SKODA,Full-size SUV (CKD),4200,0.35,ZFI,ZF India,international,0.55,3,BRK,Braking,Cast iron,A,3412,4.787,PO-KDQ-BRK-00389-202410-2
KDQ-BRK-00389,Braking A10 - SKODA Kodiaq (ZF India),2024-10-20,3563.4513,24,INR,KDQ,SKODA Kodiaq,SKODA,Full-size SUV (CKD),4200,0.35,ZFI,ZF India,international,0.55,3,BRK,Braking,Cast iron,A,3412,4.787,PO-KDQ-BRK-00389-202410-3
KDQ-BRK-00389,Braking A10 - SKODA Kodiaq (ZF India),2024-11-06,3485.2272,5,INR,KDQ,SKODA Kodiaq,SKODA,Full-size SUV (CKD),4200,0.35,ZFI,ZF India,international,0.55,3,BRK,Braking,Cast iron,A,3412,4.787,PO-KDQ-BRK-00389-202411-1
KDQ-BRK-00389,Braking A10 - SKODA Kodiaq (ZF India),2024-11-13,3454.1191,45,INR,KDQ,SKODA Kodiaq,SKODA,Full-size SUV (CKD),4200,0.35,ZFI,ZF India,international,0.55,3,BRK,Braking,Cast iron,A,3412,4.787,PO-KDQ-BRK-00389-202411-2
KDQ-BRK-00389,Braking A10 - SKODA Kodiaq (ZF India),2024-12-06,3489.1204,50,INR,KDQ,SKODA Kodiaq,SKODA,Full-size SUV (CKD),4200,0.35,ZFI,ZF India,international,0.55,3,BRK,Braking,Cast iron,A,3412,4.787,PO-KDQ-BRK-00389-202412-1
KDQ-BRK-00389,Braking A10 - SKODA Kodiaq (ZF India),2025-01-06,3472.5492,26,INR,KDQ,SKODA Kodiaq,SKODA,Full-size SUV (CKD),4200,0.35,ZFI,ZF India,international,0.55,3,BRK,Braking,Cast iron,A,3412,4.787,PO-KDQ-BRK-00389-202501-1
KDQ-BRK-00389,Braking A10 - SKODA Kodiaq (ZF India),2025-01-13,3389.9916,24,INR,KDQ,SKODA Kodiaq,SKODA,Full-size SUV (CKD),4200,0.35,ZFI,ZF India,international,0.55,3,BRK,Braking,Cast iron,A,3412,4.787,PO-KDQ-BRK-00389-202501-2
KDQ-BRK-00389,Braking A10 - SKODA Kodiaq (ZF India),2025-02-06,3483.2254,40,INR,KDQ,SKODA Kodiaq,SKODA,Full-size SUV (CKD),4200,0.35,ZFI,ZF India,international,0.55,3,BRK,Braking,Cast iron,A,3412,4.787,PO-KDQ-BRK-00389-202502-1
KDQ-BRK-00389,Braking A10 - SKODA Kodiaq (ZF India),2025-02-13,3456.6408,10,INR,KDQ,SKODA Kodiaq,SKODA,Full-size SUV (CKD),4200,0.35,ZFI,ZF India,international,0.55,3,BRK,Braking,Cast iron,A,3412,4.787,PO-KDQ-BRK-00389-202502-2
KDQ-BRK-00389,Braking A10 - SKODA Kodiaq (ZF India),2025-03-06,3481.845,50,INR,KDQ,SKODA Kodiaq,SKODA,Full-size SUV (CKD),4200,0.35,ZFI,ZF India,international,0.55,3,BRK,Braking,Cast iron,A,3412,4.787,PO-KDQ-BRK-00389-202503-1
KDQ-BRK-00389,Braking A10 - SKODA Kodiaq (ZF India),2025-04-06,3416.8051,39,INR,KDQ,SKODA Kodiaq,SKODA,Full-size SUV (CKD),4200,0.35,ZFI,ZF India,international,0.55,3,BRK,Braking,Cast iron,A,3412,4.787,PO-KDQ-BRK-00389-202504-1
KDQ-BRK-00389,Braking A10 - SKODA Kodiaq (ZF India),2025-04-13,3415.213,11,INR,KDQ,SKODA Kodiaq,SKODA,Full-size SUV (CKD),4200,0.35,ZFI,ZF India,international,0.55,3,BRK,Braking,Cast iron,A,3412,4.787,PO-KDQ-BRK-00389-202504-2
KDQ-BRK-00389,Braking A10 - SKODA Kodiaq (ZF India),2025-05-06,3482.2588,50,INR,KDQ,SKODA Kodiaq,SKODA,Full-size SUV (CKD),4200,0.35,ZFI,ZF India,international,0.55,3,BRK,Braking,Cast iron,A,3412,4.787,PO-KDQ-BRK-00389-202505-1
KDQ-BRK-00389,Braking A10 - SKODA Kodiaq (ZF India),2025-06-06,3616.711,50,INR,KDQ,SKODA Kodiaq,SKODA,Full-size SUV (CKD),4200,0.35,ZFI,ZF India,international,0.55,3,BRK,Braking,Cast iron,A,3412,4.787,PO-KDQ-BRK-00389-202506-1
KDQ-BRK-00389,Braking A10 - SKODA Kodiaq (ZF India),2025-07-06,3641.6712,2,INR,KDQ,SKODA Kodiaq,SKODA,Full-size SUV (CKD),4200,0.35,ZFI,ZF India,international,0.55,3,BRK,Braking,Cast iron,A,3412,4.787,PO-KDQ-BRK-00389-202507-1
KDQ-BRK-00389,Braking A10 - SKODA Kodiaq (ZF India),2025-07-13,3656.6896,40,INR,KDQ,SKODA Kodiaq,SKODA,Full-size SUV (CKD),4200,0.35,ZFI,ZF India,international,0.55,3,BRK,Braking,Cast iron,A,3412,4.787,PO-KDQ-BRK-00389-202507-2
KDQ-BRK-00389,Braking A10 - SKODA Kodiaq (ZF India),2025-07-20,3668.3804,8,INR,KDQ,SKODA Kodiaq,SKODA,Full-size SUV (CKD),4200,0.35,ZFI,ZF India,international,0.55,3,BRK,Braking,Cast iron,A,3412,4.787,PO-KDQ-BRK-00389-202507-3
KDQ-BRK-00389,Braking A10 - SKODA Kodiaq (ZF India),2025-08-06,3724.1475,1,INR,KDQ,SKODA Kodiaq,SKODA,Full-size SUV (CKD),4200,0.35,ZFI,ZF India,international,0.55,3,BRK,Braking,Cast iron,A,3412,4.787,PO-KDQ-BRK-00389-202508-1
KDQ-BRK-00389,Braking A10 - SKODA Kodiaq (ZF India),2025-08-13,3701.0213,17,INR,KDQ,SKODA Kodiaq,SKODA,Full-size SUV (CKD),4200,0.35,ZFI,ZF India,international,0.55,3,BRK,Braking,Cast iron,A,3412,4.787,PO-KDQ-BRK-00389-202508-2
KDQ-BRK-00389,Braking A10 - SKODA Kodiaq (ZF India),2025-08-20,3737.0014,33,INR,KDQ,SKODA Kodiaq,SKODA,Full-size SUV (CKD),4200,0.35,ZFI,ZF India,international,0.55,3,BRK,Braking,Cast iron,A,3412,4.787,PO-KDQ-BRK-00389-202508-3
KDQ-BRK-00389,Braking A10 - SKODA Kodiaq (ZF India),2025-09-06,3919.408,21,INR,KDQ,SKODA Kodiaq,SKODA,Full-size SUV (CKD),4200,0.35,ZFI,ZF India,international,0.55,3,BRK,Braking,Cast iron,A,3412,4.787,PO-KDQ-BRK-00389-202509-1
KDQ-BRK-00389,Braking A10 - SKODA Kodiaq (ZF India),2025-09-13,3884.1846,29,INR,KDQ,SKODA Kodiaq,SKODA,Full-size SUV (CKD),4200,0.35,ZFI,ZF India,international,0.55,3,BRK,Braking,Cast iron,A,3412,4.787,PO-KDQ-BRK-00389-202509-2
KDQ-BRK-00389,Braking A10 - SKODA Kodiaq (ZF India),2025-10-06,3761.4007,9,INR,KDQ,SKODA Kodiaq,SKODA,Full-size SUV (CKD),4200,0.35,ZFI,ZF India,international,0.55,3,BRK,Braking,Cast iron,A,3412,4.787,PO-KDQ-BRK-00389-202510-1
KDQ-BRK-00389,Braking A10 - SKODA Kodiaq (ZF India),2025-10-13,3770.6307,36,INR,KDQ,SKODA Kodiaq,SKODA,Full-size SUV (CKD),4200,0.35,ZFI,ZF India,international,0.55,3,BRK,Braking,Cast iron,A,3412,4.787,PO-KDQ-BRK-00389-202510-2
KDQ-BRK-00389,Braking A10 - SKODA Kodiaq (ZF India),2025-10-20,3809.9355,5,INR,KDQ,SKODA Kodiaq,SKODA,Full-size SUV (CKD),4200,0.35,ZFI,ZF India,international,0.55,3,BRK,Braking,Cast iron,A,3412,4.787,PO-KDQ-BRK-00389-202510-3
KDQ-BRK-00389,Braking A10 - SKODA Kodiaq (ZF India),2025-11-06,3783.7453,40,INR,KDQ,SKODA Kodiaq,SKODA,Full-size SUV (CKD),4200,0.35,ZFI,ZF India,international,0.55,3,BRK,Braking,Cast iron,A,3412,4.787,PO-KDQ-BRK-00389-202511-1
KDQ-BRK-00389,Braking A10 - SKODA Kodiaq (ZF India),2025-11-13,3773.4935,10,INR,KDQ,SKODA Kodiaq,SKODA,Full-size SUV (CKD),4200,0.35,ZFI,ZF India,international,0.55,3,BRK,Braking,Cast iron,A,3412,4.787,PO-KDQ-BRK-00389-202511-2
KDQ-BRK-00389,Braking A10 - SKODA Kodiaq (ZF India),2025-12-06,3767.4135,2,INR,KDQ,SKODA Kodiaq,SKODA,Full-size SUV (CKD),4200,0.35,ZFI,ZF India,international,0.55,3,BRK,Braking,Cast iron,A,3412,4.787,PO-KDQ-BRK-00389-202512-1
KDQ-BRK-00389,Braking A10 - SKODA Kodiaq (ZF India),2025-12-13,3742.2141,48,INR,KDQ,SKODA Kodiaq,SKODA,Full-size SUV (CKD),4200,0.35,ZFI,ZF India,international,0.55,3,BRK,Braking,Cast iron,A,3412,4.787,PO-KDQ-BRK-00389-202512-2
KDQ-BRK-00389,Braking A10 - SKODA Kodiaq (ZF India),2026-01-06,3684.9069,50,INR,KDQ,SKODA Kodiaq,SKODA,Full-size SUV (CKD),4200,0.35,ZFI,ZF India,international,0.55,3,BRK,Braking,Cast iron,A,3412,4.787,PO-KDQ-BRK-00389-202601-1
KDQ-BRK-00389,Braking A10 - SKODA Kodiaq (ZF India),2026-02-06,3690.9451,41,INR,KDQ,SKODA Kodiaq,SKODA,Full-size SUV (CKD),4200,0.35,ZFI,ZF India,international,0.55,3,BRK,Braking,Cast iron,A,3412,4.787,PO-KDQ-BRK-00389-202602-1
KDQ-BRK-00389,Braking A10 - SKODA Kodiaq (ZF India),2026-02-13,3685.584,9,INR,KDQ,SKODA Kodiaq,SKODA,Full-size SUV (CKD),4200,0.35,ZFI,ZF India,international,0.55,3,BRK,Braking,Cast iron,A,3412,4.787,PO-KDQ-BRK-00389-202602-2
KDQ-BRK-00389,Braking A10 - SKODA Kodiaq (ZF India),2026-03-06,3646.8945,43,INR,KDQ,SKODA Kodiaq,SKODA,Full-size SUV (CKD),4200,0.35,ZFI,ZF India,international,0.55,3,BRK,Braking,Cast iron,A,3412,4.787,PO-KDQ-BRK-00389-202603-1
KDQ-BRK-00389,Braking A10 - SKODA Kodiaq (ZF India),2026-03-13,3652.1781,7,INR,KDQ,SKODA Kodiaq,SKODA,Full-size SUV (CKD),4200,0.35,ZFI,ZF India,international,0.55,3,BRK,Braking,Cast iron,A,3412,4.787,PO-KDQ-BRK-00389-202603-2
KDQ-BRK-00389,Braking A10 - SKODA Kodiaq (ZF India),2026-04-06,3644.7419,46,INR,KDQ,SKODA Kodiaq,SKODA,Full-size SUV (CKD),4200,0.35,ZFI,ZF India,international,0.55,3,BRK,Braking,Cast iron,A,3412,4.787,PO-KDQ-BRK-00389-202604-1
KDQ-BRK-00389,Braking A10 - SKODA Kodiaq (ZF India),2026-04-13,3693.4191,4,INR,KDQ,SKODA Kodiaq,SKODA,Full-size SUV (CKD),4200,0.35,ZFI,ZF India,international,0.55,3,BRK,Braking,Cast iron,A,3412,4.787,PO-KDQ-BRK-00389-202604-2
KDQ-BRK-00389,Braking A10 - SKODA Kodiaq (ZF India),2026-05-06,3684.4605,32,INR,KDQ,SKODA Kodiaq,SKODA,Full-size SUV (CKD),4200,0.35,ZFI,ZF India,international,0.55,3,BRK,Braking,Cast iron,A,3412,4.787,PO-KDQ-BRK-00389-202605-1
KDQ-BRK-00389,Braking A10 - SKODA Kodiaq (ZF India),2026-05-13,3717.0569,3,INR,KDQ,SKODA Kodiaq,SKODA,Full-size SUV (CKD),4200,0.35,ZFI,ZF India,international,0.55,3,BRK,Braking,Cast iron,A,3412,4.787,PO-KDQ-BRK-00389-202605-2
KDQ-BRK-00389,Braking A10 - SKODA Kodiaq (ZF India),2026-05-20,3640.5339,15,INR,KDQ,SKODA Kodiaq,SKODA,Full-size SUV (CKD),4200,0.35,ZFI,ZF India,international,0.55,3,BRK,Braking,Cast iron,A,3412,4.787,PO-KDQ-BRK-00389-202605-3
KDQ-BRK-00389,Braking A10 - SKODA Kodiaq (ZF India),2026-06-06,3729.7507,22,INR,KDQ,SKODA Kodiaq,SKODA,Full-size SUV (CKD),4200,0.35,ZFI,ZF India,international,0.55,3,BRK,Braking,Cast iron,A,3412,4.787,PO-KDQ-BRK-00389-202606-1
KDQ-BRK-00389,Braking A10 - SKODA Kodiaq (ZF India),2026-06-13,3666.9616,28,INR,KDQ,SKODA Kodiaq,SKODA,Full-size SUV (CKD),4200,0.35,ZFI,ZF India,international,0.55,3,BRK,Braking,Cast iron,A,3412,4.787,PO-KDQ-BRK-00389-202606-2
KDQ-ELC-00407,Electrical B09 - SKODA Kodiaq (Bosch India),2023-07-06,4987.1681,29,INR,KDQ,SKODA Kodiaq,SKODA,Full-size SUV (CKD),4200,0.35,BSH,Bosch India,international,0.62,3,ELC,Electrical,Copper,B,9467,7.111,PO-KDQ-ELC-00407-202307-1
KDQ-ELC-00407,Electrical B09 - SKODA Kodiaq (Bosch India),2023-07-13,5034.9015,9,INR,KDQ,SKODA Kodiaq,SKODA,Full-size SUV (CKD),4200,0.35,BSH,Bosch India,international,0.62,3,ELC,Electrical,Copper,B,9467,7.111,PO-KDQ-ELC-00407-202307-2
KDQ-ELC-00407,Electrical B09 - SKODA Kodiaq (Bosch India),2023-07-20,5040.2456,12,INR,KDQ,SKODA Kodiaq,SKODA,Full-size SUV (CKD),4200,0.35,BSH,Bosch India,international,0.62,3,ELC,Electrical,Copper,B,9467,7.111,PO-KDQ-ELC-00407-202307-3
KDQ-ELC-00407,Electrical B09 - SKODA Kodiaq (Bosch India),2023-08-06,5094.1282,50,INR,KDQ,SKODA Kodiaq,SKODA,Full-size SUV (CKD),4200,0.35,BSH,Bosch India,international,0.62,3,ELC,Electrical,Copper,B,9467,7.111,PO-KDQ-ELC-00407-202308-1
KDQ-ELC-00407,Electrical B09 - SKODA Kodiaq (Bosch India),2023-09-06,5186.3304,50,INR,KDQ,SKODA Kodiaq,SKODA,Full-size SUV (CKD),4200,0.35,BSH,Bosch India,international,0.62,3,ELC,Electrical,Copper,B,9467,7.111,PO-KDQ-ELC-00407-202309-1
KDQ-ELC-00407,Electrical B09 - SKODA Kodiaq (Bosch India),2023-10-06,5380.6557,50,INR,KDQ,SKODA Kodiaq,SKODA,Full-size SUV (CKD),4200,0.35,BSH,Bosch India,international,0.62,3,ELC,Electrical,Copper,B,9467,7.111,PO-KDQ-ELC-00407-202310-1
KDQ-ELC-00407,Electrical B09 - SKODA Kodiaq (Bosch India),2023-11-06,5586.2406,40,INR,KDQ,SKODA Kodiaq,SKODA,Full-size SUV (CKD),4200,0.35,BSH,Bosch India,international,0.62,3,ELC,Electrical,Copper,B,9467,7.111,PO-KDQ-ELC-00407-202311-1
KDQ-ELC-00407,Electrical B09 - SKODA Kodiaq (Bosch India),2023-11-13,5585.2006,10,INR,KDQ,SKODA Kodiaq,SKODA,Full-size SUV (CKD),4200,0.35,BSH,Bosch India,international,0.62,3,ELC,Electrical,Copper,B,9467,7.111,PO-KDQ-ELC-00407-202311-2
KDQ-ELC-00407,Electrical B09 - SKODA Kodiaq (Bosch India),2023-12-06,5568.9853,50,INR,KDQ,SKODA Kodiaq,SKODA,Full-size SUV (CKD),4200,0.35,BSH,Bosch India,international,0.62,3,ELC,Electrical,Copper,B,9467,7.111,PO-KDQ-ELC-00407-202312-1
KDQ-ELC-00407,Electrical B09 - SKODA Kodiaq (Bosch India),2024-01-06,5905.7618,10,INR,KDQ,SKODA Kodiaq,SKODA,Full-size SUV (CKD),4200,0.35,BSH,Bosch India,international,0.62,3,ELC,Electrical,Copper,B,9467,7.111,PO-KDQ-ELC-00407-202401-1
KDQ-ELC-00407,Electrical B09 - SKODA Kodiaq (Bosch India),2024-01-13,5877.1057,9,INR,KDQ,SKODA Kodiaq,SKODA,Full-size SUV (CKD),4200,0.35,BSH,Bosch India,international,0.62,3,ELC,Electrical,Copper,B,9467,7.111,PO-KDQ-ELC-00407-202401-2
KDQ-ELC-00407,Electrical B09 - SKODA Kodiaq (Bosch India),2024-01-20,5793.0397,32,INR,KDQ,SKODA Kodiaq,SKODA,Full-size SUV (CKD),4200,0.35,BSH,Bosch India,international,0.62,3,ELC,Electrical,Copper,B,9467,7.111,PO-KDQ-ELC-00407-202401-3
KDQ-ELC-00407,Electrical B09 - SKODA Kodiaq (Bosch India),2024-02-06,5800.1996,50,INR,KDQ,SKODA Kodiaq,SKODA,Full-size SUV (CKD),4200,0.35,BSH,Bosch India,international,0.62,3,ELC,Electrical,Copper,B,9467,7.111,PO-KDQ-ELC-00407-202402-1
KDQ-ELC-00407,Electrical B09 - SKODA Kodiaq (Bosch India),2024-03-06,,19,INR,KDQ,SKODA Kodiaq,SKODA,Full-size SUV (CKD),4200,0.35,BSH,Bosch India,international,0.62,3,ELC,Electrical,Copper,B,9467,7.111,PO-KDQ-ELC-00407-202403-1
KDQ-ELC-00407,Electrical B09 - SKODA Kodiaq (Bosch India),2024-03-13,,10,INR,KDQ,SKODA Kodiaq,SKODA,Full-size SUV (CKD),4200,0.35,BSH,Bosch India,international,0.62,3,ELC,Electrical,Copper,B,9467,7.111,PO-KDQ-ELC-00407-202403-2
KDQ-ELC-00407,Electrical B09 - SKODA Kodiaq (Bosch India),2024-03-20,,21,INR,KDQ,SKODA Kodiaq,SKODA,Full-size SUV (CKD),4200,0.35,BSH,Bosch India,international,0.62,3,ELC,Electrical,Copper,B,9467,7.111,PO-KDQ-ELC-00407-202403-3
KDQ-ELC-00407,Electrical B09 - SKODA Kodiaq (Bosch India),2024-04-06,5493.9996,11,INR,KDQ,SKODA Kodiaq,SKODA,Full-size SUV (CKD),4200,0.35,BSH,Bosch India,international,0.62,3,ELC,Electrical,Copper,B,9467,7.111,PO-KDQ-ELC-00407-202404-1
KDQ-ELC-00407,Electrical B09 - SKODA Kodiaq (Bosch India),2024-04-13,5503.2283,11,INR,KDQ,SKODA Kodiaq,SKODA,Full-size SUV (CKD),4200,0.35,BSH,Bosch India,international,0.62,3,ELC,Electrical,Copper,B,9467,7.111,PO-KDQ-ELC-00407-202404-2
KDQ-ELC-00407,Electrical B09 - SKODA Kodiaq (Bosch India),2024-04-20,5511.6126,28,INR,KDQ,SKODA Kodiaq,SKODA,Full-size SUV (CKD),4200,0.35,BSH,Bosch India,international,0.62,3,ELC,Electrical,Copper,B,9467,7.111,PO-KDQ-ELC-00407-202404-3
KDQ-ELC-00407,Electrical B09 - SKODA Kodiaq (Bosch India),2024-05-06,5190.4616,7,INR,KDQ,SKODA Kodiaq,SKODA,Full-size SUV (CKD),4200,0.35,BSH,Bosch India,international,0.62,3,ELC,Electrical,Copper,B,9467,7.111,PO-KDQ-ELC-00407-202405-1
KDQ-ELC-00407,Electrical B09 - SKODA Kodiaq (Bosch India),2024-05-13,5246.8487,37,INR,KDQ,SKODA Kodiaq,SKODA,Full-size SUV (CKD),4200,0.35,BSH,Bosch India,international,0.62,3,ELC,Electrical,Copper,B,9467,7.111,PO-KDQ-ELC-00407-202405-2
KDQ-ELC-00407,Electrical B09 - SKODA Kodiaq (Bosch India),2024-05-20,5256.8457,6,INR,KDQ,SKODA Kodiaq,SKODA,Full-size SUV (CKD),4200,0.35,BSH,Bosch India,international,0.62,3,ELC,Electrical,Copper,B,9467,7.111,PO-KDQ-ELC-00407-202405-3
KDQ-ELC-00407,Electrical B09 - SKODA Kodiaq (Bosch India),2024-06-06,5408.4663,3,INR,KDQ,SKODA Kodiaq,SKODA,Full-size SUV (CKD),4200,0.35,BSH,Bosch India,international,0.62,3,ELC,Electrical,Copper,B,9467,7.111,PO-KDQ-ELC-00407-202406-1
KDQ-ELC-00407,Electrical B09 - SKODA Kodiaq (Bosch India),2024-06-13,5410.3464,29,INR,KDQ,SKODA Kodiaq,SKODA,Full-size SUV (CKD),4200,0.35,BSH,Bosch India,international,0.62,3,ELC,Electrical,Copper,B,9467,7.111,PO-KDQ-ELC-00407-202406-2
KDQ-ELC-00407,Electrical B09 - SKODA Kodiaq (Bosch India),2024-06-20,5379.3059,18,INR,KDQ,SKODA Kodiaq,SKODA,Full-size SUV (CKD),4200,0.35,BSH,Bosch India,international,0.62,3,ELC,Electrical,Copper,B,9467,7.111,PO-KDQ-ELC-00407-202406-3
KDQ-ELC-00407,Electrical B09 - SKODA Kodiaq (Bosch India),2024-07-06,5134.5818,45,INR,KDQ,SKODA Kodiaq,SKODA,Full-size SUV (CKD),4200,0.35,BSH,Bosch India,international,0.62,3,ELC,Electrical,Copper,B,9467,7.111,PO-KDQ-ELC-00407-202407-1
KDQ-ELC-00407,Electrical B09 - SKODA Kodiaq (Bosch India),2024-07-13,5085.781,4,INR,KDQ,SKODA Kodiaq,SKODA,Full-size SUV (CKD),4200,0.35,BSH,Bosch India,international,0.62,3,ELC,Electrical,Copper,B,9467,7.111,PO-KDQ-ELC-00407-202407-2
KDQ-ELC-00407,Electrical B09 - SKODA Kodiaq (Bosch India),2024-07-20,5104.5882,1,INR,KDQ,SKODA Kodiaq,SKODA,Full-size SUV (CKD),4200,0.35,BSH,Bosch India,international,0.62,3,ELC,Electrical,Copper,B,9467,7.111,PO-KDQ-ELC-00407-202407-3
KDQ-ELC-00407,Electrical B09 - SKODA Kodiaq (Bosch India),2024-08-06,5176.8996,50,INR,KDQ,SKODA Kodiaq,SKODA,Full-size SUV (CKD),4200,0.35,BSH,Bosch India,international,0.62,3,ELC,Electrical,Copper,B,9467,7.111,PO-KDQ-ELC-00407-202408-1
KDQ-ELC-00407,Electrical B09 - SKODA Kodiaq (Bosch India),2024-09-06,5241.452,50,INR,KDQ,SKODA Kodiaq,SKODA,Full-size SUV (CKD),4200,0.35,BSH,Bosch India,international,0.62,3,ELC,Electrical,Copper,B,9467,7.111,PO-KDQ-ELC-00407-202409-1
KDQ-ELC-00407,Electrical B09 - SKODA Kodiaq (Bosch India),2024-10-06,5450.7003,50,INR,KDQ,SKODA Kodiaq,SKODA,Full-size SUV (CKD),4200,0.35,BSH,Bosch India,international,0.62,3,ELC,Electrical,Copper,B,9467,7.111,PO-KDQ-ELC-00407-202410-1
KDQ-ELC-00407,Electrical B09 - SKODA Kodiaq (Bosch India),2024-11-06,5476.8584,50,INR,KDQ,SKODA Kodiaq,SKODA,Full-size SUV (CKD),4200,0.35,BSH,Bosch India,international,0.62,3,ELC,Electrical,Copper,B,9467,7.111,PO-KDQ-ELC-00407-202411-1
KDQ-ELC-00407,Electrical B09 - SKODA Kodiaq (Bosch India),2024-12-06,5651.4045,50,INR,KDQ,SKODA Kodiaq,SKODA,Full-size SUV (CKD),4200,0.35,BSH,Bosch India,international,0.62,3,ELC,Electrical,Copper,B,9467,7.111,PO-KDQ-ELC-00407-202412-1
KDQ-ELC-00407,Electrical B09 - SKODA Kodiaq (Bosch India),2025-01-06,5898.7769,50,INR,KDQ,SKODA Kodiaq,SKODA,Full-size SUV (CKD),4200,0.35,BSH,Bosch India,international,0.62,3,ELC,Electrical,Copper,B,9467,7.111,PO-KDQ-ELC-00407-202501-1
KDQ-ELC-00407,Electrical B09 - SKODA Kodiaq (Bosch India),2025-02-06,5698.8058,50,INR,KDQ,SKODA Kodiaq,SKODA,Full-size SUV (CKD),4200,0.35,BSH,Bosch India,international,0.62,3,ELC,Electrical,Copper,B,9467,7.111,PO-KDQ-ELC-00407-202502-1
KDQ-ELC-00407,Electrical B09 - SKODA Kodiaq (Bosch India),2025-03-06,5673.9586,18,INR,KDQ,SKODA Kodiaq,SKODA,Full-size SUV (CKD),4200,0.35,BSH,Bosch India,international,0.62,3,ELC,Electrical,Copper,B,9467,7.111,PO-KDQ-ELC-00407-202503-1
KDQ-ELC-00407,Electrical B09 - SKODA Kodiaq (Bosch India),2025-03-13,5696.1167,4,INR,KDQ,SKODA Kodiaq,SKODA,Full-size SUV (CKD),4200,0.35,BSH,Bosch India,international,0.62,3,ELC,Electrical,Copper,B,9467,7.111,PO-KDQ-ELC-00407-202503-2
KDQ-ELC-00407,Electrical B09 - SKODA Kodiaq (Bosch India),2025-03-20,5656.1578,27,INR,KDQ,SKODA Kodiaq,SKODA,Full-size SUV (CKD),4200,0.35,BSH,Bosch India,international,0.62,3,ELC,Electrical,Copper,B,9467,7.111,PO-KDQ-ELC-00407-202503-3
KDQ-ELC-00407,Electrical B09 - SKODA Kodiaq (Bosch India),2025-04-06,5575.9186,42,INR,KDQ,SKODA Kodiaq,SKODA,Full-size SUV (CKD),4200,0.35,BSH,Bosch India,international,0.62,3,ELC,Electrical,Copper,B,9467,7.111,PO-KDQ-ELC-00407-202504-1
KDQ-ELC-00407,Electrical B09 - SKODA Kodiaq (Bosch India),2025-04-13,5620.8735,1,INR,KDQ,SKODA Kodiaq,SKODA,Full-size SUV (CKD),4200,0.35,BSH,Bosch India,international,0.62,3,ELC,Electrical,Copper,B,9467,7.111,PO-KDQ-ELC-00407-202504-2
KDQ-ELC-00407,Electrical B09 - SKODA Kodiaq (Bosch India),2025-04-20,5507.2601,7,INR,KDQ,SKODA Kodiaq,SKODA,Full-size SUV (CKD),4200,0.35,BSH,Bosch India,international,0.62,3,ELC,Electrical,Copper,B,9467,7.111,PO-KDQ-ELC-00407-202504-3
KDQ-ELC-00407,Electrical B09 - SKODA Kodiaq (Bosch India),2025-05-06,5374.8799,23,INR,KDQ,SKODA Kodiaq,SKODA,Full-size SUV (CKD),4200,0.35,BSH,Bosch India,international,0.62,3,ELC,Electrical,Copper,B,9467,7.111,PO-KDQ-ELC-00407-202505-1
KDQ-ELC-00407,Electrical B09 - SKODA Kodiaq (Bosch India),2025-05-13,5340.208,21,INR,KDQ,SKODA Kodiaq,SKODA,Full-size SUV (CKD),4200,0.35,BSH,Bosch India,international,0.62,3,ELC,Electrical,Copper,B,9467,7.111,PO-KDQ-ELC-00407-202505-2
KDQ-ELC-00407,Electrical B09 - SKODA Kodiaq (Bosch India),2025-05-20,5385.7824,6,INR,KDQ,SKODA Kodiaq,SKODA,Full-size SUV (CKD),4200,0.35,BSH,Bosch India,international,0.62,3,ELC,Electrical,Copper,B,9467,7.111,PO-KDQ-ELC-00407-202505-3
KDQ-ELC-00407,Electrical B09 - SKODA Kodiaq (Bosch India),2025-06-06,5413.6297,50,INR,KDQ,SKODA Kodiaq,SKODA,Full-size SUV (CKD),4200,0.35,BSH,Bosch India,international,0.62,3,ELC,Electrical,Copper,B,9467,7.111,PO-KDQ-ELC-00407-202506-1
KDQ-ELC-00407,Electrical B09 - SKODA Kodiaq (Bosch India),2025-07-06,5346.7868,4,INR,KDQ,SKODA Kodiaq,SKODA,Full-size SUV (CKD),4200,0.35,BSH,Bosch India,international,0.62,3,ELC,Electrical,Copper,B,9467,7.111,PO-KDQ-ELC-00407-202507-1
KDQ-ELC-00407,Electrical B09 - SKODA Kodiaq (Bosch India),2025-07-13,5324.168,46,INR,KDQ,SKODA Kodiaq,SKODA,Full-size SUV (CKD),4200,0.35,BSH,Bosch India,international,0.62,3,ELC,Electrical,Copper,B,9467,7.111,PO-KDQ-ELC-00407-202507-2
KDQ-ELC-00407,Electrical B09 - SKODA Kodiaq (Bosch India),2025-08-06,5385.9066,22,INR,KDQ,SKODA Kodiaq,SKODA,Full-size SUV (CKD),4200,0.35,BSH,Bosch India,international,0.62,3,ELC,Electrical,Copper,B,9467,7.111,PO-KDQ-ELC-00407-202508-1
KDQ-ELC-00407,Electrical B09 - SKODA Kodiaq (Bosch India),2025-08-13,5355.6676,3,INR,KDQ,SKODA Kodiaq,SKODA,Full-size SUV (CKD),4200,0.35,BSH,Bosch India,international,0.62,3,ELC,Electrical,Copper,B,9467,7.111,PO-KDQ-ELC-00407-202508-2
KDQ-ELC-00407,Electrical B09 - SKODA Kodiaq (Bosch India),2025-08-20,5344.8239,26,INR,KDQ,SKODA Kodiaq,SKODA,Full-size SUV (CKD),4200,0.35,BSH,Bosch India,international,0.62,3,ELC,Electrical,Copper,B,9467,7.111,PO-KDQ-ELC-00407-202508-3
KDQ-ELC-00407,Electrical B09 - SKODA Kodiaq (Bosch India),2025-09-06,5407.3225,50,INR,KDQ,SKODA Kodiaq,SKODA,Full-size SUV (CKD),4200,0.35,BSH,Bosch India,international,0.62,3,ELC,Electrical,Copper,B,9467,7.111,PO-KDQ-ELC-00407-202509-1
KDQ-ELC-00407,Electrical B09 - SKODA Kodiaq (Bosch India),2025-10-06,5750.4395,16,INR,KDQ,SKODA Kodiaq,SKODA,Full-size SUV (CKD),4200,0.35,BSH,Bosch India,international,0.62,3,ELC,Electrical,Copper,B,9467,7.111,PO-KDQ-ELC-00407-202510-1
KDQ-ELC-00407,Electrical B09 - SKODA Kodiaq (Bosch India),2025-10-13,5771.1458,34,INR,KDQ,SKODA Kodiaq,SKODA,Full-size SUV (CKD),4200,0.35,BSH,Bosch India,international,0.62,3,ELC,Electrical,Copper,B,9467,7.111,PO-KDQ-ELC-00407-202510-2
KDQ-ELC-00407,Electrical B09 - SKODA Kodiaq (Bosch India),2025-11-06,6009.9057,50,INR,KDQ,SKODA Kodiaq,SKODA,Full-size SUV (CKD),4200,0.35,BSH,Bosch India,international,0.62,3,ELC,Electrical,Copper,B,9467,7.111,PO-KDQ-ELC-00407-202511-1
KDQ-ELC-00407,Electrical B09 - SKODA Kodiaq (Bosch India),2025-12-06,6116.13,50,INR,KDQ,SKODA Kodiaq,SKODA,Full-size SUV (CKD),4200,0.35,BSH,Bosch India,international,0.62,3,ELC,Electrical,Copper,B,9467,7.111,PO-KDQ-ELC-00407-202512-1
KDQ-ELC-00407,Electrical B09 - SKODA Kodiaq (Bosch India),2026-01-06,6224.3708,26,INR,KDQ,SKODA Kodiaq,SKODA,Full-size SUV (CKD),4200,0.35,BSH,Bosch India,international,0.62,3,ELC,Electrical,Copper,B,9467,7.111,PO-KDQ-ELC-00407-202601-1
KDQ-ELC-00407,Electrical B09 - SKODA Kodiaq (Bosch India),2026-01-13,6109.9111,20,INR,KDQ,SKODA Kodiaq,SKODA,Full-size SUV (CKD),4200,0.35,BSH,Bosch India,international,0.62,3,ELC,Electrical,Copper,B,9467,7.111,PO-KDQ-ELC-00407-202601-2
KDQ-ELC-00407,Electrical B09 - SKODA Kodiaq (Bosch India),2026-01-20,6132.9882,3,INR,KDQ,SKODA Kodiaq,SKODA,Full-size SUV (CKD),4200,0.35,BSH,Bosch India,international,0.62,3,ELC,Electrical,Copper,B,9467,7.111,PO-KDQ-ELC-00407-202601-3
KDQ-ELC-00407,Electrical B09 - SKODA Kodiaq (Bosch India),2026-02-06,6128.6715,38,INR,KDQ,SKODA Kodiaq,SKODA,Full-size SUV (CKD),4200,0.35,BSH,Bosch India,international,0.62,3,ELC,Electrical,Copper,B,9467,7.111,PO-KDQ-ELC-00407-202602-1
KDQ-ELC-00407,Electrical B09 - SKODA Kodiaq (Bosch India),2026-02-13,6088.5432,12,INR,KDQ,SKODA Kodiaq,SKODA,Full-size SUV (CKD),4200,0.35,BSH,Bosch India,international,0.62,3,ELC,Electrical,Copper,B,9467,7.111,PO-KDQ-ELC-00407-202602-2
KDQ-ELC-00407,Electrical B09 - SKODA Kodiaq (Bosch India),2026-03-06,6011.1594,30,INR,KDQ,SKODA Kodiaq,SKODA,Full-size SUV (CKD),4200,0.35,BSH,Bosch India,international,0.62,3,ELC,Electrical,Copper,B,9467,7.111,PO-KDQ-ELC-00407-202603-1
KDQ-ELC-00407,Electrical B09 - SKODA Kodiaq (Bosch India),2026-03-13,6070.6684,20,INR,KDQ,SKODA Kodiaq,SKODA,Full-size SUV (CKD),4200,0.35,BSH,Bosch India,international,0.62,3,ELC,Electrical,Copper,B,9467,7.111,PO-KDQ-ELC-00407-202603-2
KDQ-ELC-00407,Electrical B09 - SKODA Kodiaq (Bosch India),2026-04-06,5730.189,19,INR,KDQ,SKODA Kodiaq,SKODA,Full-size SUV (CKD),4200,0.35,BSH,Bosch India,international,0.62,3,ELC,Electrical,Copper,B,9467,7.111,PO-KDQ-ELC-00407-202604-1
KDQ-ELC-00407,Electrical B09 - SKODA Kodiaq (Bosch India),2026-04-13,5687.1165,1,INR,KDQ,SKODA Kodiaq,SKODA,Full-size SUV (CKD),4200,0.35,BSH,Bosch India,international,0.62,3,ELC,Electrical,Copper,B,9467,7.111,PO-KDQ-ELC-00407-202604-2
KDQ-ELC-00407,Electrical B09 - SKODA Kodiaq (Bosch India),2026-04-20,5580.5861,30,INR,KDQ,SKODA Kodiaq,SKODA,Full-size SUV (CKD),4200,0.35,BSH,Bosch India,international,0.62,3,ELC,Electrical,Copper,B,9467,7.111,PO-KDQ-ELC-00407-202604-3
KDQ-ELC-00407,Electrical B09 - SKODA Kodiaq (Bosch India),2026-05-06,5604.7702,23,INR,KDQ,SKODA Kodiaq,SKODA,Full-size SUV (CKD),4200,0.35,BSH,Bosch India,international,0.62,3,ELC,Electrical,Copper,B,9467,7.111,PO-KDQ-ELC-00407-202605-1
KDQ-ELC-00407,Electrical B09 - SKODA Kodiaq (Bosch India),2026-05-13,5539.5529,4,INR,KDQ,SKODA Kodiaq,SKODA,Full-size SUV (CKD),4200,0.35,BSH,Bosch India,international,0.62,3,ELC,Electrical,Copper,B,9467,7.111,PO-KDQ-ELC-00407-202605-2
KDQ-ELC-00407,Electrical B09 - SKODA Kodiaq (Bosch India),2026-05-20,5654.4144,24,INR,KDQ,SKODA Kodiaq,SKODA,Full-size SUV (CKD),4200,0.35,BSH,Bosch India,international,0.62,3,ELC,Electrical,Copper,B,9467,7.111,PO-KDQ-ELC-00407-202605-3
KDQ-ELC-00407,Electrical B09 - SKODA Kodiaq (Bosch India),2026-06-06,5583.2366,13,INR,KDQ,SKODA Kodiaq,SKODA,Full-size SUV (CKD),4200,0.35,BSH,Bosch India,international,0.62,3,ELC,Electrical,Copper,B,9467,7.111,PO-KDQ-ELC-00407-202606-1
KDQ-ELC-00407,Electrical B09 - SKODA Kodiaq (Bosch India),2026-06-13,5549.6435,37,INR,KDQ,SKODA Kodiaq,SKODA,Full-size SUV (CKD),4200,0.35,BSH,Bosch India,international,0.62,3,ELC,Electrical,Copper,B,9467,7.111,PO-KDQ-ELC-00407-202606-2
KDQ-FST-00425,Fasteners B09 - SKODA Kodiaq (Bharat Forge),2023-07-06,71.8707,7,INR,KDQ,SKODA Kodiaq,SKODA,Full-size SUV (CKD),4200,0.35,BFL,Bharat Forge,domestic,0.18,6,FST,Fasteners,Steel,B,17335,1.564,PO-KDQ-FST-00425-202307-1
KDQ-FST-00425,Fasteners B09 - SKODA Kodiaq (Bharat Forge),2023-07-13,70.8474,3,INR,KDQ,SKODA Kodiaq,SKODA,Full-size SUV (CKD),4200,0.35,BFL,Bharat Forge,domestic,0.18,6,FST,Fasteners,Steel,B,17335,1.564,PO-KDQ-FST-00425-202307-2
KDQ-FST-00425,Fasteners B09 - SKODA Kodiaq (Bharat Forge),2023-07-20,71.7787,40,INR,KDQ,SKODA Kodiaq,SKODA,Full-size SUV (CKD),4200,0.35,BFL,Bharat Forge,domestic,0.18,6,FST,Fasteners,Steel,B,17335,1.564,PO-KDQ-FST-00425-202307-3
KDQ-FST-00425,Fasteners B09 - SKODA Kodiaq (Bharat Forge),2023-08-06,72.321,27,INR,KDQ,SKODA Kodiaq,SKODA,Full-size SUV (CKD),4200,0.35,BFL,Bharat Forge,domestic,0.18,6,FST,Fasteners,Steel,B,17335,1.564,PO-KDQ-FST-00425-202308-1
KDQ-FST-00425,Fasteners B09 - SKODA Kodiaq (Bharat Forge),2023-08-13,72.0274,2,INR,KDQ,SKODA Kodiaq,SKODA,Full-size SUV (CKD),4200,0.35,BFL,Bharat Forge,domestic,0.18,6,FST,Fasteners,Steel,B,17335,1.564,PO-KDQ-FST-00425-202308-2
KDQ-FST-00425,Fasteners B09 - SKODA Kodiaq (Bharat Forge),2023-08-20,72.3453,22,INR,KDQ,SKODA Kodiaq,SKODA,Full-size SUV (CKD),4200,0.35,BFL,Bharat Forge,domestic,0.18,6,FST,Fasteners,Steel,B,17335,1.564,PO-KDQ-FST-00425-202308-3
KDQ-FST-00425,Fasteners B09 - SKODA Kodiaq (Bharat Forge),2023-09-06,72.9406,21,INR,KDQ,SKODA Kodiaq,SKODA,Full-size SUV (CKD),4200,0.35,BFL,Bharat Forge,domestic,0.18,6,FST,Fasteners,Steel,B,17335,1.564,PO-KDQ-FST-00425-202309-1
KDQ-FST-00425,Fasteners B09 - SKODA Kodiaq (Bharat Forge),2023-09-13,73.6267,19,INR,KDQ,SKODA Kodiaq,SKODA,Full-size SUV (CKD),4200,0.35,BFL,Bharat Forge,domestic,0.18,6,FST,Fasteners,Steel,B,17335,1.564,PO-KDQ-FST-00425-202309-2
KDQ-FST-00425,Fasteners B09 - SKODA Kodiaq (Bharat Forge),2023-09-20,72.9943,10,INR,KDQ,SKODA Kodiaq,SKODA,Full-size SUV (CKD),4200,0.35,BFL,Bharat Forge,domestic,0.18,6,FST,Fasteners,Steel,B,17335,1.564,PO-KDQ-FST-00425-202309-3
KDQ-FST-00425,Fasteners B09 - SKODA Kodiaq (Bharat Forge),2023-10-06,73.7259,5,INR,KDQ,SKODA Kodiaq,SKODA,Full-size SUV (CKD),4200,0.35,BFL,Bharat Forge,domestic,0.18,6,FST,Fasteners,Steel,B,17335,1.564,PO-KDQ-FST-00425-202310-1
KDQ-FST-00425,Fasteners B09 - SKODA Kodiaq (Bharat Forge),2023-10-13,73.6195,45,INR,KDQ,SKODA Kodiaq,SKODA,Full-size SUV (CKD),4200,0.35,BFL,Bharat Forge,domestic,0.18,6,FST,Fasteners,Steel,B,17335,1.564,PO-KDQ-FST-00425-202310-2
KDQ-FST-00425,Fasteners B09 - SKODA Kodiaq (Bharat Forge),2023-11-06,73.4459,29,INR,KDQ,SKODA Kodiaq,SKODA,Full-size SUV (CKD),4200,0.35,BFL,Bharat Forge,domestic,0.18,6,FST,Fasteners,Steel,B,17335,1.564,PO-KDQ-FST-00425-202311-1
KDQ-FST-00425,Fasteners B09 - SKODA Kodiaq (Bharat Forge),2023-11-13,72.6398,21,INR,KDQ,SKODA Kodiaq,SKODA,Full-size SUV (CKD),4200,0.35,BFL,Bharat Forge,domestic,0.18,6,FST,Fasteners,Steel,B,17335,1.564,PO-KDQ-FST-00425-202311-2
KDQ-FST-00425,Fasteners B09 - SKODA Kodiaq (Bharat Forge),2023-12-06,71.4475,13,INR,KDQ,SKODA Kodiaq,SKODA,Full-size SUV (CKD),4200,0.35,BFL,Bharat Forge,domestic,0.18,6,FST,Fasteners,Steel,B,17335,1.564,PO-KDQ-FST-00425-202312-1
KDQ-FST-00425,Fasteners B09 - SKODA Kodiaq (Bharat Forge),2023-12-13,71.021,19,INR,KDQ,SKODA Kodiaq,SKODA,Full-size SUV (CKD),4200,0.35,BFL,Bharat Forge,domestic,0.18,6,FST,Fasteners,Steel,B,17335,1.564,PO-KDQ-FST-00425-202312-2
KDQ-FST-00425,Fasteners B09 - SKODA Kodiaq (Bharat Forge),2023-12-20,72.903,18,INR,KDQ,SKODA Kodiaq,SKODA,Full-size SUV (CKD),4200,0.35,BFL,Bharat Forge,domestic,0.18,6,FST,Fasteners,Steel,B,17335,1.564,PO-KDQ-FST-00425-202312-3
KDQ-FST-00425,Fasteners B09 - SKODA Kodiaq (Bharat Forge),2024-01-06,73.9868,3,INR,KDQ,SKODA Kodiaq,SKODA,Full-size SUV (CKD),4200,0.35,BFL,Bharat Forge,domestic,0.18,6,FST,Fasteners,Steel,B,17335,1.564,PO-KDQ-FST-00425-202401-1
KDQ-FST-00425,Fasteners B09 - SKODA Kodiaq (Bharat Forge),2024-01-13,72.7248,47,INR,KDQ,SKODA Kodiaq,SKODA,Full-size SUV (CKD),4200,0.35,BFL,Bharat Forge,domestic,0.18,6,FST,Fasteners,Steel,B,17335,1.564,PO-KDQ-FST-00425-202401-2
KDQ-FST-00425,Fasteners B09 - SKODA Kodiaq (Bharat Forge),2024-02-06,75.4657,41,INR,KDQ,SKODA Kodiaq,SKODA,Full-size SUV (CKD),4200,0.35,BFL,Bharat Forge,domestic,0.18,6,FST,Fasteners,Steel,B,17335,1.564,PO-KDQ-FST-00425-202402-1
KDQ-FST-00425,Fasteners B09 - SKODA Kodiaq (Bharat Forge),2024-02-13,76.3919,9,INR,KDQ,SKODA Kodiaq,SKODA,Full-size SUV (CKD),4200,0.35,BFL,Bharat Forge,domestic,0.18,6,FST,Fasteners,Steel,B,17335,1.564,PO-KDQ-FST-00425-202402-2
KDQ-FST-00425,Fasteners B09 - SKODA Kodiaq (Bharat Forge),2024-03-06,75.3499,49,INR,KDQ,SKODA Kodiaq,SKODA,Full-size SUV (CKD),4200,0.35,BFL,Bharat Forge,domestic,0.18,6,FST,Fasteners,Steel,B,17335,1.564,PO-KDQ-FST-00425-202403-1
KDQ-FST-00425,Fasteners B09 - SKODA Kodiaq (Bharat Forge),2024-03-13,76.3095,1,INR,KDQ,SKODA Kodiaq,SKODA,Full-size SUV (CKD),4200,0.35,BFL,Bharat Forge,domestic,0.18,6,FST,Fasteners,Steel,B,17335,1.564,PO-KDQ-FST-00425-202403-2
KDQ-FST-00425,Fasteners B09 - SKODA Kodiaq (Bharat Forge),2024-04-06,76.2924,40,INR,KDQ,SKODA Kodiaq,SKODA,Full-size SUV (CKD),4200,0.35,BFL,Bharat Forge,domestic,0.18,6,FST,Fasteners,Steel,B,17335,1.564,PO-KDQ-FST-00425-202404-1
KDQ-FST-00425,Fasteners B09 - SKODA Kodiaq (Bharat Forge),2024-04-13,75.6729,10,INR,KDQ,SKODA Kodiaq,SKODA,Full-size SUV (CKD),4200,0.35,BFL,Bharat Forge,domestic,0.18,6,FST,Fasteners,Steel,B,17335,1.564,PO-KDQ-FST-00425-202404-2
KDQ-FST-00425,Fasteners B09 - SKODA Kodiaq (Bharat Forge),2024-05-06,77.7135,23,INR,KDQ,SKODA Kodiaq,SKODA,Full-size SUV (CKD),4200,0.35,BFL,Bharat Forge,domestic,0.18,6,FST,Fasteners,Steel,B,17335,1.564,PO-KDQ-FST-00425-202405-1
KDQ-FST-00425,Fasteners B09 - SKODA Kodiaq (Bharat Forge),2024-05-13,77.1152,27,INR,KDQ,SKODA Kodiaq,SKODA,Full-size SUV (CKD),4200,0.35,BFL,Bharat Forge,domestic,0.18,6,FST,Fasteners,Steel,B,17335,1.564,PO-KDQ-FST-00425-202405-2
KDQ-FST-00425,Fasteners B09 - SKODA Kodiaq (Bharat Forge),2024-06-06,76.5917,50,INR,KDQ,SKODA Kodiaq,SKODA,Full-size SUV (CKD),4200,0.35,BFL,Bharat Forge,domestic,0.18,6,FST,Fasteners,Steel,B,17335,1.564,PO-KDQ-FST-00425-202406-1
KDQ-FST-00425,Fasteners B09 - SKODA Kodiaq (Bharat Forge),2024-07-06,76.5898,2,INR,KDQ,SKODA Kodiaq,SKODA,Full-size SUV (CKD),4200,0.35,BFL,Bharat Forge,domestic,0.18,6,FST,Fasteners,Steel,B,17335,1.564,PO-KDQ-FST-00425-202407-1
KDQ-FST-00425,Fasteners B09 - SKODA Kodiaq (Bharat Forge),2024-07-13,76.2471,40,INR,KDQ,SKODA Kodiaq,SKODA,Full-size SUV (CKD),4200,0.35,BFL,Bharat Forge,domestic,0.18,6,FST,Fasteners,Steel,B,17335,1.564,PO-KDQ-FST-00425-202407-2
KDQ-FST-00425,Fasteners B09 - SKODA Kodiaq (Bharat Forge),2024-07-20,76.0525,7,INR,KDQ,SKODA Kodiaq,SKODA,Full-size SUV (CKD),4200,0.35,BFL,Bharat Forge,domestic,0.18,6,FST,Fasteners,Steel,B,17335,1.564,PO-KDQ-FST-00425-202407-3
KDQ-FST-00425,Fasteners B09 - SKODA Kodiaq (Bharat Forge),2024-08-06,77.2234,5,INR,KDQ,SKODA Kodiaq,SKODA,Full-size SUV (CKD),4200,0.35,BFL,Bharat Forge,domestic,0.18,6,FST,Fasteners,Steel,B,17335,1.564,PO-KDQ-FST-00425-202408-1
KDQ-FST-00425,Fasteners B09 - SKODA Kodiaq (Bharat Forge),2024-08-13,77.2505,9,INR,KDQ,SKODA Kodiaq,SKODA,Full-size SUV (CKD),4200,0.35,BFL,Bharat Forge,domestic,0.18,6,FST,Fasteners,Steel,B,17335,1.564,PO-KDQ-FST-00425-202408-2
KDQ-FST-00425,Fasteners B09 - SKODA Kodiaq (Bharat Forge),2024-08-20,76.0746,35,INR,KDQ,SKODA Kodiaq,SKODA,Full-size SUV (CKD),4200,0.35,BFL,Bharat Forge,domestic,0.18,6,FST,Fasteners,Steel,B,17335,1.564,PO-KDQ-FST-00425-202408-3
KDQ-FST-00425,Fasteners B09 - SKODA Kodiaq (Bharat Forge),2024-09-06,75.8396,12,INR,KDQ,SKODA Kodiaq,SKODA,Full-size SUV (CKD),4200,0.35,BFL,Bharat Forge,domestic,0.18,6,FST,Fasteners,Steel,B,17335,1.564,PO-KDQ-FST-00425-202409-1
KDQ-FST-00425,Fasteners B09 - SKODA Kodiaq (Bharat Forge),2024-09-13,76.6514,14,INR,KDQ,SKODA Kodiaq,SKODA,Full-size SUV (CKD),4200,0.35,BFL,Bharat Forge,domestic,0.18,6,FST,Fasteners,Steel,B,17335,1.564,PO-KDQ-FST-00425-202409-2
KDQ-FST-00425,Fasteners B09 - SKODA Kodiaq (Bharat Forge),2024-09-20,75.8457,23,INR,KDQ,SKODA Kodiaq,SKODA,Full-size SUV (CKD),4200,0.35,BFL,Bharat Forge,domestic,0.18,6,FST,Fasteners,Steel,B,17335,1.564,PO-KDQ-FST-00425-202409-3
KDQ-FST-00425,Fasteners B09 - SKODA Kodiaq (Bharat Forge),2024-10-06,77.2364,25,INR,KDQ,SKODA Kodiaq,SKODA,Full-size SUV (CKD),4200,0.35,BFL,Bharat Forge,domestic,0.18,6,FST,Fasteners,Steel,B,17335,1.564,PO-KDQ-FST-00425-202410-1
KDQ-FST-00425,Fasteners B09 - SKODA Kodiaq (Bharat Forge),2024-10-13,75.7349,13,INR,KDQ,SKODA Kodiaq,SKODA,Full-size SUV (CKD),4200,0.35,BFL,Bharat Forge,domestic,0.18,6,FST,Fasteners,Steel,B,17335,1.564,PO-KDQ-FST-00425-202410-2
KDQ-FST-00425,Fasteners B09 - SKODA Kodiaq (Bharat Forge),2024-10-20,77.5273,11,INR,KDQ,SKODA Kodiaq,SKODA,Full-size SUV (CKD),4200,0.35,BFL,Bharat Forge,domestic,0.18,6,FST,Fasteners,Steel,B,17335,1.564,PO-KDQ-FST-00425-202410-3
KDQ-FST-00425,Fasteners B09 - SKODA Kodiaq (Bharat Forge),2024-11-06,77.0006,35,INR,KDQ,SKODA Kodiaq,SKODA,Full-size SUV (CKD),4200,0.35,BFL,Bharat Forge,domestic,0.18,6,FST,Fasteners,Steel,B,17335,1.564,PO-KDQ-FST-00425-202411-1
KDQ-FST-00425,Fasteners B09 - SKODA Kodiaq (Bharat Forge),2024-11-13,76.9191,15,INR,KDQ,SKODA Kodiaq,SKODA,Full-size SUV (CKD),4200,0.35,BFL,Bharat Forge,domestic,0.18,6,FST,Fasteners,Steel,B,17335,1.564,PO-KDQ-FST-00425-202411-2
KDQ-FST-00425,Fasteners B09 - SKODA Kodiaq (Bharat Forge),2024-12-06,72.3419,50,INR,KDQ,SKODA Kodiaq,SKODA,Full-size SUV (CKD),4200,0.35,BFL,Bharat Forge,domestic,0.18,6,FST,Fasteners,Steel,B,17335,1.564,PO-KDQ-FST-00425-202412-1
KDQ-FST-00425,Fasteners B09 - SKODA Kodiaq (Bharat Forge),2025-01-06,74.5006,8,INR,KDQ,SKODA Kodiaq,SKODA,Full-size SUV (CKD),4200,0.35,BFL,Bharat Forge,domestic,0.18,6,FST,Fasteners,Steel,B,17335,1.564,PO-KDQ-FST-00425-202501-1
KDQ-FST-00425,Fasteners B09 - SKODA Kodiaq (Bharat Forge),2025-01-13,74.4629,42,INR,KDQ,SKODA Kodiaq,SKODA,Full-size SUV (CKD),4200,0.35,BFL,Bharat Forge,domestic,0.18,6,FST,Fasteners,Steel,B,17335,1.564,PO-KDQ-FST-00425-202501-2
KDQ-FST-00425,Fasteners B09 - SKODA Kodiaq (Bharat Forge),2025-02-06,73.5133,4,INR,KDQ,SKODA Kodiaq,SKODA,Full-size SUV (CKD),4200,0.35,BFL,Bharat Forge,domestic,0.18,6,FST,Fasteners,Steel,B,17335,1.564,PO-KDQ-FST-00425-202502-1
KDQ-FST-00425,Fasteners B09 - SKODA Kodiaq (Bharat Forge),2025-02-13,74.1713,46,INR,KDQ,SKODA Kodiaq,SKODA,Full-size SUV (CKD),4200,0.35,BFL,Bharat Forge,domestic,0.18,6,FST,Fasteners,Steel,B,17335,1.564,PO-KDQ-FST-00425-202502-2
KDQ-FST-00425,Fasteners B09 - SKODA Kodiaq (Bharat Forge),2025-03-06,71.4762,13,INR,KDQ,SKODA Kodiaq,SKODA,Full-size SUV (CKD),4200,0.35,BFL,Bharat Forge,domestic,0.18,6,FST,Fasteners,Steel,B,17335,1.564,PO-KDQ-FST-00425-202503-1
KDQ-FST-00425,Fasteners B09 - SKODA Kodiaq (Bharat Forge),2025-03-13,74.8974,37,INR,KDQ,SKODA Kodiaq,SKODA,Full-size SUV (CKD),4200,0.35,BFL,Bharat Forge,domestic,0.18,6,FST,Fasteners,Steel,B,17335,1.564,PO-KDQ-FST-00425-202503-2
KDQ-FST-00425,Fasteners B09 - SKODA Kodiaq (Bharat Forge),2025-04-06,76.786,13,INR,KDQ,SKODA Kodiaq,SKODA,Full-size SUV (CKD),4200,0.35,BFL,Bharat Forge,domestic,0.18,6,FST,Fasteners,Steel,B,17335,1.564,PO-KDQ-FST-00425-202504-1
KDQ-FST-00425,Fasteners B09 - SKODA Kodiaq (Bharat Forge),2025-04-13,77.0816,2,INR,KDQ,SKODA Kodiaq,SKODA,Full-size SUV (CKD),4200,0.35,BFL,Bharat Forge,domestic,0.18,6,FST,Fasteners,Steel,B,17335,1.564,PO-KDQ-FST-00425-202504-2
KDQ-FST-00425,Fasteners B09 - SKODA Kodiaq (Bharat Forge),2025-04-20,76.6999,35,INR,KDQ,SKODA Kodiaq,SKODA,Full-size SUV (CKD),4200,0.35,BFL,Bharat Forge,domestic,0.18,6,FST,Fasteners,Steel,B,17335,1.564,PO-KDQ-FST-00425-202504-3
KDQ-FST-00425,Fasteners B09 - SKODA Kodiaq (Bharat Forge),2025-05-06,81.3892,13,INR,KDQ,SKODA Kodiaq,SKODA,Full-size SUV (CKD),4200,0.35,BFL,Bharat Forge,domestic,0.18,6,FST,Fasteners,Steel,B,17335,1.564,PO-KDQ-FST-00425-202505-1
KDQ-FST-00425,Fasteners B09 - SKODA Kodiaq (Bharat Forge),2025-05-13,80.9748,34,INR,KDQ,SKODA Kodiaq,SKODA,Full-size SUV (CKD),4200,0.35,BFL,Bharat Forge,domestic,0.18,6,FST,Fasteners,Steel,B,17335,1.564,PO-KDQ-FST-00425-202505-2
KDQ-FST-00425,Fasteners B09 - SKODA Kodiaq (Bharat Forge),2025-05-20,81.7296,3,INR,KDQ,SKODA Kodiaq,SKODA,Full-size SUV (CKD),4200,0.35,BFL,Bharat Forge,domestic,0.18,6,FST,Fasteners,Steel,B,17335,1.564,PO-KDQ-FST-00425-202505-3
KDQ-FST-00425,Fasteners B09 - SKODA Kodiaq (Bharat Forge),2025-06-06,79.264,4,INR,KDQ,SKODA Kodiaq,SKODA,Full-size SUV (CKD),4200,0.35,BFL,Bharat Forge,domestic,0.18,6,FST,Fasteners,Steel,B,17335,1.564,PO-KDQ-FST-00425-202506-1
KDQ-FST-00425,Fasteners B09 - SKODA Kodiaq (Bharat Forge),2025-06-13,79.2981,46,INR,KDQ,SKODA Kodiaq,SKODA,Full-size SUV (CKD),4200,0.35,BFL,Bharat Forge,domestic,0.18,6,FST,Fasteners,Steel,B,17335,1.564,PO-KDQ-FST-00425-202506-2
KDQ-FST-00425,Fasteners B09 - SKODA Kodiaq (Bharat Forge),2025-07-06,79.016,26,INR,KDQ,SKODA Kodiaq,SKODA,Full-size SUV (CKD),4200,0.35,BFL,Bharat Forge,domestic,0.18,6,FST,Fasteners,Steel,B,17335,1.564,PO-KDQ-FST-00425-202507-1
KDQ-FST-00425,Fasteners B09 - SKODA Kodiaq (Bharat Forge),2025-07-13,79.2423,24,INR,KDQ,SKODA Kodiaq,SKODA,Full-size SUV (CKD),4200,0.35,BFL,Bharat Forge,domestic,0.18,6,FST,Fasteners,Steel,B,17335,1.564,PO-KDQ-FST-00425-202507-2
KDQ-FST-00425,Fasteners B09 - SKODA Kodiaq (Bharat Forge),2025-08-06,82.3492,48,INR,KDQ,SKODA Kodiaq,SKODA,Full-size SUV (CKD),4200,0.35,BFL,Bharat Forge,domestic,0.18,6,FST,Fasteners,Steel,B,17335,1.564,PO-KDQ-FST-00425-202508-1
KDQ-FST-00425,Fasteners B09 - SKODA Kodiaq (Bharat Forge),2025-08-13,81.5482,2,INR,KDQ,SKODA Kodiaq,SKODA,Full-size SUV (CKD),4200,0.35,BFL,Bharat Forge,domestic,0.18,6,FST,Fasteners,Steel,B,17335,1.564,PO-KDQ-FST-00425-202508-2
KDQ-FST-00425,Fasteners B09 - SKODA Kodiaq (Bharat Forge),2025-09-06,81.0315,50,INR,KDQ,SKODA Kodiaq,SKODA,Full-size SUV (CKD),4200,0.35,BFL,Bharat Forge,domestic,0.18,6,FST,Fasteners,Steel,B,17335,1.564,PO-KDQ-FST-00425-202509-1
KDQ-FST-00425,Fasteners B09 - SKODA Kodiaq (Bharat Forge),2025-10-06,78.521,38,INR,KDQ,SKODA Kodiaq,SKODA,Full-size SUV (CKD),4200,0.35,BFL,Bharat Forge,domestic,0.18,6,FST,Fasteners,Steel,B,17335,1.564,PO-KDQ-FST-00425-202510-1
KDQ-FST-00425,Fasteners B09 - SKODA Kodiaq (Bharat Forge),2025-10-13,79.5092,12,INR,KDQ,SKODA Kodiaq,SKODA,Full-size SUV (CKD),4200,0.35,BFL,Bharat Forge,domestic,0.18,6,FST,Fasteners,Steel,B,17335,1.564,PO-KDQ-FST-00425-202510-2
KDQ-FST-00425,Fasteners B09 - SKODA Kodiaq (Bharat Forge),2025-11-06,77.9842,32,INR,KDQ,SKODA Kodiaq,SKODA,Full-size SUV (CKD),4200,0.35,BFL,Bharat Forge,domestic,0.18,6,FST,Fasteners,Steel,B,17335,1.564,PO-KDQ-FST-00425-202511-1
KDQ-FST-00425,Fasteners B09 - SKODA Kodiaq (Bharat Forge),2025-11-13,78.2684,18,INR,KDQ,SKODA Kodiaq,SKODA,Full-size SUV (CKD),4200,0.35,BFL,Bharat Forge,domestic,0.18,6,FST,Fasteners,Steel,B,17335,1.564,PO-KDQ-FST-00425-202511-2
KDQ-FST-00425,Fasteners B09 - SKODA Kodiaq (Bharat Forge),2025-12-06,80.5034,50,INR,KDQ,SKODA Kodiaq,SKODA,Full-size SUV (CKD),4200,0.35,BFL,Bharat Forge,domestic,0.18,6,FST,Fasteners,Steel,B,17335,1.564,PO-KDQ-FST-00425-202512-1
KDQ-FST-00425,Fasteners B09 - SKODA Kodiaq (Bharat Forge),2026-01-06,81.9867,34,INR,KDQ,SKODA Kodiaq,SKODA,Full-size SUV (CKD),4200,0.35,BFL,Bharat Forge,domestic,0.18,6,FST,Fasteners,Steel,B,17335,1.564,PO-KDQ-FST-00425-202601-1
KDQ-FST-00425,Fasteners B09 - SKODA Kodiaq (Bharat Forge),2026-01-13,81.0579,16,INR,KDQ,SKODA Kodiaq,SKODA,Full-size SUV (CKD),4200,0.35,BFL,Bharat Forge,domestic,0.18,6,FST,Fasteners,Steel,B,17335,1.564,PO-KDQ-FST-00425-202601-2
KDQ-FST-00425,Fasteners B09 - SKODA Kodiaq (Bharat Forge),2026-02-06,81.9416,49,INR,KDQ,SKODA Kodiaq,SKODA,Full-size SUV (CKD),4200,0.35,BFL,Bharat Forge,domestic,0.18,6,FST,Fasteners,Steel,B,17335,1.564,PO-KDQ-FST-00425-202602-1
KDQ-FST-00425,Fasteners B09 - SKODA Kodiaq (Bharat Forge),2026-02-13,81.6709,1,INR,KDQ,SKODA Kodiaq,SKODA,Full-size SUV (CKD),4200,0.35,BFL,Bharat Forge,domestic,0.18,6,FST,Fasteners,Steel,B,17335,1.564,PO-KDQ-FST-00425-202602-2
KDQ-FST-00425,Fasteners B09 - SKODA Kodiaq (Bharat Forge),2026-03-06,83.5107,18,INR,KDQ,SKODA Kodiaq,SKODA,Full-size SUV (CKD),4200,0.35,BFL,Bharat Forge,domestic,0.18,6,FST,Fasteners,Steel,B,17335,1.564,PO-KDQ-FST-00425-202603-1
KDQ-FST-00425,Fasteners B09 - SKODA Kodiaq (Bharat Forge),2026-03-13,83.7175,32,INR,KDQ,SKODA Kodiaq,SKODA,Full-size SUV (CKD),4200,0.35,BFL,Bharat Forge,domestic,0.18,6,FST,Fasteners,Steel,B,17335,1.564,PO-KDQ-FST-00425-202603-2
KDQ-FST-00425,Fasteners B09 - SKODA Kodiaq (Bharat Forge),2026-04-06,82.3524,4,INR,KDQ,SKODA Kodiaq,SKODA,Full-size SUV (CKD),4200,0.35,BFL,Bharat Forge,domestic,0.18,6,FST,Fasteners,Steel,B,17335,1.564,PO-KDQ-FST-00425-202604-1
KDQ-FST-00425,Fasteners B09 - SKODA Kodiaq (Bharat Forge),2026-04-13,82.8195,4,INR,KDQ,SKODA Kodiaq,SKODA,Full-size SUV (CKD),4200,0.35,BFL,Bharat Forge,domestic,0.18,6,FST,Fasteners,Steel,B,17335,1.564,PO-KDQ-FST-00425-202604-2
KDQ-FST-00425,Fasteners B09 - SKODA Kodiaq (Bharat Forge),2026-04-20,82.7556,42,INR,KDQ,SKODA Kodiaq,SKODA,Full-size SUV (CKD),4200,0.35,BFL,Bharat Forge,domestic,0.18,6,FST,Fasteners,Steel,B,17335,1.564,PO-KDQ-FST-00425-202604-3
KDQ-FST-00425,Fasteners B09 - SKODA Kodiaq (Bharat Forge),2026-05-06,79.1205,48,INR,KDQ,SKODA Kodiaq,SKODA,Full-size SUV (CKD),4200,0.35,BFL,Bharat Forge,domestic,0.18,6,FST,Fasteners,Steel,B,17335,1.564,PO-KDQ-FST-00425-202605-1
KDQ-FST-00425,Fasteners B09 - SKODA Kodiaq (Bharat Forge),2026-05-13,78.0515,2,INR,KDQ,SKODA Kodiaq,SKODA,Full-size SUV (CKD),4200,0.35,BFL,Bharat Forge,domestic,0.18,6,FST,Fasteners,Steel,B,17335,1.564,PO-KDQ-FST-00425-202605-2
KDQ-FST-00425,Fasteners B09 - SKODA Kodiaq (Bharat Forge),2026-06-06,81.7434,7,INR,KDQ,SKODA Kodiaq,SKODA,Full-size SUV (CKD),4200,0.35,BFL,Bharat Forge,domestic,0.18,6,FST,Fasteners,Steel,B,17335,1.564,PO-KDQ-FST-00425-202606-1
KDQ-FST-00425,Fasteners B09 - SKODA Kodiaq (Bharat Forge),2026-06-13,81.6466,29,INR,KDQ,SKODA Kodiaq,SKODA,Full-size SUV (CKD),4200,0.35,BFL,Bharat Forge,domestic,0.18,6,FST,Fasteners,Steel,B,17335,1.564,PO-KDQ-FST-00425-202606-2
KDQ-FST-00425,Fasteners B09 - SKODA Kodiaq (Bharat Forge),2026-06-20,81.2722,14,INR,KDQ,SKODA Kodiaq,SKODA,Full-size SUV (CKD),4200,0.35,BFL,Bharat Forge,domestic,0.18,6,FST,Fasteners,Steel,B,17335,1.564,PO-KDQ-FST-00425-202606-3
KDQ-BDY-00431,Body Stampings B22 - SKODA Kodiaq (Endurance Technologies),2023-07-06,1109.8247,46,INR,KDQ,SKODA Kodiaq,SKODA,Full-size SUV (CKD),4200,0.35,END,Endurance Technologies,domestic,0.2,3,BDY,Body Stampings,Steel,B,4508,1.284,PO-KDQ-BDY-00431-202307-1
KDQ-BDY-00431,Body Stampings B22 - SKODA Kodiaq (Endurance Technologies),2023-07-13,1093.7876,4,INR,KDQ,SKODA Kodiaq,SKODA,Full-size SUV (CKD),4200,0.35,END,Endurance Technologies,domestic,0.2,3,BDY,Body Stampings,Steel,B,4508,1.284,PO-KDQ-BDY-00431-202307-2
KDQ-BDY-00431,Body Stampings B22 - SKODA Kodiaq (Endurance Technologies),2023-08-06,1080.001,28,INR,KDQ,SKODA Kodiaq,SKODA,Full-size SUV (CKD),4200,0.35,END,Endurance Technologies,domestic,0.2,3,BDY,Body Stampings,Steel,B,4508,1.284,PO-KDQ-BDY-00431-202308-1
KDQ-BDY-00431,Body Stampings B22 - SKODA Kodiaq (Endurance Technologies),2023-08-13,1087.3804,14,INR,KDQ,SKODA Kodiaq,SKODA,Full-size SUV (CKD),4200,0.35,END,Endurance Technologies,domestic,0.2,3,BDY,Body Stampings,Steel,B,4508,1.284,PO-KDQ-BDY-00431-202308-2
KDQ-BDY-00431,Body Stampings B22 - SKODA Kodiaq (Endurance Technologies),2023-08-20,1090.0264,8,INR,KDQ,SKODA Kodiaq,SKODA,Full-size SUV (CKD),4200,0.35,END,Endurance Technologies,domestic,0.2,3,BDY,Body Stampings,Steel,B,4508,1.284,PO-KDQ-BDY-00431-202308-3
KDQ-BDY-00431,Body Stampings B22 - SKODA Kodiaq (Endurance Technologies),2023-09-06,1123.2701,12,INR,KDQ,SKODA Kodiaq,SKODA,Full-size SUV (CKD),4200,0.35,END,Endurance Technologies,domestic,0.2,3,BDY,Body Stampings,Steel,B,4508,1.284,PO-KDQ-BDY-00431-202309-1
KDQ-BDY-00431,Body Stampings B22 - SKODA Kodiaq (Endurance Technologies),2023-09-13,1127.5857,34,INR,KDQ,SKODA Kodiaq,SKODA,Full-size SUV (CKD),4200,0.35,END,Endurance Technologies,domestic,0.2,3,BDY,Body Stampings,Steel,B,4508,1.284,PO-KDQ-BDY-00431-202309-2
KDQ-BDY-00431,Body Stampings B22 - SKODA Kodiaq (Endurance Technologies),2023-09-20,1119.7704,4,INR,KDQ,SKODA Kodiaq,SKODA,Full-size SUV (CKD),4200,0.35,END,Endurance Technologies,domestic,0.2,3,BDY,Body Stampings,Steel,B,4508,1.284,PO-KDQ-BDY-00431-202309-3
KDQ-BDY-00431,Body Stampings B22 - SKODA Kodiaq (Endurance Technologies),2023-10-06,1147.9906,4,INR,KDQ,SKODA Kodiaq,SKODA,Full-size SUV (CKD),4200,0.35,END,Endurance Technologies,domestic,0.2,3,BDY,Body Stampings,Steel,B,4508,1.284,PO-KDQ-BDY-00431-202310-1
KDQ-BDY-00431,Body Stampings B22 - SKODA Kodiaq (Endurance Technologies),2023-10-13,1144.1257,46,INR,KDQ,SKODA Kodiaq,SKODA,Full-size SUV (CKD),4200,0.35,END,Endurance Technologies,domestic,0.2,3,BDY,Body Stampings,Steel,B,4508,1.284,PO-KDQ-BDY-00431-202310-2
KDQ-BDY-00431,Body Stampings B22 - SKODA Kodiaq (Endurance Technologies),2023-11-06,1153.701,20,INR,KDQ,SKODA Kodiaq,SKODA,Full-size SUV (CKD),4200,0.35,END,Endurance Technologies,domestic,0.2,3,BDY,Body Stampings,Steel,B,4508,1.284,PO-KDQ-BDY-00431-202311-1
KDQ-BDY-00431,Body Stampings B22 - SKODA Kodiaq (Endurance Technologies),2023-11-13,1146.3542,30,INR,KDQ,SKODA Kodiaq,SKODA,Full-size SUV (CKD),4200,0.35,END,Endurance Technologies,domestic,0.2,3,BDY,Body Stampings,Steel,B,4508,1.284,PO-KDQ-BDY-00431-202311-2
KDQ-BDY-00431,Body Stampings B22 - SKODA Kodiaq (Endurance Technologies),2023-12-06,1143.4525,12,INR,KDQ,SKODA Kodiaq,SKODA,Full-size SUV (CKD),4200,0.35,END,Endurance Technologies,domestic,0.2,3,BDY,Body Stampings,Steel,B,4508,1.284,PO-KDQ-BDY-00431-202312-1
KDQ-BDY-00431,Body Stampings B22 - SKODA Kodiaq (Endurance Technologies),2023-12-13,1123.1346,11,INR,KDQ,SKODA Kodiaq,SKODA,Full-size SUV (CKD),4200,0.35,END,Endurance Technologies,domestic,0.2,3,BDY,Body Stampings,Steel,B,4508,1.284,PO-KDQ-BDY-00431-202312-2
KDQ-BDY-00431,Body Stampings B22 - SKODA Kodiaq (Endurance Technologies),2023-12-20,1136.9028,27,INR,KDQ,SKODA Kodiaq,SKODA,Full-size SUV (CKD),4200,0.35,END,Endurance Technologies,domestic,0.2,3,BDY,Body Stampings,Steel,B,4508,1.284,PO-KDQ-BDY-00431-202312-3
KDQ-BDY-00431,Body Stampings B22 - SKODA Kodiaq (Endurance Technologies),2024-01-06,1161.0658,42,INR,KDQ,SKODA Kodiaq,SKODA,Full-size SUV (CKD),4200,0.35,END,Endurance Technologies,domestic,0.2,3,BDY,Body Stampings,Steel,B,4508,1.284,PO-KDQ-BDY-00431-202401-1
KDQ-BDY-00431,Body Stampings B22 - SKODA Kodiaq (Endurance Technologies),2024-01-13,1153.1247,8,INR,KDQ,SKODA Kodiaq,SKODA,Full-size SUV (CKD),4200,0.35,END,Endurance Technologies,domestic,0.2,3,BDY,Body Stampings,Steel,B,4508,1.284,PO-KDQ-BDY-00431-202401-2
KDQ-BDY-00431,Body Stampings B22 - SKODA Kodiaq (Endurance Technologies),2024-02-06,1163.0567,50,INR,KDQ,SKODA Kodiaq,SKODA,Full-size SUV (CKD),4200,0.35,END,Endurance Technologies,domestic,0.2,3,BDY,Body Stampings,Steel,B,4508,1.284,PO-KDQ-BDY-00431-202402-1
KDQ-BDY-00431,Body Stampings B22 - SKODA Kodiaq (Endurance Technologies),2024-03-06,1169.9428,1,INR,KDQ,SKODA Kodiaq,SKODA,Full-size SUV (CKD),4200,0.35,END,Endurance Technologies,domestic,0.2,3,BDY,Body Stampings,Steel,B,4508,1.284,PO-KDQ-BDY-00431-202403-1
KDQ-BDY-00431,Body Stampings B22 - SKODA Kodiaq (Endurance Technologies),2024-03-13,1154.9817,41,INR,KDQ,SKODA Kodiaq,SKODA,Full-size SUV (CKD),4200,0.35,END,Endurance Technologies,domestic,0.2,3,BDY,Body Stampings,Steel,B,4508,1.284,PO-KDQ-BDY-00431-202403-2
KDQ-BDY-00431,Body Stampings B22 - SKODA Kodiaq (Endurance Technologies),2024-03-20,1153.6373,9,INR,KDQ,SKODA Kodiaq,SKODA,Full-size SUV (CKD),4200,0.35,END,Endurance Technologies,domestic,0.2,3,BDY,Body Stampings,Steel,B,4508,1.284,PO-KDQ-BDY-00431-202403-3
KDQ-BDY-00431,Body Stampings B22 - SKODA Kodiaq (Endurance Technologies),2024-04-06,1158.8923,30,INR,KDQ,SKODA Kodiaq,SKODA,Full-size SUV (CKD),4200,0.35,END,Endurance Technologies,domestic,0.2,3,BDY,Body Stampings,Steel,B,4508,1.284,PO-KDQ-BDY-00431-202404-1
KDQ-BDY-00431,Body Stampings B22 - SKODA Kodiaq (Endurance Technologies),2024-04-13,1161.786,6,INR,KDQ,SKODA Kodiaq,SKODA,Full-size SUV (CKD),4200,0.35,END,Endurance Technologies,domestic,0.2,3,BDY,Body Stampings,Steel,B,4508,1.284,PO-KDQ-BDY-00431-202404-2
KDQ-BDY-00431,Body Stampings B22 - SKODA Kodiaq (Endurance Technologies),2024-04-20,1161.7035,14,INR,KDQ,SKODA Kodiaq,SKODA,Full-size SUV (CKD),4200,0.35,END,Endurance Technologies,domestic,0.2,3,BDY,Body Stampings,Steel,B,4508,1.284,PO-KDQ-BDY-00431-202404-3
KDQ-BDY-00431,Body Stampings B22 - SKODA Kodiaq (Endurance Technologies),2024-05-06,1171.5001,50,INR,KDQ,SKODA Kodiaq,SKODA,Full-size SUV (CKD),4200,0.35,END,Endurance Technologies,domestic,0.2,3,BDY,Body Stampings,Steel,B,4508,1.284,PO-KDQ-BDY-00431-202405-1
KDQ-BDY-00431,Body Stampings B22 - SKODA Kodiaq (Endurance Technologies),2024-06-06,1155.1982,5,INR,KDQ,SKODA Kodiaq,SKODA,Full-size SUV (CKD),4200,0.35,END,Endurance Technologies,domestic,0.2,3,BDY,Body Stampings,Steel,B,4508,1.284,PO-KDQ-BDY-00431-202406-1
KDQ-BDY-00431,Body Stampings B22 - SKODA Kodiaq (Endurance Technologies),2024-06-13,1163.2518,37,INR,KDQ,SKODA Kodiaq,SKODA,Full-size SUV (CKD),4200,0.35,END,Endurance Technologies,domestic,0.2,3,BDY,Body Stampings,Steel,B,4508,1.284,PO-KDQ-BDY-00431-202406-2
KDQ-BDY-00431,Body Stampings B22 - SKODA Kodiaq (Endurance Technologies),2024-06-20,1165.9357,8,INR,KDQ,SKODA Kodiaq,SKODA,Full-size SUV (CKD),4200,0.35,END,Endurance Technologies,domestic,0.2,3,BDY,Body Stampings,Steel,B,4508,1.284,PO-KDQ-BDY-00431-202406-3
KDQ-BDY-00431,Body Stampings B22 - SKODA Kodiaq (Endurance Technologies),2024-07-06,1153.6554,22,INR,KDQ,SKODA Kodiaq,SKODA,Full-size SUV (CKD),4200,0.35,END,Endurance Technologies,domestic,0.2,3,BDY,Body Stampings,Steel,B,4508,1.284,PO-KDQ-BDY-00431-202407-1
KDQ-BDY-00431,Body Stampings B22 - SKODA Kodiaq (Endurance Technologies),2024-07-13,1142.3605,26,INR,KDQ,SKODA Kodiaq,SKODA,Full-size SUV (CKD),4200,0.35,END,Endurance Technologies,domestic,0.2,3,BDY,Body Stampings,Steel,B,4508,1.284,PO-KDQ-BDY-00431-202407-2
KDQ-BDY-00431,Body Stampings B22 - SKODA Kodiaq (Endurance Technologies),2024-07-20,1142.5495,1,INR,KDQ,SKODA Kodiaq,SKODA,Full-size SUV (CKD),4200,0.35,END,Endurance Technologies,domestic,0.2,3,BDY,Body Stampings,Steel,B,4508,1.284,PO-KDQ-BDY-00431-202407-3
KDQ-BDY-00431,Body Stampings B22 - SKODA Kodiaq (Endurance Technologies),2024-08-06,1127.6003,1,INR,KDQ,SKODA Kodiaq,SKODA,Full-size SUV (CKD),4200,0.35,END,Endurance Technologies,domestic,0.2,3,BDY,Body Stampings,Steel,B,4508,1.284,PO-KDQ-BDY-00431-202408-1
KDQ-BDY-00431,Body Stampings B22 - SKODA Kodiaq (Endurance Technologies),2024-08-13,1141.8619,33,INR,KDQ,SKODA Kodiaq,SKODA,Full-size SUV (CKD),4200,0.35,END,Endurance Technologies,domestic,0.2,3,BDY,Body Stampings,Steel,B,4508,1.284,PO-KDQ-BDY-00431-202408-2
KDQ-BDY-00431,Body Stampings B22 - SKODA Kodiaq (Endurance Technologies),2024-08-20,1124.2199,17,INR,KDQ,SKODA Kodiaq,SKODA,Full-size SUV (CKD),4200,0.35,END,Endurance Technologies,domestic,0.2,3,BDY,Body Stampings,Steel,B,4508,1.284,PO-KDQ-BDY-00431-202408-3
KDQ-BDY-00431,Body Stampings B22 - SKODA Kodiaq (Endurance Technologies),2024-09-06,1120.094,25,INR,KDQ,SKODA Kodiaq,SKODA,Full-size SUV (CKD),4200,0.35,END,Endurance Technologies,domestic,0.2,3,BDY,Body Stampings,Steel,B,4508,1.284,PO-KDQ-BDY-00431-202409-1
KDQ-BDY-00431,Body Stampings B22 - SKODA Kodiaq (Endurance Technologies),2024-09-13,1122.3793,25,INR,KDQ,SKODA Kodiaq,SKODA,Full-size SUV (CKD),4200,0.35,END,Endurance Technologies,domestic,0.2,3,BDY,Body Stampings,Steel,B,4508,1.284,PO-KDQ-BDY-00431-202409-2
KDQ-BDY-00431,Body Stampings B22 - SKODA Kodiaq (Endurance Technologies),2024-10-06,1128.4821,25,INR,KDQ,SKODA Kodiaq,SKODA,Full-size SUV (CKD),4200,0.35,END,Endurance Technologies,domestic,0.2,3,BDY,Body Stampings,Steel,B,4508,1.284,PO-KDQ-BDY-00431-202410-1
KDQ-BDY-00431,Body Stampings B22 - SKODA Kodiaq (Endurance Technologies),2024-10-13,1134.6427,25,INR,KDQ,SKODA Kodiaq,SKODA,Full-size SUV (CKD),4200,0.35,END,Endurance Technologies,domestic,0.2,3,BDY,Body Stampings,Steel,B,4508,1.284,PO-KDQ-BDY-00431-202410-2
KDQ-BDY-00431,Body Stampings B22 - SKODA Kodiaq (Endurance Technologies),2024-11-06,1130.2442,50,INR,KDQ,SKODA Kodiaq,SKODA,Full-size SUV (CKD),4200,0.35,END,Endurance Technologies,domestic,0.2,3,BDY,Body Stampings,Steel,B,4508,1.284,PO-KDQ-BDY-00431-202411-1
KDQ-BDY-00431,Body Stampings B22 - SKODA Kodiaq (Endurance Technologies),2024-12-06,1170.847,16,INR,KDQ,SKODA Kodiaq,SKODA,Full-size SUV (CKD),4200,0.35,END,Endurance Technologies,domestic,0.2,3,BDY,Body Stampings,Steel,B,4508,1.284,PO-KDQ-BDY-00431-202412-1
KDQ-BDY-00431,Body Stampings B22 - SKODA Kodiaq (Endurance Technologies),2024-12-13,1180.117,2,INR,KDQ,SKODA Kodiaq,SKODA,Full-size SUV (CKD),4200,0.35,END,Endurance Technologies,domestic,0.2,3,BDY,Body Stampings,Steel,B,4508,1.284,PO-KDQ-BDY-00431-202412-2
KDQ-BDY-00431,Body Stampings B22 - SKODA Kodiaq (Endurance Technologies),2024-12-20,1143.941,32,INR,KDQ,SKODA Kodiaq,SKODA,Full-size SUV (CKD),4200,0.35,END,Endurance Technologies,domestic,0.2,3,BDY,Body Stampings,Steel,B,4508,1.284,PO-KDQ-BDY-00431-202412-3
KDQ-BDY-00431,Body Stampings B22 - SKODA Kodiaq (Endurance Technologies),2025-01-06,1200.1199,19,INR,KDQ,SKODA Kodiaq,SKODA,Full-size SUV (CKD),4200,0.35,END,Endurance Technologies,domestic,0.2,3,BDY,Body Stampings,Steel,B,4508,1.284,PO-KDQ-BDY-00431-202501-1
KDQ-BDY-00431,Body Stampings B22 - SKODA Kodiaq (Endurance Technologies),2025-01-13,1196.1139,3,INR,KDQ,SKODA Kodiaq,SKODA,Full-size SUV (CKD),4200,0.35,END,Endurance Technologies,domestic,0.2,3,BDY,Body Stampings,Steel,B,4508,1.284,PO-KDQ-BDY-00431-202501-2
KDQ-BDY-00431,Body Stampings B22 - SKODA Kodiaq (Endurance Technologies),2025-01-20,1199.5244,28,INR,KDQ,SKODA Kodiaq,SKODA,Full-size SUV (CKD),4200,0.35,END,Endurance Technologies,domestic,0.2,3,BDY,Body Stampings,Steel,B,4508,1.284,PO-KDQ-BDY-00431-202501-3
KDQ-BDY-00431,Body Stampings B22 - SKODA Kodiaq (Endurance Technologies),2025-02-06,1211.3097,50,INR,KDQ,SKODA Kodiaq,SKODA,Full-size SUV (CKD),4200,0.35,END,Endurance Technologies,domestic,0.2,3,BDY,Body Stampings,Steel,B,4508,1.284,PO-KDQ-BDY-00431-202502-1
KDQ-BDY-00431,Body Stampings B22 - SKODA Kodiaq (Endurance Technologies),2025-03-06,1243.4247,18,INR,KDQ,SKODA Kodiaq,SKODA,Full-size SUV (CKD),4200,0.35,END,Endurance Technologies,domestic,0.2,3,BDY,Body Stampings,Steel,B,4508,1.284,PO-KDQ-BDY-00431-202503-1
KDQ-BDY-00431,Body Stampings B22 - SKODA Kodiaq (Endurance Technologies),2025-03-13,1238.2958,8,INR,KDQ,SKODA Kodiaq,SKODA,Full-size SUV (CKD),4200,0.35,END,Endurance Technologies,domestic,0.2,3,BDY,Body Stampings,Steel,B,4508,1.284,PO-KDQ-BDY-00431-202503-2
KDQ-BDY-00431,Body Stampings B22 - SKODA Kodiaq (Endurance Technologies),2025-03-20,1241.9115,25,INR,KDQ,SKODA Kodiaq,SKODA,Full-size SUV (CKD),4200,0.35,END,Endurance Technologies,domestic,0.2,3,BDY,Body Stampings,Steel,B,4508,1.284,PO-KDQ-BDY-00431-202503-3
KDQ-BDY-00431,Body Stampings B22 - SKODA Kodiaq (Endurance Technologies),2025-04-06,1208.2769,11,INR,KDQ,SKODA Kodiaq,SKODA,Full-size SUV (CKD),4200,0.35,END,Endurance Technologies,domestic,0.2,3,BDY,Body Stampings,Steel,B,4508,1.284,PO-KDQ-BDY-00431-202504-1
KDQ-BDY-00431,Body Stampings B22 - SKODA Kodiaq (Endurance Technologies),2025-04-13,1175.1825,39,INR,KDQ,SKODA Kodiaq,SKODA,Full-size SUV (CKD),4200,0.35,END,Endurance Technologies,domestic,0.2,3,BDY,Body Stampings,Steel,B,4508,1.284,PO-KDQ-BDY-00431-202504-2
KDQ-BDY-00431,Body Stampings B22 - SKODA Kodiaq (Endurance Technologies),2025-05-06,1189.3908,50,INR,KDQ,SKODA Kodiaq,SKODA,Full-size SUV (CKD),4200,0.35,END,Endurance Technologies,domestic,0.2,3,BDY,Body Stampings,Steel,B,4508,1.284,PO-KDQ-BDY-00431-202505-1
KDQ-BDY-00431,Body Stampings B22 - SKODA Kodiaq (Endurance Technologies),2025-06-06,1230.0155,50,INR,KDQ,SKODA Kodiaq,SKODA,Full-size SUV (CKD),4200,0.35,END,Endurance Technologies,domestic,0.2,3,BDY,Body Stampings,Steel,B,4508,1.284,PO-KDQ-BDY-00431-202506-1
KDQ-BDY-00431,Body Stampings B22 - SKODA Kodiaq (Endurance Technologies),2025-07-06,1255.9985,50,INR,KDQ,SKODA Kodiaq,SKODA,Full-size SUV (CKD),4200,0.35,END,Endurance Technologies,domestic,0.2,3,BDY,Body Stampings,Steel,B,4508,1.284,PO-KDQ-BDY-00431-202507-1
KDQ-BDY-00431,Body Stampings B22 - SKODA Kodiaq (Endurance Technologies),2025-08-06,1269.1283,46,INR,KDQ,SKODA Kodiaq,SKODA,Full-size SUV (CKD),4200,0.35,END,Endurance Technologies,domestic,0.2,3,BDY,Body Stampings,Steel,B,4508,1.284,PO-KDQ-BDY-00431-202508-1
KDQ-BDY-00431,Body Stampings B22 - SKODA Kodiaq (Endurance Technologies),2025-08-13,1262.7178,4,INR,KDQ,SKODA Kodiaq,SKODA,Full-size SUV (CKD),4200,0.35,END,Endurance Technologies,domestic,0.2,3,BDY,Body Stampings,Steel,B,4508,1.284,PO-KDQ-BDY-00431-202508-2
KDQ-BDY-00431,Body Stampings B22 - SKODA Kodiaq (Endurance Technologies),2025-09-06,1230.347,35,INR,KDQ,SKODA Kodiaq,SKODA,Full-size SUV (CKD),4200,0.35,END,Endurance Technologies,domestic,0.2,3,BDY,Body Stampings,Steel,B,4508,1.284,PO-KDQ-BDY-00431-202509-1
KDQ-BDY-00431,Body Stampings B22 - SKODA Kodiaq (Endurance Technologies),2025-09-13,1257.1344,15,INR,KDQ,SKODA Kodiaq,SKODA,Full-size SUV (CKD),4200,0.35,END,Endurance Technologies,domestic,0.2,3,BDY,Body Stampings,Steel,B,4508,1.284,PO-KDQ-BDY-00431-202509-2
KDQ-BDY-00431,Body Stampings B22 - SKODA Kodiaq (Endurance Technologies),2025-10-06,1161.7949,50,INR,KDQ,SKODA Kodiaq,SKODA,Full-size SUV (CKD),4200,0.35,END,Endurance Technologies,domestic,0.2,3,BDY,Body Stampings,Steel,B,4508,1.284,PO-KDQ-BDY-00431-202510-1
KDQ-BDY-00431,Body Stampings B22 - SKODA Kodiaq (Endurance Technologies),2025-11-06,1211.1354,50,INR,KDQ,SKODA Kodiaq,SKODA,Full-size SUV (CKD),4200,0.35,END,Endurance Technologies,domestic,0.2,3,BDY,Body Stampings,Steel,B,4508,1.284,PO-KDQ-BDY-00431-202511-1
KDQ-BDY-00431,Body Stampings B22 - SKODA Kodiaq (Endurance Technologies),2025-12-06,1225.1251,14,INR,KDQ,SKODA Kodiaq,SKODA,Full-size SUV (CKD),4200,0.35,END,Endurance Technologies,domestic,0.2,3,BDY,Body Stampings,Steel,B,4508,1.284,PO-KDQ-BDY-00431-202512-1
KDQ-BDY-00431,Body Stampings B22 - SKODA Kodiaq (Endurance Technologies),2025-12-13,1238.8848,1,INR,KDQ,SKODA Kodiaq,SKODA,Full-size SUV (CKD),4200,0.35,END,Endurance Technologies,domestic,0.2,3,BDY,Body Stampings,Steel,B,4508,1.284,PO-KDQ-BDY-00431-202512-2
KDQ-BDY-00431,Body Stampings B22 - SKODA Kodiaq (Endurance Technologies),2025-12-20,1228.224,35,INR,KDQ,SKODA Kodiaq,SKODA,Full-size SUV (CKD),4200,0.35,END,Endurance Technologies,domestic,0.2,3,BDY,Body Stampings,Steel,B,4508,1.284,PO-KDQ-BDY-00431-202512-3
KDQ-BDY-00431,Body Stampings B22 - SKODA Kodiaq (Endurance Technologies),2026-01-06,,50,INR,KDQ,SKODA Kodiaq,SKODA,Full-size SUV (CKD),4200,0.35,END,Endurance Technologies,domestic,0.2,3,BDY,Body Stampings,Steel,B,4508,1.284,PO-KDQ-BDY-00431-202601-1
KDQ-BDY-00431,Body Stampings B22 - SKODA Kodiaq (Endurance Technologies),2026-02-06,1282.4919,48,INR,KDQ,SKODA Kodiaq,SKODA,Full-size SUV (CKD),4200,0.35,END,Endurance Technologies,domestic,0.2,3,BDY,Body Stampings,Steel,B,4508,1.284,PO-KDQ-BDY-00431-202602-1
KDQ-BDY-00431,Body Stampings B22 - SKODA Kodiaq (Endurance Technologies),2026-02-13,1282.6026,1,INR,KDQ,SKODA Kodiaq,SKODA,Full-size SUV (CKD),4200,0.35,END,Endurance Technologies,domestic,0.2,3,BDY,Body Stampings,Steel,B,4508,1.284,PO-KDQ-BDY-00431-202602-2
KDQ-BDY-00431,Body Stampings B22 - SKODA Kodiaq (Endurance Technologies),2026-02-20,1273.8593,2,INR,KDQ,SKODA Kodiaq,SKODA,Full-size SUV (CKD),4200,0.35,END,Endurance Technologies,domestic,0.2,3,BDY,Body Stampings,Steel,B,4508,1.284,PO-KDQ-BDY-00431-202602-3
KDQ-BDY-00431,Body Stampings B22 - SKODA Kodiaq (Endurance Technologies),2026-03-06,1315.2101,40,INR,KDQ,SKODA Kodiaq,SKODA,Full-size SUV (CKD),4200,0.35,END,Endurance Technologies,domestic,0.2,3,BDY,Body Stampings,Steel,B,4508,1.284,PO-KDQ-BDY-00431-202603-1
KDQ-BDY-00431,Body Stampings B22 - SKODA Kodiaq (Endurance Technologies),2026-03-13,1281.9055,9,INR,KDQ,SKODA Kodiaq,SKODA,Full-size SUV (CKD),4200,0.35,END,Endurance Technologies,domestic,0.2,3,BDY,Body Stampings,Steel,B,4508,1.284,PO-KDQ-BDY-00431-202603-2
KDQ-BDY-00431,Body Stampings B22 - SKODA Kodiaq (Endurance Technologies),2026-03-20,1313.7861,2,INR,KDQ,SKODA Kodiaq,SKODA,Full-size SUV (CKD),4200,0.35,END,Endurance Technologies,domestic,0.2,3,BDY,Body Stampings,Steel,B,4508,1.284,PO-KDQ-BDY-00431-202603-3
KDQ-BDY-00431,Body Stampings B22 - SKODA Kodiaq (Endurance Technologies),2026-04-06,1272.3207,50,INR,KDQ,SKODA Kodiaq,SKODA,Full-size SUV (CKD),4200,0.35,END,Endurance Technologies,domestic,0.2,3,BDY,Body Stampings,Steel,B,4508,1.284,PO-KDQ-BDY-00431-202604-1
KDQ-BDY-00431,Body Stampings B22 - SKODA Kodiaq (Endurance Technologies),2026-05-06,1231.3761,50,INR,KDQ,SKODA Kodiaq,SKODA,Full-size SUV (CKD),4200,0.35,END,Endurance Technologies,domestic,0.2,3,BDY,Body Stampings,Steel,B,4508,1.284,PO-KDQ-BDY-00431-202605-1
KDQ-BDY-00431,Body Stampings B22 - SKODA Kodiaq (Endurance Technologies),2026-06-06,1282.248,50,INR,KDQ,SKODA Kodiaq,SKODA,Full-size SUV (CKD),4200,0.35,END,Endurance Technologies,domestic,0.2,3,BDY,Body Stampings,Steel,B,4508,1.284,PO-KDQ-BDY-00431-202606-1
KDQ-CHS-00436,Chassis A05 - SKODA Kodiaq (ZF India),2023-07-06,1987.203,38,INR,KDQ,SKODA Kodiaq,SKODA,Full-size SUV (CKD),4200,0.35,ZFI,ZF India,international,0.55,3,CHS,Chassis,Steel,A,4923,7.565,PO-KDQ-CHS-00436-202307-1
KDQ-CHS-00436,Chassis A05 - SKODA Kodiaq (ZF India),2023-07-13,1965.0687,10,INR,KDQ,SKODA Kodiaq,SKODA,Full-size SUV (CKD),4200,0.35,ZFI,ZF India,international,0.55,3,CHS,Chassis,Steel,A,4923,7.565,PO-KDQ-CHS-00436-202307-2
KDQ-CHS-00436,Chassis A05 - SKODA Kodiaq (ZF India),2023-07-20,1940.1775,1,INR,KDQ,SKODA Kodiaq,SKODA,Full-size SUV (CKD),4200,0.35,ZFI,ZF India,international,0.55,3,CHS,Chassis,Steel,A,4923,7.565,PO-KDQ-CHS-00436-202307-3
KDQ-CHS-00436,Chassis A05 - SKODA Kodiaq (ZF India),2023-08-06,1974.4171,50,INR,KDQ,SKODA Kodiaq,SKODA,Full-size SUV (CKD),4200,0.35,ZFI,ZF India,international,0.55,3,CHS,Chassis,Steel,A,4923,7.565,PO-KDQ-CHS-00436-202308-1
KDQ-CHS-00436,Chassis A05 - SKODA Kodiaq (ZF India),2023-09-06,1988.9736,9,INR,KDQ,SKODA Kodiaq,SKODA,Full-size SUV (CKD),4200,0.35,ZFI,ZF India,international,0.55,3,CHS,Chassis,Steel,A,4923,7.565,PO-KDQ-CHS-00436-202309-1
KDQ-CHS-00436,Chassis A05 - SKODA Kodiaq (ZF India),2023-09-13,1982.2647,29,INR,KDQ,SKODA Kodiaq,SKODA,Full-size SUV (CKD),4200,0.35,ZFI,ZF India,international,0.55,3,CHS,Chassis,Steel,A,4923,7.565,PO-KDQ-CHS-00436-202309-2
KDQ-CHS-00436,Chassis A05 - SKODA Kodiaq (ZF India),2023-09-20,2002.0468,12,INR,KDQ,SKODA Kodiaq,SKODA,Full-size SUV (CKD),4200,0.35,ZFI,ZF India,international,0.55,3,CHS,Chassis,Steel,A,4923,7.565,PO-KDQ-CHS-00436-202309-3
KDQ-CHS-00436,Chassis A05 - SKODA Kodiaq (ZF India),2023-10-06,1883.3802,50,INR,KDQ,SKODA Kodiaq,SKODA,Full-size SUV (CKD),4200,0.35,ZFI,ZF India,international,0.55,3,CHS,Chassis,Steel,A,4923,7.565,PO-KDQ-CHS-00436-202310-1
KDQ-CHS-00436,Chassis A05 - SKODA Kodiaq (ZF India),2023-11-06,1946.0977,47,INR,KDQ,SKODA Kodiaq,SKODA,Full-size SUV (CKD),4200,0.35,ZFI,ZF India,international,0.55,3,CHS,Chassis,Steel,A,4923,7.565,PO-KDQ-CHS-00436-202311-1
KDQ-CHS-00436,Chassis A05 - SKODA Kodiaq (ZF India),2023-11-13,1944.3457,3,INR,KDQ,SKODA Kodiaq,SKODA,Full-size SUV (CKD),4200,0.35,ZFI,ZF India,international,0.55,3,CHS,Chassis,Steel,A,4923,7.565,PO-KDQ-CHS-00436-202311-2
KDQ-CHS-00436,Chassis A05 - SKODA Kodiaq (ZF India),2023-12-06,1991.98,28,INR,KDQ,SKODA Kodiaq,SKODA,Full-size SUV (CKD),4200,0.35,ZFI,ZF India,international,0.55,3,CHS,Chassis,Steel,A,4923,7.565,PO-KDQ-CHS-00436-202312-1
KDQ-CHS-00436,Chassis A05 - SKODA Kodiaq (ZF India),2023-12-13,1972.5496,22,INR,KDQ,SKODA Kodiaq,SKODA,Full-size SUV (CKD),4200,0.35,ZFI,ZF India,international,0.55,3,CHS,Chassis,Steel,A,4923,7.565,PO-KDQ-CHS-00436-202312-2
KDQ-CHS-00436,Chassis A05 - SKODA Kodiaq (ZF India),2024-01-06,1951.8542,37,INR,KDQ,SKODA Kodiaq,SKODA,Full-size SUV (CKD),4200,0.35,ZFI,ZF India,international,0.55,3,CHS,Chassis,Steel,A,4923,7.565,PO-KDQ-CHS-00436-202401-1
KDQ-CHS-00436,Chassis A05 - SKODA Kodiaq (ZF India),2024-01-13,1921.5541,7,INR,KDQ,SKODA Kodiaq,SKODA,Full-size SUV (CKD),4200,0.35,ZFI,ZF India,international,0.55,3,CHS,Chassis,Steel,A,4923,7.565,PO-KDQ-CHS-00436-202401-2
KDQ-CHS-00436,Chassis A05 - SKODA Kodiaq (ZF India),2024-01-20,1950.0681,7,INR,KDQ,SKODA Kodiaq,SKODA,Full-size SUV (CKD),4200,0.35,ZFI,ZF India,international,0.55,3,CHS,Chassis,Steel,A,4923,7.565,PO-KDQ-CHS-00436-202401-3
KDQ-CHS-00436,Chassis A05 - SKODA Kodiaq (ZF India),2024-02-06,1961.279,26,INR,KDQ,SKODA Kodiaq,SKODA,Full-size SUV (CKD),4200,0.35,ZFI,ZF India,international,0.55,3,CHS,Chassis,Steel,A,4923,7.565,PO-KDQ-CHS-00436-202402-1
KDQ-CHS-00436,Chassis A05 - SKODA Kodiaq (ZF India),2024-02-13,1913.6407,24,INR,KDQ,SKODA Kodiaq,SKODA,Full-size SUV (CKD),4200,0.35,ZFI,ZF India,international,0.55,3,CHS,Chassis,Steel,A,4923,7.565,PO-KDQ-CHS-00436-202402-2
KDQ-CHS-00436,Chassis A05 - SKODA Kodiaq (ZF India),2024-03-06,1978.3302,25,INR,KDQ,SKODA Kodiaq,SKODA,Full-size SUV (CKD),4200,0.35,ZFI,ZF India,international,0.55,3,CHS,Chassis,Steel,A,4923,7.565,PO-KDQ-CHS-00436-202403-1
KDQ-CHS-00436,Chassis A05 - SKODA Kodiaq (ZF India),2024-03-13,1967.4202,25,INR,KDQ,SKODA Kodiaq,SKODA,Full-size SUV (CKD),4200,0.35,ZFI,ZF India,international,0.55,3,CHS,Chassis,Steel,A,4923,7.565,PO-KDQ-CHS-00436-202403-2
KDQ-CHS-00436,Chassis A05 - SKODA Kodiaq (ZF India),2024-04-06,,11,INR,KDQ,SKODA Kodiaq,SKODA,Full-size SUV (CKD),4200,0.35,ZFI,ZF India,international,0.55,3,CHS,Chassis,Steel,A,4923,7.565,PO-KDQ-CHS-00436-202404-1
KDQ-CHS-00436,Chassis A05 - SKODA Kodiaq (ZF India),2024-04-13,,23,INR,KDQ,SKODA Kodiaq,SKODA,Full-size SUV (CKD),4200,0.35,ZFI,ZF India,international,0.55,3,CHS,Chassis,Steel,A,4923,7.565,PO-KDQ-CHS-00436-202404-2
KDQ-CHS-00436,Chassis A05 - SKODA Kodiaq (ZF India),2024-04-20,,17,INR,KDQ,SKODA Kodiaq,SKODA,Full-size SUV (CKD),4200,0.35,ZFI,ZF India,international,0.55,3,CHS,Chassis,Steel,A,4923,7.565,PO-KDQ-CHS-00436-202404-3
KDQ-CHS-00436,Chassis A05 - SKODA Kodiaq (ZF India),2024-05-06,2007.0831,50,INR,KDQ,SKODA Kodiaq,SKODA,Full-size SUV (CKD),4200,0.35,ZFI,ZF India,international,0.55,3,CHS,Chassis,Steel,A,4923,7.565,PO-KDQ-CHS-00436-202405-1
KDQ-CHS-00436,Chassis A05 - SKODA Kodiaq (ZF India),2024-06-06,2000.4234,50,INR,KDQ,SKODA Kodiaq,SKODA,Full-size SUV (CKD),4200,0.35,ZFI,ZF India,international,0.55,3,CHS,Chassis,Steel,A,4923,7.565,PO-KDQ-CHS-00436-202406-1
KDQ-CHS-00436,Chassis A05 - SKODA Kodiaq (ZF India),2024-07-06,1992.2267,25,INR,KDQ,SKODA Kodiaq,SKODA,Full-size SUV (CKD),4200,0.35,ZFI,ZF India,international,0.55,3,CHS,Chassis,Steel,A,4923,7.565,PO-KDQ-CHS-00436-202407-1
KDQ-CHS-00436,Chassis A05 - SKODA Kodiaq (ZF India),2024-07-13,1997.5413,5,INR,KDQ,SKODA Kodiaq,SKODA,Full-size SUV (CKD),4200,0.35,ZFI,ZF India,international,0.55,3,CHS,Chassis,Steel,A,4923,7.565,PO-KDQ-CHS-00436-202407-2
KDQ-CHS-00436,Chassis A05 - SKODA Kodiaq (ZF India),2024-07-20,1984.7791,21,INR,KDQ,SKODA Kodiaq,SKODA,Full-size SUV (CKD),4200,0.35,ZFI,ZF India,international,0.55,3,CHS,Chassis,Steel,A,4923,7.565,PO-KDQ-CHS-00436-202407-3
KDQ-CHS-00436,Chassis A05 - SKODA Kodiaq (ZF India),2024-08-06,1969.4081,50,INR,KDQ,SKODA Kodiaq,SKODA,Full-size SUV (CKD),4200,0.35,ZFI,ZF India,international,0.55,3,CHS,Chassis,Steel,A,4923,7.565,PO-KDQ-CHS-00436-202408-1
KDQ-CHS-00436,Chassis A05 - SKODA Kodiaq (ZF India),2024-09-06,1926.5885,6,INR,KDQ,SKODA Kodiaq,SKODA,Full-size SUV (CKD),4200,0.35,ZFI,ZF India,international,0.55,3,CHS,Chassis,Steel,A,4923,7.565,PO-KDQ-CHS-00436-202409-1
KDQ-CHS-00436,Chassis A05 - SKODA Kodiaq (ZF India),2024-09-13,1947.2042,44,INR,KDQ,SKODA Kodiaq,SKODA,Full-size SUV (CKD),4200,0.35,ZFI,ZF India,international,0.55,3,CHS,Chassis,Steel,A,4923,7.565,PO-KDQ-CHS-00436-202409-2
KDQ-CHS-00436,Chassis A05 - SKODA Kodiaq (ZF India),2024-10-06,1922.5172,50,INR,KDQ,SKODA Kodiaq,SKODA,Full-size SUV (CKD),4200,0.35,ZFI,ZF India,international,0.55,3,CHS,Chassis,Steel,A,4923,7.565,PO-KDQ-CHS-00436-202410-1
KDQ-CHS-00436,Chassis A05 - SKODA Kodiaq (ZF India),2024-11-06,1977.2321,25,INR,KDQ,SKODA Kodiaq,SKODA,Full-size SUV (CKD),4200,0.35,ZFI,ZF India,international,0.55,3,CHS,Chassis,Steel,A,4923,7.565,PO-KDQ-CHS-00436-202411-1
KDQ-CHS-00436,Chassis A05 - SKODA Kodiaq (ZF India),2024-11-13,1995.253,25,INR,KDQ,SKODA Kodiaq,SKODA,Full-size SUV (CKD),4200,0.35,ZFI,ZF India,international,0.55,3,CHS,Chassis,Steel,A,4923,7.565,PO-KDQ-CHS-00436-202411-2
KDQ-CHS-00436,Chassis A05 - SKODA Kodiaq (ZF India),2024-12-06,2025.4013,50,INR,KDQ,SKODA Kodiaq,SKODA,Full-size SUV (CKD),4200,0.35,ZFI,ZF India,international,0.55,3,CHS,Chassis,Steel,A,4923,7.565,PO-KDQ-CHS-00436-202412-1
KDQ-CHS-00436,Chassis A05 - SKODA Kodiaq (ZF India),2025-01-06,2000.5313,21,INR,KDQ,SKODA Kodiaq,SKODA,Full-size SUV (CKD),4200,0.35,ZFI,ZF India,international,0.55,3,CHS,Chassis,Steel,A,4923,7.565,PO-KDQ-CHS-00436-202501-1
KDQ-CHS-00436,Chassis A05 - SKODA Kodiaq (ZF India),2025-01-13,1996.5235,29,INR,KDQ,SKODA Kodiaq,SKODA,Full-size SUV (CKD),4200,0.35,ZFI,ZF India,international,0.55,3,CHS,Chassis,Steel,A,4923,7.565,PO-KDQ-CHS-00436-202501-2
KDQ-CHS-00436,Chassis A05 - SKODA Kodiaq (ZF India),2025-02-06,1937.7661,13,INR,KDQ,SKODA Kodiaq,SKODA,Full-size SUV (CKD),4200,0.35,ZFI,ZF India,international,0.55,3,CHS,Chassis,Steel,A,4923,7.565,PO-KDQ-CHS-00436-202502-1
KDQ-CHS-00436,Chassis A05 - SKODA Kodiaq (ZF India),2025-02-13,2011.3492,4,INR,KDQ,SKODA Kodiaq,SKODA,Full-size SUV (CKD),4200,0.35,ZFI,ZF India,international,0.55,3,CHS,Chassis,Steel,A,4923,7.565,PO-KDQ-CHS-00436-202502-2
KDQ-CHS-00436,Chassis A05 - SKODA Kodiaq (ZF India),2025-02-20,1964.6532,33,INR,KDQ,SKODA Kodiaq,SKODA,Full-size SUV (CKD),4200,0.35,ZFI,ZF India,international,0.55,3,CHS,Chassis,Steel,A,4923,7.565,PO-KDQ-CHS-00436-202502-3
KDQ-CHS-00436,Chassis A05 - SKODA Kodiaq (ZF India),2025-03-06,1994.2541,50,INR,KDQ,SKODA Kodiaq,SKODA,Full-size SUV (CKD),4200,0.35,ZFI,ZF India,international,0.55,3,CHS,Chassis,Steel,A,4923,7.565,PO-KDQ-CHS-00436-202503-1
KDQ-CHS-00436,Chassis A05 - SKODA Kodiaq (ZF India),2025-04-06,2002.1046,31,INR,KDQ,SKODA Kodiaq,SKODA,Full-size SUV (CKD),4200,0.35,ZFI,ZF India,international,0.55,3,CHS,Chassis,Steel,A,4923,7.565,PO-KDQ-CHS-00436-202504-1
KDQ-CHS-00436,Chassis A05 - SKODA Kodiaq (ZF India),2025-04-13,2002.5612,19,INR,KDQ,SKODA Kodiaq,SKODA,Full-size SUV (CKD),4200,0.35,ZFI,ZF India,international,0.55,3,CHS,Chassis,Steel,A,4923,7.565,PO-KDQ-CHS-00436-202504-2
KDQ-CHS-00436,Chassis A05 - SKODA Kodiaq (ZF India),2025-05-06,2070.3371,50,INR,KDQ,SKODA Kodiaq,SKODA,Full-size SUV (CKD),4200,0.35,ZFI,ZF India,international,0.55,3,CHS,Chassis,Steel,A,4923,7.565,PO-KDQ-CHS-00436-202505-1
KDQ-CHS-00436,Chassis A05 - SKODA Kodiaq (ZF India),2025-06-06,1977.8603,50,INR,KDQ,SKODA Kodiaq,SKODA,Full-size SUV (CKD),4200,0.35,ZFI,ZF India,international,0.55,3,CHS,Chassis,Steel,A,4923,7.565,PO-KDQ-CHS-00436-202506-1
KDQ-CHS-00436,Chassis A05 - SKODA Kodiaq (ZF India),2025-07-06,1959.2127,6,INR,KDQ,SKODA Kodiaq,SKODA,Full-size SUV (CKD),4200,0.35,ZFI,ZF India,international,0.55,3,CHS,Chassis,Steel,A,4923,7.565,PO-KDQ-CHS-00436-202507-1
KDQ-CHS-00436,Chassis A05 - SKODA Kodiaq (ZF India),2025-07-13,1967.8415,3,INR,KDQ,SKODA Kodiaq,SKODA,Full-size SUV (CKD),4200,0.35,ZFI,ZF India,international,0.55,3,CHS,Chassis,Steel,A,4923,7.565,PO-KDQ-CHS-00436-202507-2
KDQ-CHS-00436,Chassis A05 - SKODA Kodiaq (ZF India),2025-07-20,1967.4362,41,INR,KDQ,SKODA Kodiaq,SKODA,Full-size SUV (CKD),4200,0.35,ZFI,ZF India,international,0.55,3,CHS,Chassis,Steel,A,4923,7.565,PO-KDQ-CHS-00436-202507-3
KDQ-CHS-00436,Chassis A05 - SKODA Kodiaq (ZF India),2025-08-06,1979.7115,39,INR,KDQ,SKODA Kodiaq,SKODA,Full-size SUV (CKD),4200,0.35,ZFI,ZF India,international,0.55,3,CHS,Chassis,Steel,A,4923,7.565,PO-KDQ-CHS-00436-202508-1
KDQ-CHS-00436,Chassis A05 - SKODA Kodiaq (ZF India),2025-08-13,1975.2673,11,INR,KDQ,SKODA Kodiaq,SKODA,Full-size SUV (CKD),4200,0.35,ZFI,ZF India,international,0.55,3,CHS,Chassis,Steel,A,4923,7.565,PO-KDQ-CHS-00436-202508-2
KDQ-CHS-00436,Chassis A05 - SKODA Kodiaq (ZF India),2025-09-06,1988.9621,50,INR,KDQ,SKODA Kodiaq,SKODA,Full-size SUV (CKD),4200,0.35,ZFI,ZF India,international,0.55,3,CHS,Chassis,Steel,A,4923,7.565,PO-KDQ-CHS-00436-202509-1
KDQ-CHS-00436,Chassis A05 - SKODA Kodiaq (ZF India),2025-10-06,1980.9183,50,INR,KDQ,SKODA Kodiaq,SKODA,Full-size SUV (CKD),4200,0.35,ZFI,ZF India,international,0.55,3,CHS,Chassis,Steel,A,4923,7.565,PO-KDQ-CHS-00436-202510-1
KDQ-CHS-00436,Chassis A05 - SKODA Kodiaq (ZF India),2025-11-06,2010.103,4,INR,KDQ,SKODA Kodiaq,SKODA,Full-size SUV (CKD),4200,0.35,ZFI,ZF India,international,0.55,3,CHS,Chassis,Steel,A,4923,7.565,PO-KDQ-CHS-00436-202511-1
KDQ-CHS-00436,Chassis A05 - SKODA Kodiaq (ZF India),2025-11-13,1996.4969,37,INR,KDQ,SKODA Kodiaq,SKODA,Full-size SUV (CKD),4200,0.35,ZFI,ZF India,international,0.55,3,CHS,Chassis,Steel,A,4923,7.565,PO-KDQ-CHS-00436-202511-2
KDQ-CHS-00436,Chassis A05 - SKODA Kodiaq (ZF India),2025-11-20,2014.8083,9,INR,KDQ,SKODA Kodiaq,SKODA,Full-size SUV (CKD),4200,0.35,ZFI,ZF India,international,0.55,3,CHS,Chassis,Steel,A,4923,7.565,PO-KDQ-CHS-00436-202511-3
KDQ-CHS-00436,Chassis A05 - SKODA Kodiaq (ZF India),2025-12-06,1962.1202,45,INR,KDQ,SKODA Kodiaq,SKODA,Full-size SUV (CKD),4200,0.35,ZFI,ZF India,international,0.55,3,CHS,Chassis,Steel,A,4923,7.565,PO-KDQ-CHS-00436-202512-1
KDQ-CHS-00436,Chassis A05 - SKODA Kodiaq (ZF India),2025-12-13,1972.3368,5,INR,KDQ,SKODA Kodiaq,SKODA,Full-size SUV (CKD),4200,0.35,ZFI,ZF India,international,0.55,3,CHS,Chassis,Steel,A,4923,7.565,PO-KDQ-CHS-00436-202512-2
KDQ-CHS-00436,Chassis A05 - SKODA Kodiaq (ZF India),2026-01-06,2098.0595,50,INR,KDQ,SKODA Kodiaq,SKODA,Full-size SUV (CKD),4200,0.35,ZFI,ZF India,international,0.55,3,CHS,Chassis,Steel,A,4923,7.565,PO-KDQ-CHS-00436-202601-1
KDQ-CHS-00436,Chassis A05 - SKODA Kodiaq (ZF India),2026-02-06,2043.8183,50,INR,KDQ,SKODA Kodiaq,SKODA,Full-size SUV (CKD),4200,0.35,ZFI,ZF India,international,0.55,3,CHS,Chassis,Steel,A,4923,7.565,PO-KDQ-CHS-00436-202602-1
KDQ-CHS-00436,Chassis A05 - SKODA Kodiaq (ZF India),2026-03-06,2114.8338,50,INR,KDQ,SKODA Kodiaq,SKODA,Full-size SUV (CKD),4200,0.35,ZFI,ZF India,international,0.55,3,CHS,Chassis,Steel,A,4923,7.565,PO-KDQ-CHS-00436-202603-1
KDQ-CHS-00436,Chassis A05 - SKODA Kodiaq (ZF India),2026-04-06,2089.8514,50,INR,KDQ,SKODA Kodiaq,SKODA,Full-size SUV (CKD),4200,0.35,ZFI,ZF India,international,0.55,3,CHS,Chassis,Steel,A,4923,7.565,PO-KDQ-CHS-00436-202604-1
KDQ-CHS-00436,Chassis A05 - SKODA Kodiaq (ZF India),2026-05-06,2050.2452,29,INR,KDQ,SKODA Kodiaq,SKODA,Full-size SUV (CKD),4200,0.35,ZFI,ZF India,international,0.55,3,CHS,Chassis,Steel,A,4923,7.565,PO-KDQ-CHS-00436-202605-1
KDQ-CHS-00436,Chassis A05 - SKODA Kodiaq (ZF India),2026-05-13,2011.7764,21,INR,KDQ,SKODA Kodiaq,SKODA,Full-size SUV (CKD),4200,0.35,ZFI,ZF India,international,0.55,3,CHS,Chassis,Steel,A,4923,7.565,PO-KDQ-CHS-00436-202605-2
KDQ-CHS-00436,Chassis A05 - SKODA Kodiaq (ZF India),2026-06-06,1973.7459,25,INR,KDQ,SKODA Kodiaq,SKODA,Full-size SUV (CKD),4200,0.35,ZFI,ZF India,international,0.55,3,CHS,Chassis,Steel,A,4923,7.565,PO-KDQ-CHS-00436-202606-1
KDQ-CHS-00436,Chassis A05 - SKODA Kodiaq (ZF India),2026-06-13,2005.0285,4,INR,KDQ,SKODA Kodiaq,SKODA,Full-size SUV (CKD),4200,0.35,ZFI,ZF India,international,0.55,3,CHS,Chassis,Steel,A,4923,7.565,PO-KDQ-CHS-00436-202606-2
KDQ-CHS-00436,Chassis A05 - SKODA Kodiaq (ZF India),2026-06-20,2030.467,20,INR,KDQ,SKODA Kodiaq,SKODA,Full-size SUV (CKD),4200,0.35,ZFI,ZF India,international,0.55,3,CHS,Chassis,Steel,A,4923,7.565,PO-KDQ-CHS-00436-202606-3
KDQ-BRK-00448,Braking A07 - SKODA Kodiaq (ZF India),2023-07-06,2493.297,32,INR,KDQ,SKODA Kodiaq,SKODA,Full-size SUV (CKD),4200,0.35,ZFI,ZF India,international,0.55,3,BRK,Braking,Cast iron,A,7810,4.467,PO-KDQ-BRK-00448-202307-1
KDQ-BRK-00448,Braking A07 - SKODA Kodiaq (ZF India),2023-07-13,2492.0284,6,INR,KDQ,SKODA Kodiaq,SKODA,Full-size SUV (CKD),4200,0.35,ZFI,ZF India,international,0.55,3,BRK,Braking,Cast iron,A,7810,4.467,PO-KDQ-BRK-00448-202307-2
KDQ-BRK-00448,Braking A07 - SKODA Kodiaq (ZF India),2023-07-20,2488.7672,12,INR,KDQ,SKODA Kodiaq,SKODA,Full-size SUV (CKD),4200,0.35,ZFI,ZF India,international,0.55,3,BRK,Braking,Cast iron,A,7810,4.467,PO-KDQ-BRK-00448-202307-3
KDQ-BRK-00448,Braking A07 - SKODA Kodiaq (ZF India),2023-08-06,2483.4961,37,INR,KDQ,SKODA Kodiaq,SKODA,Full-size SUV (CKD),4200,0.35,ZFI,ZF India,international,0.55,3,BRK,Braking,Cast iron,A,7810,4.467,PO-KDQ-BRK-00448-202308-1
KDQ-BRK-00448,Braking A07 - SKODA Kodiaq (ZF India),2023-08-13,2476.6715,6,INR,KDQ,SKODA Kodiaq,SKODA,Full-size SUV (CKD),4200,0.35,ZFI,ZF India,international,0.55,3,BRK,Braking,Cast iron,A,7810,4.467,PO-KDQ-BRK-00448-202308-2
KDQ-BRK-00448,Braking A07 - SKODA Kodiaq (ZF India),2023-08-20,2473.4889,7,INR,KDQ,SKODA Kodiaq,SKODA,Full-size SUV (CKD),4200,0.35,ZFI,ZF India,international,0.55,3,BRK,Braking,Cast iron,A,7810,4.467,PO-KDQ-BRK-00448-202308-3
KDQ-BRK-00448,Braking A07 - SKODA Kodiaq (ZF India),2023-09-06,2472.1602,20,INR,KDQ,SKODA Kodiaq,SKODA,Full-size SUV (CKD),4200,0.35,ZFI,ZF India,international,0.55,3,BRK,Braking,Cast iron,A,7810,4.467,PO-KDQ-BRK-00448-202309-1
KDQ-BRK-00448,Braking A07 - SKODA Kodiaq (ZF India),2023-09-13,2498.3456,24,INR,KDQ,SKODA Kodiaq,SKODA,Full-size SUV (CKD),4200,0.35,ZFI,ZF India,international,0.55,3,BRK,Braking,Cast iron,A,7810,4.467,PO-KDQ-BRK-00448-202309-2
KDQ-BRK-00448,Braking A07 - SKODA Kodiaq (ZF India),2023-09-20,2484.7177,6,INR,KDQ,SKODA Kodiaq,SKODA,Full-size SUV (CKD),4200,0.35,ZFI,ZF India,international,0.55,3,BRK,Braking,Cast iron,A,7810,4.467,PO-KDQ-BRK-00448-202309-3
KDQ-BRK-00448,Braking A07 - SKODA Kodiaq (ZF India),2023-10-06,2534.0065,50,INR,KDQ,SKODA Kodiaq,SKODA,Full-size SUV (CKD),4200,0.35,ZFI,ZF India,international,0.55,3,BRK,Braking,Cast iron,A,7810,4.467,PO-KDQ-BRK-00448-202310-1
KDQ-BRK-00448,Braking A07 - SKODA Kodiaq (ZF India),2023-11-06,2616.7574,50,INR,KDQ,SKODA Kodiaq,SKODA,Full-size SUV (CKD),4200,0.35,ZFI,ZF India,international,0.55,3,BRK,Braking,Cast iron,A,7810,4.467,PO-KDQ-BRK-00448-202311-1
KDQ-BRK-00448,Braking A07 - SKODA Kodiaq (ZF India),2023-12-06,2681.8929,31,INR,KDQ,SKODA Kodiaq,SKODA,Full-size SUV (CKD),4200,0.35,ZFI,ZF India,international,0.55,3,BRK,Braking,Cast iron,A,7810,4.467,PO-KDQ-BRK-00448-202312-1
KDQ-BRK-00448,Braking A07 - SKODA Kodiaq (ZF India),2023-12-13,2665.9159,8,INR,KDQ,SKODA Kodiaq,SKODA,Full-size SUV (CKD),4200,0.35,ZFI,ZF India,international,0.55,3,BRK,Braking,Cast iron,A,7810,4.467,PO-KDQ-BRK-00448-202312-2
KDQ-BRK-00448,Braking A07 - SKODA Kodiaq (ZF India),2023-12-20,2598.9501,12,INR,KDQ,SKODA Kodiaq,SKODA,Full-size SUV (CKD),4200,0.35,ZFI,ZF India,international,0.55,3,BRK,Braking,Cast iron,A,7810,4.467,PO-KDQ-BRK-00448-202312-3
KDQ-BRK-00448,Braking A07 - SKODA Kodiaq (ZF India),2024-01-06,2529.3633,25,INR,KDQ,SKODA Kodiaq,SKODA,Full-size SUV (CKD),4200,0.35,ZFI,ZF India,international,0.55,3,BRK,Braking,Cast iron,A,7810,4.467,PO-KDQ-BRK-00448-202401-1
KDQ-BRK-00448,Braking A07 - SKODA Kodiaq (ZF India),2024-01-13,2508.924,25,INR,KDQ,SKODA Kodiaq,SKODA,Full-size SUV (CKD),4200,0.35,ZFI,ZF India,international,0.55,3,BRK,Braking,Cast iron,A,7810,4.467,PO-KDQ-BRK-00448-202401-2
KDQ-BRK-00448,Braking A07 - SKODA Kodiaq (ZF India),2024-02-06,2454.4031,50,INR,KDQ,SKODA Kodiaq,SKODA,Full-size SUV (CKD),4200,0.35,ZFI,ZF India,international,0.55,3,BRK,Braking,Cast iron,A,7810,4.467,PO-KDQ-BRK-00448-202402-1
KDQ-BRK-00448,Braking A07 - SKODA Kodiaq (ZF India),2024-03-06,2461.3019,18,INR,KDQ,SKODA Kodiaq,SKODA,Full-size SUV (CKD),4200,0.35,ZFI,ZF India,international,0.55,3,BRK,Braking,Cast iron,A,7810,4.467,PO-KDQ-BRK-00448-202403-1
KDQ-BRK-00448,Braking A07 - SKODA Kodiaq (ZF India),2024-03-13,2488.7719,23,INR,KDQ,SKODA Kodiaq,SKODA,Full-size SUV (CKD),4200,0.35,ZFI,ZF India,international,0.55,3,BRK,Braking,Cast iron,A,7810,4.467,PO-KDQ-BRK-00448-202403-2
KDQ-BRK-00448,Braking A07 - SKODA Kodiaq (ZF India),2024-03-20,2440.1629,9,INR,KDQ,SKODA Kodiaq,SKODA,Full-size SUV (CKD),4200,0.35,ZFI,ZF India,international,0.55,3,BRK,Braking,Cast iron,A,7810,4.467,PO-KDQ-BRK-00448-202403-3
KDQ-BRK-00448,Braking A07 - SKODA Kodiaq (ZF India),2024-04-06,2458.8247,28,INR,KDQ,SKODA Kodiaq,SKODA,Full-size SUV (CKD),4200,0.35,ZFI,ZF India,international,0.55,3,BRK,Braking,Cast iron,A,7810,4.467,PO-KDQ-BRK-00448-202404-1
KDQ-BRK-00448,Braking A07 - SKODA Kodiaq (ZF India),2024-04-13,2459.9783,5,INR,KDQ,SKODA Kodiaq,SKODA,Full-size SUV (CKD),4200,0.35,ZFI,ZF India,international,0.55,3,BRK,Braking,Cast iron,A,7810,4.467,PO-KDQ-BRK-00448-202404-2
KDQ-BRK-00448,Braking A07 - SKODA Kodiaq (ZF India),2024-04-20,2480.2086,17,INR,KDQ,SKODA Kodiaq,SKODA,Full-size SUV (CKD),4200,0.35,ZFI,ZF India,international,0.55,3,BRK,Braking,Cast iron,A,7810,4.467,PO-KDQ-BRK-00448-202404-3
KDQ-BRK-00448,Braking A07 - SKODA Kodiaq (ZF India),2024-05-06,2465.6254,24,INR,KDQ,SKODA Kodiaq,SKODA,Full-size SUV (CKD),4200,0.35,ZFI,ZF India,international,0.55,3,BRK,Braking,Cast iron,A,7810,4.467,PO-KDQ-BRK-00448-202405-1
KDQ-BRK-00448,Braking A07 - SKODA Kodiaq (ZF India),2024-05-13,2460.9849,26,INR,KDQ,SKODA Kodiaq,SKODA,Full-size SUV (CKD),4200,0.35,ZFI,ZF India,international,0.55,3,BRK,Braking,Cast iron,A,7810,4.467,PO-KDQ-BRK-00448-202405-2
KDQ-BRK-00448,Braking A07 - SKODA Kodiaq (ZF India),2024-06-06,2565.0442,27,INR,KDQ,SKODA Kodiaq,SKODA,Full-size SUV (CKD),4200,0.35,ZFI,ZF India,international,0.55,3,BRK,Braking,Cast iron,A,7810,4.467,PO-KDQ-BRK-00448-202406-1
KDQ-BRK-00448,Braking A07 - SKODA Kodiaq (ZF India),2024-06-13,2583.322,8,INR,KDQ,SKODA Kodiaq,SKODA,Full-size SUV (CKD),4200,0.35,ZFI,ZF India,international,0.55,3,BRK,Braking,Cast iron,A,7810,4.467,PO-KDQ-BRK-00448-202406-2
KDQ-BRK-00448,Braking A07 - SKODA Kodiaq (ZF India),2024-06-20,2611.2687,15,INR,KDQ,SKODA Kodiaq,SKODA,Full-size SUV (CKD),4200,0.35,ZFI,ZF India,international,0.55,3,BRK,Braking,Cast iron,A,7810,4.467,PO-KDQ-BRK-00448-202406-3
KDQ-BRK-00448,Braking A07 - SKODA Kodiaq (ZF India),2024-07-06,2598.0698,7,INR,KDQ,SKODA Kodiaq,SKODA,Full-size SUV (CKD),4200,0.35,ZFI,ZF India,international,0.55,3,BRK,Braking,Cast iron,A,7810,4.467,PO-KDQ-BRK-00448-202407-1
KDQ-BRK-00448,Braking A07 - SKODA Kodiaq (ZF India),2024-07-13,2565.4704,43,INR,KDQ,SKODA Kodiaq,SKODA,Full-size SUV (CKD),4200,0.35,ZFI,ZF India,international,0.55,3,BRK,Braking,Cast iron,A,7810,4.467,PO-KDQ-BRK-00448-202407-2
KDQ-BRK-00448,Braking A07 - SKODA Kodiaq (ZF India),2024-08-06,2657.2849,27,INR,KDQ,SKODA Kodiaq,SKODA,Full-size SUV (CKD),4200,0.35,ZFI,ZF India,international,0.55,3,BRK,Braking,Cast iron,A,7810,4.467,PO-KDQ-BRK-00448-202408-1
KDQ-BRK-00448,Braking A07 - SKODA Kodiaq (ZF India),2024-08-13,2622.5481,23,INR,KDQ,SKODA Kodiaq,SKODA,Full-size SUV (CKD),4200,0.35,ZFI,ZF India,international,0.55,3,BRK,Braking,Cast iron,A,7810,4.467,PO-KDQ-BRK-00448-202408-2
KDQ-BRK-00448,Braking A07 - SKODA Kodiaq (ZF India),2024-09-06,2673.3253,50,INR,KDQ,SKODA Kodiaq,SKODA,Full-size SUV (CKD),4200,0.35,ZFI,ZF India,international,0.55,3,BRK,Braking,Cast iron,A,7810,4.467,PO-KDQ-BRK-00448-202409-1
KDQ-BRK-00448,Braking A07 - SKODA Kodiaq (ZF India),2024-10-06,2659.3755,23,INR,KDQ,SKODA Kodiaq,SKODA,Full-size SUV (CKD),4200,0.35,ZFI,ZF India,international,0.55,3,BRK,Braking,Cast iron,A,7810,4.467,PO-KDQ-BRK-00448-202410-1
KDQ-BRK-00448,Braking A07 - SKODA Kodiaq (ZF India),2024-10-13,2637.1782,27,INR,KDQ,SKODA Kodiaq,SKODA,Full-size SUV (CKD),4200,0.35,ZFI,ZF India,international,0.55,3,BRK,Braking,Cast iron,A,7810,4.467,PO-KDQ-BRK-00448-202410-2
KDQ-BRK-00448,Braking A07 - SKODA Kodiaq (ZF India),2024-10-20,2643.1031,1,INR,KDQ,SKODA Kodiaq,SKODA,Full-size SUV (CKD),4200,0.35,ZFI,ZF India,international,0.55,3,BRK,Braking,Cast iron,A,7810,4.467,PO-KDQ-BRK-00448-202410-3
KDQ-BRK-00448,Braking A07 - SKODA Kodiaq (ZF India),2024-11-06,2637.9648,50,INR,KDQ,SKODA Kodiaq,SKODA,Full-size SUV (CKD),4200,0.35,ZFI,ZF India,international,0.55,3,BRK,Braking,Cast iron,A,7810,4.467,PO-KDQ-BRK-00448-202411-1
KDQ-BRK-00448,Braking A07 - SKODA Kodiaq (ZF India),2024-12-06,2685.8366,50,INR,KDQ,SKODA Kodiaq,SKODA,Full-size SUV (CKD),4200,0.35,ZFI,ZF India,international,0.55,3,BRK,Braking,Cast iron,A,7810,4.467,PO-KDQ-BRK-00448-202412-1
KDQ-BRK-00448,Braking A07 - SKODA Kodiaq (ZF India),2025-01-06,2722.4262,4,INR,KDQ,SKODA Kodiaq,SKODA,Full-size SUV (CKD),4200,0.35,ZFI,ZF India,international,0.55,3,BRK,Braking,Cast iron,A,7810,4.467,PO-KDQ-BRK-00448-202501-1
KDQ-BRK-00448,Braking A07 - SKODA Kodiaq (ZF India),2025-01-13,2728.2745,46,INR,KDQ,SKODA Kodiaq,SKODA,Full-size SUV (CKD),4200,0.35,ZFI,ZF India,international,0.55,3,BRK,Braking,Cast iron,A,7810,4.467,PO-KDQ-BRK-00448-202501-2
KDQ-BRK-00448,Braking A07 - SKODA Kodiaq (ZF India),2025-02-06,2580.4723,21,INR,KDQ,SKODA Kodiaq,SKODA,Full-size SUV (CKD),4200,0.35,ZFI,ZF India,international,0.55,3,BRK,Braking,Cast iron,A,7810,4.467,PO-KDQ-BRK-00448-202502-1
KDQ-BRK-00448,Braking A07 - SKODA Kodiaq (ZF India),2025-02-13,2598.1068,17,INR,KDQ,SKODA Kodiaq,SKODA,Full-size SUV (CKD),4200,0.35,ZFI,ZF India,international,0.55,3,BRK,Braking,Cast iron,A,7810,4.467,PO-KDQ-BRK-00448-202502-2
KDQ-BRK-00448,Braking A07 - SKODA Kodiaq (ZF India),2025-02-20,2578.199,12,INR,KDQ,SKODA Kodiaq,SKODA,Full-size SUV (CKD),4200,0.35,ZFI,ZF India,international,0.55,3,BRK,Braking,Cast iron,A,7810,4.467,PO-KDQ-BRK-00448-202502-3
KDQ-BRK-00448,Braking A07 - SKODA Kodiaq (ZF India),2025-03-06,2493.6733,40,INR,KDQ,SKODA Kodiaq,SKODA,Full-size SUV (CKD),4200,0.35,ZFI,ZF India,international,0.55,3,BRK,Braking,Cast iron,A,7810,4.467,PO-KDQ-BRK-00448-202503-1
KDQ-BRK-00448,Braking A07 - SKODA Kodiaq (ZF India),2025-03-13,2470.7878,10,INR,KDQ,SKODA Kodiaq,SKODA,Full-size SUV (CKD),4200,0.35,ZFI,ZF India,international,0.55,3,BRK,Braking,Cast iron,A,7810,4.467,PO-KDQ-BRK-00448-202503-2
KDQ-BRK-00448,Braking A07 - SKODA Kodiaq (ZF India),2025-04-06,2564.513,46,INR,KDQ,SKODA Kodiaq,SKODA,Full-size SUV (CKD),4200,0.35,ZFI,ZF India,international,0.55,3,BRK,Braking,Cast iron,A,7810,4.467,PO-KDQ-BRK-00448-202504-1
KDQ-BRK-00448,Braking A07 - SKODA Kodiaq (ZF India),2025-04-13,2540.7465,4,INR,KDQ,SKODA Kodiaq,SKODA,Full-size SUV (CKD),4200,0.35,ZFI,ZF India,international,0.55,3,BRK,Braking,Cast iron,A,7810,4.467,PO-KDQ-BRK-00448-202504-2
KDQ-BRK-00448,Braking A07 - SKODA Kodiaq (ZF India),2025-05-06,2687.2484,50,INR,KDQ,SKODA Kodiaq,SKODA,Full-size SUV (CKD),4200,0.35,ZFI,ZF India,international,0.55,3,BRK,Braking,Cast iron,A,7810,4.467,PO-KDQ-BRK-00448-202505-1
KDQ-BRK-00448,Braking A07 - SKODA Kodiaq (ZF India),2025-06-06,2686.5137,48,INR,KDQ,SKODA Kodiaq,SKODA,Full-size SUV (CKD),4200,0.35,ZFI,ZF India,international,0.55,3,BRK,Braking,Cast iron,A,7810,4.467,PO-KDQ-BRK-00448-202506-1
KDQ-BRK-00448,Braking A07 - SKODA Kodiaq (ZF India),2025-06-13,2736.3361,2,INR,KDQ,SKODA Kodiaq,SKODA,Full-size SUV (CKD),4200,0.35,ZFI,ZF India,international,0.55,3,BRK,Braking,Cast iron,A,7810,4.467,PO-KDQ-BRK-00448-202506-2
KDQ-BRK-00448,Braking A07 - SKODA Kodiaq (ZF India),2025-07-06,2794.1665,43,INR,KDQ,SKODA Kodiaq,SKODA,Full-size SUV (CKD),4200,0.35,ZFI,ZF India,international,0.55,3,BRK,Braking,Cast iron,A,7810,4.467,PO-KDQ-BRK-00448-202507-1
KDQ-BRK-00448,Braking A07 - SKODA Kodiaq (ZF India),2025-07-13,2759.1583,7,INR,KDQ,SKODA Kodiaq,SKODA,Full-size SUV (CKD),4200,0.35,ZFI,ZF India,international,0.55,3,BRK,Braking,Cast iron,A,7810,4.467,PO-KDQ-BRK-00448-202507-2
KDQ-BRK-00448,Braking A07 - SKODA Kodiaq (ZF India),2025-08-06,2750.4073,50,INR,KDQ,SKODA Kodiaq,SKODA,Full-size SUV (CKD),4200,0.35,ZFI,ZF India,international,0.55,3,BRK,Braking,Cast iron,A,7810,4.467,PO-KDQ-BRK-00448-202508-1
KDQ-BRK-00448,Braking A07 - SKODA Kodiaq (ZF India),2025-09-06,2753.2734,50,INR,KDQ,SKODA Kodiaq,SKODA,Full-size SUV (CKD),4200,0.35,ZFI,ZF India,international,0.55,3,BRK,Braking,Cast iron,A,7810,4.467,PO-KDQ-BRK-00448-202509-1
KDQ-BRK-00448,Braking A07 - SKODA Kodiaq (ZF India),2025-10-06,2686.7918,50,INR,KDQ,SKODA Kodiaq,SKODA,Full-size SUV (CKD),4200,0.35,ZFI,ZF India,international,0.55,3,BRK,Braking,Cast iron,A,7810,4.467,PO-KDQ-BRK-00448-202510-1
KDQ-BRK-00448,Braking A07 - SKODA Kodiaq (ZF India),2025-11-06,2728.631,46,INR,KDQ,SKODA Kodiaq,SKODA,Full-size SUV (CKD),4200,0.35,ZFI,ZF India,international,0.55,3,BRK,Braking,Cast iron,A,7810,4.467,PO-KDQ-BRK-00448-202511-1
KDQ-BRK-00448,Braking A07 - SKODA Kodiaq (ZF India),2025-11-13,2763.347,2,INR,KDQ,SKODA Kodiaq,SKODA,Full-size SUV (CKD),4200,0.35,ZFI,ZF India,international,0.55,3,BRK,Braking,Cast iron,A,7810,4.467,PO-KDQ-BRK-00448-202511-2
KDQ-BRK-00448,Braking A07 - SKODA Kodiaq (ZF India),2025-11-20,2778.8258,3,INR,KDQ,SKODA Kodiaq,SKODA,Full-size SUV (CKD),4200,0.35,ZFI,ZF India,international,0.55,3,BRK,Braking,Cast iron,A,7810,4.467,PO-KDQ-BRK-00448-202511-3
KDQ-BRK-00448,Braking A07 - SKODA Kodiaq (ZF India),2025-12-06,2651.1285,2,INR,KDQ,SKODA Kodiaq,SKODA,Full-size SUV (CKD),4200,0.35,ZFI,ZF India,international,0.55,3,BRK,Braking,Cast iron,A,7810,4.467,PO-KDQ-BRK-00448-202512-1
KDQ-BRK-00448,Braking A07 - SKODA Kodiaq (ZF India),2025-12-13,2706.4332,27,INR,KDQ,SKODA Kodiaq,SKODA,Full-size SUV (CKD),4200,0.35,ZFI,ZF India,international,0.55,3,BRK,Braking,Cast iron,A,7810,4.467,PO-KDQ-BRK-00448-202512-2
KDQ-BRK-00448,Braking A07 - SKODA Kodiaq (ZF India),2025-12-20,2761.7332,21,INR,KDQ,SKODA Kodiaq,SKODA,Full-size SUV (CKD),4200,0.35,ZFI,ZF India,international,0.55,3,BRK,Braking,Cast iron,A,7810,4.467,PO-KDQ-BRK-00448-202512-3
KDQ-BRK-00448,Braking A07 - SKODA Kodiaq (ZF India),2026-01-06,2827.3925,41,INR,KDQ,SKODA Kodiaq,SKODA,Full-size SUV (CKD),4200,0.35,ZFI,ZF India,international,0.55,3,BRK,Braking,Cast iron,A,7810,4.467,PO-KDQ-BRK-00448-202601-1
KDQ-BRK-00448,Braking A07 - SKODA Kodiaq (ZF India),2026-01-13,2812.4264,9,INR,KDQ,SKODA Kodiaq,SKODA,Full-size SUV (CKD),4200,0.35,ZFI,ZF India,international,0.55,3,BRK,Braking,Cast iron,A,7810,4.467,PO-KDQ-BRK-00448-202601-2
KDQ-BRK-00448,Braking A07 - SKODA Kodiaq (ZF India),2026-02-06,2908.0583,14,INR,KDQ,SKODA Kodiaq,SKODA,Full-size SUV (CKD),4200,0.35,ZFI,ZF India,international,0.55,3,BRK,Braking,Cast iron,A,7810,4.467,PO-KDQ-BRK-00448-202602-1
KDQ-BRK-00448,Braking A07 - SKODA Kodiaq (ZF India),2026-02-13,2863.6188,36,INR,KDQ,SKODA Kodiaq,SKODA,Full-size SUV (CKD),4200,0.35,ZFI,ZF India,international,0.55,3,BRK,Braking,Cast iron,A,7810,4.467,PO-KDQ-BRK-00448-202602-2
KDQ-BRK-00448,Braking A07 - SKODA Kodiaq (ZF India),2026-03-06,2797.7307,2,INR,KDQ,SKODA Kodiaq,SKODA,Full-size SUV (CKD),4200,0.35,ZFI,ZF India,international,0.55,3,BRK,Braking,Cast iron,A,7810,4.467,PO-KDQ-BRK-00448-202603-1
KDQ-BRK-00448,Braking A07 - SKODA Kodiaq (ZF India),2026-03-13,2820.9645,26,INR,KDQ,SKODA Kodiaq,SKODA,Full-size SUV (CKD),4200,0.35,ZFI,ZF India,international,0.55,3,BRK,Braking,Cast iron,A,7810,4.467,PO-KDQ-BRK-00448-202603-2
KDQ-BRK-00448,Braking A07 - SKODA Kodiaq (ZF India),2026-03-20,2799.9434,21,INR,KDQ,SKODA Kodiaq,SKODA,Full-size SUV (CKD),4200,0.35,ZFI,ZF India,international,0.55,3,BRK,Braking,Cast iron,A,7810,4.467,PO-KDQ-BRK-00448-202603-3
KDQ-BRK-00448,Braking A07 - SKODA Kodiaq (ZF India),2026-04-06,2747.6232,50,INR,KDQ,SKODA Kodiaq,SKODA,Full-size SUV (CKD),4200,0.35,ZFI,ZF India,international,0.55,3,BRK,Braking,Cast iron,A,7810,4.467,PO-KDQ-BRK-00448-202604-1
KDQ-BRK-00448,Braking A07 - SKODA Kodiaq (ZF India),2026-05-06,2716.7225,24,INR,KDQ,SKODA Kodiaq,SKODA,Full-size SUV (CKD),4200,0.35,ZFI,ZF India,international,0.55,3,BRK,Braking,Cast iron,A,7810,4.467,PO-KDQ-BRK-00448-202605-1
KDQ-BRK-00448,Braking A07 - SKODA Kodiaq (ZF India),2026-05-13,2730.4115,26,INR,KDQ,SKODA Kodiaq,SKODA,Full-size SUV (CKD),4200,0.35,ZFI,ZF India,international,0.55,3,BRK,Braking,Cast iron,A,7810,4.467,PO-KDQ-BRK-00448-202605-2
KDQ-BRK-00448,Braking A07 - SKODA Kodiaq (ZF India),2026-06-06,2930.1793,50,INR,KDQ,SKODA Kodiaq,SKODA,Full-size SUV (CKD),4200,0.35,ZFI,ZF India,international,0.55,3,BRK,Braking,Cast iron,A,7810,4.467,PO-KDQ-BRK-00448-202606-1
KDQ-ELC-00466,Electrical A15 - SKODA Kodiaq (Varroc Engineering),2023-07-06,1531.9538,6,INR,KDQ,SKODA Kodiaq,SKODA,Full-size SUV (CKD),4200,0.35,VRC,Varroc Engineering,domestic,0.26,3,ELC,Electrical,Copper,A,3665,3.345,PO-KDQ-ELC-00466-202307-1
KDQ-ELC-00466,Electrical A15 - SKODA Kodiaq (Varroc Engineering),2023-07-13,1557.5482,31,INR,KDQ,SKODA Kodiaq,SKODA,Full-size SUV (CKD),4200,0.35,VRC,Varroc Engineering,domestic,0.26,3,ELC,Electrical,Copper,A,3665,3.345,PO-KDQ-ELC-00466-202307-2
KDQ-ELC-00466,Electrical A15 - SKODA Kodiaq (Varroc Engineering),2023-07-20,1571.2303,13,INR,KDQ,SKODA Kodiaq,SKODA,Full-size SUV (CKD),4200,0.35,VRC,Varroc Engineering,domestic,0.26,3,ELC,Electrical,Copper,A,3665,3.345,PO-KDQ-ELC-00466-202307-3
KDQ-ELC-00466,Electrical A15 - SKODA Kodiaq (Varroc Engineering),2023-08-06,1615.9226,50,INR,KDQ,SKODA Kodiaq,SKODA,Full-size SUV (CKD),4200,0.35,VRC,Varroc Engineering,domestic,0.26,3,ELC,Electrical,Copper,A,3665,3.345,PO-KDQ-ELC-00466-202308-1
KDQ-ELC-00466,Electrical A15 - SKODA Kodiaq (Varroc Engineering),2023-09-06,1660.5986,50,INR,KDQ,SKODA Kodiaq,SKODA,Full-size SUV (CKD),4200,0.35,VRC,Varroc Engineering,domestic,0.26,3,ELC,Electrical,Copper,A,3665,3.345,PO-KDQ-ELC-00466-202309-1
KDQ-ELC-00466,Electrical A15 - SKODA Kodiaq (Varroc Engineering),2023-10-06,1714.7076,12,INR,KDQ,SKODA Kodiaq,SKODA,Full-size SUV (CKD),4200,0.35,VRC,Varroc Engineering,domestic,0.26,3,ELC,Electrical,Copper,A,3665,3.345,PO-KDQ-ELC-00466-202310-1
KDQ-ELC-00466,Electrical A15 - SKODA Kodiaq (Varroc Engineering),2023-10-13,1687.553,38,INR,KDQ,SKODA Kodiaq,SKODA,Full-size SUV (CKD),4200,0.35,VRC,Varroc Engineering,domestic,0.26,3,ELC,Electrical,Copper,A,3665,3.345,PO-KDQ-ELC-00466-202310-2
KDQ-ELC-00466,Electrical A15 - SKODA Kodiaq (Varroc Engineering),2023-11-06,1781.5965,50,INR,KDQ,SKODA Kodiaq,SKODA,Full-size SUV (CKD),4200,0.35,VRC,Varroc Engineering,domestic,0.26,3,ELC,Electrical,Copper,A,3665,3.345,PO-KDQ-ELC-00466-202311-1
KDQ-ELC-00466,Electrical A15 - SKODA Kodiaq (Varroc Engineering),2023-12-06,1746.924,33,INR,KDQ,SKODA Kodiaq,SKODA,Full-size SUV (CKD),4200,0.35,VRC,Varroc Engineering,domestic,0.26,3,ELC,Electrical,Copper,A,3665,3.345,PO-KDQ-ELC-00466-202312-1
KDQ-ELC-00466,Electrical A15 - SKODA Kodiaq (Varroc Engineering),2023-12-13,1738.4661,17,INR,KDQ,SKODA Kodiaq,SKODA,Full-size SUV (CKD),4200,0.35,VRC,Varroc Engineering,domestic,0.26,3,ELC,Electrical,Copper,A,3665,3.345,PO-KDQ-ELC-00466-202312-2
KDQ-ELC-00466,Electrical A15 - SKODA Kodiaq (Varroc Engineering),2024-01-06,1833.8898,42,INR,KDQ,SKODA Kodiaq,SKODA,Full-size SUV (CKD),4200,0.35,VRC,Varroc Engineering,domestic,0.26,3,ELC,Electrical,Copper,A,3665,3.345,PO-KDQ-ELC-00466-202401-1
KDQ-ELC-00466,Electrical A15 - SKODA Kodiaq (Varroc Engineering),2024-01-13,1855.2481,8,INR,KDQ,SKODA Kodiaq,SKODA,Full-size SUV (CKD),4200,0.35,VRC,Varroc Engineering,domestic,0.26,3,ELC,Electrical,Copper,A,3665,3.345,PO-KDQ-ELC-00466-202401-2
KDQ-ELC-00466,Electrical A15 - SKODA Kodiaq (Varroc Engineering),2024-02-06,1785.7685,50,INR,KDQ,SKODA Kodiaq,SKODA,Full-size SUV (CKD),4200,0.35,VRC,Varroc Engineering,domestic,0.26,3,ELC,Electrical,Copper,A,3665,3.345,PO-KDQ-ELC-00466-202402-1
KDQ-ELC-00466,Electrical A15 - SKODA Kodiaq (Varroc Engineering),2024-03-06,1757.7245,50,INR,KDQ,SKODA Kodiaq,SKODA,Full-size SUV (CKD),4200,0.35,VRC,Varroc Engineering,domestic,0.26,3,ELC,Electrical,Copper,A,3665,3.345,PO-KDQ-ELC-00466-202403-1
KDQ-ELC-00466,Electrical A15 - SKODA Kodiaq (Varroc Engineering),2024-04-06,1731.9068,50,INR,KDQ,SKODA Kodiaq,SKODA,Full-size SUV (CKD),4200,0.35,VRC,Varroc Engineering,domestic,0.26,3,ELC,Electrical,Copper,A,3665,3.345,PO-KDQ-ELC-00466-202404-1
KDQ-ELC-00466,Electrical A15 - SKODA Kodiaq (Varroc Engineering),2024-05-06,1612.2244,18,INR,KDQ,SKODA Kodiaq,SKODA,Full-size SUV (CKD),4200,0.35,VRC,Varroc Engineering,domestic,0.26,3,ELC,Electrical,Copper,A,3665,3.345,PO-KDQ-ELC-00466-202405-1
KDQ-ELC-00466,Electrical A15 - SKODA Kodiaq (Varroc Engineering),2024-05-13,1604.4748,25,INR,KDQ,SKODA Kodiaq,SKODA,Full-size SUV (CKD),4200,0.35,VRC,Varroc Engineering,domestic,0.26,3,ELC,Electrical,Copper,A,3665,3.345,PO-KDQ-ELC-00466-202405-2
KDQ-ELC-00466,Electrical A15 - SKODA Kodiaq (Varroc Engineering),2024-05-20,1623.4215,7,INR,KDQ,SKODA Kodiaq,SKODA,Full-size SUV (CKD),4200,0.35,VRC,Varroc Engineering,domestic,0.26,3,ELC,Electrical,Copper,A,3665,3.345,PO-KDQ-ELC-00466-202405-3
KDQ-ELC-00466,Electrical A15 - SKODA Kodiaq (Varroc Engineering),2024-06-06,1635.2962,3,INR,KDQ,SKODA Kodiaq,SKODA,Full-size SUV (CKD),4200,0.35,VRC,Varroc Engineering,domestic,0.26,3,ELC,Electrical,Copper,A,3665,3.345,PO-KDQ-ELC-00466-202406-1
KDQ-ELC-00466,Electrical A15 - SKODA Kodiaq (Varroc Engineering),2024-06-13,1627.6053,18,INR,KDQ,SKODA Kodiaq,SKODA,Full-size SUV (CKD),4200,0.35,VRC,Varroc Engineering,domestic,0.26,3,ELC,Electrical,Copper,A,3665,3.345,PO-KDQ-ELC-00466-202406-2
KDQ-ELC-00466,Electrical A15 - SKODA Kodiaq (Varroc Engineering),2024-06-20,1639.0377,29,INR,KDQ,SKODA Kodiaq,SKODA,Full-size SUV (CKD),4200,0.35,VRC,Varroc Engineering,domestic,0.26,3,ELC,Electrical,Copper,A,3665,3.345,PO-KDQ-ELC-00466-202406-3
KDQ-ELC-00466,Electrical A15 - SKODA Kodiaq (Varroc Engineering),2024-07-06,1586.0275,50,INR,KDQ,SKODA Kodiaq,SKODA,Full-size SUV (CKD),4200,0.35,VRC,Varroc Engineering,domestic,0.26,3,ELC,Electrical,Copper,A,3665,3.345,PO-KDQ-ELC-00466-202407-1
KDQ-ELC-00466,Electrical A15 - SKODA Kodiaq (Varroc Engineering),2024-08-06,1587.2182,4,INR,KDQ,SKODA Kodiaq,SKODA,Full-size SUV (CKD),4200,0.35,VRC,Varroc Engineering,domestic,0.26,3,ELC,Electrical,Copper,A,3665,3.345,PO-KDQ-ELC-00466-202408-1
KDQ-ELC-00466,Electrical A15 - SKODA Kodiaq (Varroc Engineering),2024-08-13,1599.8838,44,INR,KDQ,SKODA Kodiaq,SKODA,Full-size SUV (CKD),4200,0.35,VRC,Varroc Engineering,domestic,0.26,3,ELC,Electrical,Copper,A,3665,3.345,PO-KDQ-ELC-00466-202408-2
KDQ-ELC-00466,Electrical A15 - SKODA Kodiaq (Varroc Engineering),2024-08-20,1598.9571,2,INR,KDQ,SKODA Kodiaq,SKODA,Full-size SUV (CKD),4200,0.35,VRC,Varroc Engineering,domestic,0.26,3,ELC,Electrical,Copper,A,3665,3.345,PO-KDQ-ELC-00466-202408-3
KDQ-ELC-00466,Electrical A15 - SKODA Kodiaq (Varroc Engineering),2024-09-06,1686.0429,29,INR,KDQ,SKODA Kodiaq,SKODA,Full-size SUV (CKD),4200,0.35,VRC,Varroc Engineering,domestic,0.26,3,ELC,Electrical,Copper,A,3665,3.345,PO-KDQ-ELC-00466-202409-1
KDQ-ELC-00466,Electrical A15 - SKODA Kodiaq (Varroc Engineering),2024-09-13,1658.0615,21,INR,KDQ,SKODA Kodiaq,SKODA,Full-size SUV (CKD),4200,0.35,VRC,Varroc Engineering,domestic,0.26,3,ELC,Electrical,Copper,A,3665,3.345,PO-KDQ-ELC-00466-202409-2
KDQ-ELC-00466,Electrical A15 - SKODA Kodiaq (Varroc Engineering),2024-10-06,1667.8663,50,INR,KDQ,SKODA Kodiaq,SKODA,Full-size SUV (CKD),4200,0.35,VRC,Varroc Engineering,domestic,0.26,3,ELC,Electrical,Copper,A,3665,3.345,PO-KDQ-ELC-00466-202410-1
KDQ-ELC-00466,Electrical A15 - SKODA Kodiaq (Varroc Engineering),2024-11-06,1764.8344,50,INR,KDQ,SKODA Kodiaq,SKODA,Full-size SUV (CKD),4200,0.35,VRC,Varroc Engineering,domestic,0.26,3,ELC,Electrical,Copper,A,3665,3.345,PO-KDQ-ELC-00466-202411-1
KDQ-ELC-00466,Electrical A15 - SKODA Kodiaq (Varroc Engineering),2024-12-06,1779.3191,50,INR,KDQ,SKODA Kodiaq,SKODA,Full-size SUV (CKD),4200,0.35,VRC,Varroc Engineering,domestic,0.26,3,ELC,Electrical,Copper,A,3665,3.345,PO-KDQ-ELC-00466-202412-1
KDQ-ELC-00466,Electrical A15 - SKODA Kodiaq (Varroc Engineering),2025-01-06,1773.3292,12,INR,KDQ,SKODA Kodiaq,SKODA,Full-size SUV (CKD),4200,0.35,VRC,Varroc Engineering,domestic,0.26,3,ELC,Electrical,Copper,A,3665,3.345,PO-KDQ-ELC-00466-202501-1
KDQ-ELC-00466,Electrical A15 - SKODA Kodiaq (Varroc Engineering),2025-01-13,1808.7171,9,INR,KDQ,SKODA Kodiaq,SKODA,Full-size SUV (CKD),4200,0.35,VRC,Varroc Engineering,domestic,0.26,3,ELC,Electrical,Copper,A,3665,3.345,PO-KDQ-ELC-00466-202501-2
KDQ-ELC-00466,Electrical A15 - SKODA Kodiaq (Varroc Engineering),2025-01-20,1803.5151,29,INR,KDQ,SKODA Kodiaq,SKODA,Full-size SUV (CKD),4200,0.35,VRC,Varroc Engineering,domestic,0.26,3,ELC,Electrical,Copper,A,3665,3.345,PO-KDQ-ELC-00466-202501-3
KDQ-ELC-00466,Electrical A15 - SKODA Kodiaq (Varroc Engineering),2025-02-06,1813.3663,17,INR,KDQ,SKODA Kodiaq,SKODA,Full-size SUV (CKD),4200,0.35,VRC,Varroc Engineering,domestic,0.26,3,ELC,Electrical,Copper,A,3665,3.345,PO-KDQ-ELC-00466-202502-1
KDQ-ELC-00466,Electrical A15 - SKODA Kodiaq (Varroc Engineering),2025-02-13,1837.073,33,INR,KDQ,SKODA Kodiaq,SKODA,Full-size SUV (CKD),4200,0.35,VRC,Varroc Engineering,domestic,0.26,3,ELC,Electrical,Copper,A,3665,3.345,PO-KDQ-ELC-00466-202502-2
KDQ-ELC-00466,Electrical A15 - SKODA Kodiaq (Varroc Engineering),2025-03-06,1810.5568,50,INR,KDQ,SKODA Kodiaq,SKODA,Full-size SUV (CKD),4200,0.35,VRC,Varroc Engineering,domestic,0.26,3,ELC,Electrical,Copper,A,3665,3.345,PO-KDQ-ELC-00466-202503-1
KDQ-ELC-00466,Electrical A15 - SKODA Kodiaq (Varroc Engineering),2025-04-06,1713.0162,5,INR,KDQ,SKODA Kodiaq,SKODA,Full-size SUV (CKD),4200,0.35,VRC,Varroc Engineering,domestic,0.26,3,ELC,Electrical,Copper,A,3665,3.345,PO-KDQ-ELC-00466-202504-1
KDQ-ELC-00466,Electrical A15 - SKODA Kodiaq (Varroc Engineering),2025-04-13,1706.3001,41,INR,KDQ,SKODA Kodiaq,SKODA,Full-size SUV (CKD),4200,0.35,VRC,Varroc Engineering,domestic,0.26,3,ELC,Electrical,Copper,A,3665,3.345,PO-KDQ-ELC-00466-202504-2
KDQ-ELC-00466,Electrical A15 - SKODA Kodiaq (Varroc Engineering),2025-04-20,1688.1468,3,INR,KDQ,SKODA Kodiaq,SKODA,Full-size SUV (CKD),4200,0.35,VRC,Varroc Engineering,domestic,0.26,3,ELC,Electrical,Copper,A,3665,3.345,PO-KDQ-ELC-00466-202504-3
KDQ-ELC-00466,Electrical A15 - SKODA Kodiaq (Varroc Engineering),2025-05-06,1712.1604,20,INR,KDQ,SKODA Kodiaq,SKODA,Full-size SUV (CKD),4200,0.35,VRC,Varroc Engineering,domestic,0.26,3,ELC,Electrical,Copper,A,3665,3.345,PO-KDQ-ELC-00466-202505-1
KDQ-ELC-00466,Electrical A15 - SKODA Kodiaq (Varroc Engineering),2025-05-13,1679.115,7,INR,KDQ,SKODA Kodiaq,SKODA,Full-size SUV (CKD),4200,0.35,VRC,Varroc Engineering,domestic,0.26,3,ELC,Electrical,Copper,A,3665,3.345,PO-KDQ-ELC-00466-202505-2
KDQ-ELC-00466,Electrical A15 - SKODA Kodiaq (Varroc Engineering),2025-05-20,1682.3594,23,INR,KDQ,SKODA Kodiaq,SKODA,Full-size SUV (CKD),4200,0.35,VRC,Varroc Engineering,domestic,0.26,3,ELC,Electrical,Copper,A,3665,3.345,PO-KDQ-ELC-00466-202505-3
KDQ-ELC-00466,Electrical A15 - SKODA Kodiaq (Varroc Engineering),2025-06-06,1638.3623,50,INR,KDQ,SKODA Kodiaq,SKODA,Full-size SUV (CKD),4200,0.35,VRC,Varroc Engineering,domestic,0.26,3,ELC,Electrical,Copper,A,3665,3.345,PO-KDQ-ELC-00466-202506-1
KDQ-ELC-00466,Electrical A15 - SKODA Kodiaq (Varroc Engineering),2025-07-06,1631.7727,3,INR,KDQ,SKODA Kodiaq,SKODA,Full-size SUV (CKD),4200,0.35,VRC,Varroc Engineering,domestic,0.26,3,ELC,Electrical,Copper,A,3665,3.345,PO-KDQ-ELC-00466-202507-1
KDQ-ELC-00466,Electrical A15 - SKODA Kodiaq (Varroc Engineering),2025-07-13,1615.2797,38,INR,KDQ,SKODA Kodiaq,SKODA,Full-size SUV (CKD),4200,0.35,VRC,Varroc Engineering,domestic,0.26,3,ELC,Electrical,Copper,A,3665,3.345,PO-KDQ-ELC-00466-202507-2
KDQ-ELC-00466,Electrical A15 - SKODA Kodiaq (Varroc Engineering),2025-07-20,1617.6907,8,INR,KDQ,SKODA Kodiaq,SKODA,Full-size SUV (CKD),4200,0.35,VRC,Varroc Engineering,domestic,0.26,3,ELC,Electrical,Copper,A,3665,3.345,PO-KDQ-ELC-00466-202507-3
KDQ-ELC-00466,Electrical A15 - SKODA Kodiaq (Varroc Engineering),2025-08-06,,15,INR,KDQ,SKODA Kodiaq,SKODA,Full-size SUV (CKD),4200,0.35,VRC,Varroc Engineering,domestic,0.26,3,ELC,Electrical,Copper,A,3665,3.345,PO-KDQ-ELC-00466-202508-1
KDQ-ELC-00466,Electrical A15 - SKODA Kodiaq (Varroc Engineering),2025-08-13,,35,INR,KDQ,SKODA Kodiaq,SKODA,Full-size SUV (CKD),4200,0.35,VRC,Varroc Engineering,domestic,0.26,3,ELC,Electrical,Copper,A,3665,3.345,PO-KDQ-ELC-00466-202508-2
KDQ-ELC-00466,Electrical A15 - SKODA Kodiaq (Varroc Engineering),2025-09-06,1723.7404,18,INR,KDQ,SKODA Kodiaq,SKODA,Full-size SUV (CKD),4200,0.35,VRC,Varroc Engineering,domestic,0.26,3,ELC,Electrical,Copper,A,3665,3.345,PO-KDQ-ELC-00466-202509-1
KDQ-ELC-00466,Electrical A15 - SKODA Kodiaq (Varroc Engineering),2025-09-13,1756.7524,32,INR,KDQ,SKODA Kodiaq,SKODA,Full-size SUV (CKD),4200,0.35,VRC,Varroc Engineering,domestic,0.26,3,ELC,Electrical,Copper,A,3665,3.345,PO-KDQ-ELC-00466-202509-2
KDQ-ELC-00466,Electrical A15 - SKODA Kodiaq (Varroc Engineering),2025-10-06,1789.6048,5,INR,KDQ,SKODA Kodiaq,SKODA,Full-size SUV (CKD),4200,0.35,VRC,Varroc Engineering,domestic,0.26,3,ELC,Electrical,Copper,A,3665,3.345,PO-KDQ-ELC-00466-202510-1
KDQ-ELC-00466,Electrical A15 - SKODA Kodiaq (Varroc Engineering),2025-10-13,1799.2982,33,INR,KDQ,SKODA Kodiaq,SKODA,Full-size SUV (CKD),4200,0.35,VRC,Varroc Engineering,domestic,0.26,3,ELC,Electrical,Copper,A,3665,3.345,PO-KDQ-ELC-00466-202510-2
KDQ-ELC-00466,Electrical A15 - SKODA Kodiaq (Varroc Engineering),2025-10-20,1751.846,12,INR,KDQ,SKODA Kodiaq,SKODA,Full-size SUV (CKD),4200,0.35,VRC,Varroc Engineering,domestic,0.26,3,ELC,Electrical,Copper,A,3665,3.345,PO-KDQ-ELC-00466-202510-3
KDQ-ELC-00466,Electrical A15 - SKODA Kodiaq (Varroc Engineering),2025-11-06,1862.3197,50,INR,KDQ,SKODA Kodiaq,SKODA,Full-size SUV (CKD),4200,0.35,VRC,Varroc Engineering,domestic,0.26,3,ELC,Electrical,Copper,A,3665,3.345,PO-KDQ-ELC-00466-202511-1
KDQ-ELC-00466,Electrical A15 - SKODA Kodiaq (Varroc Engineering),2025-12-06,1904.0041,26,INR,KDQ,SKODA Kodiaq,SKODA,Full-size SUV (CKD),4200,0.35,VRC,Varroc Engineering,domestic,0.26,3,ELC,Electrical,Copper,A,3665,3.345,PO-KDQ-ELC-00466-202512-1
KDQ-ELC-00466,Electrical A15 - SKODA Kodiaq (Varroc Engineering),2025-12-13,1881.3137,24,INR,KDQ,SKODA Kodiaq,SKODA,Full-size SUV (CKD),4200,0.35,VRC,Varroc Engineering,domestic,0.26,3,ELC,Electrical,Copper,A,3665,3.345,PO-KDQ-ELC-00466-202512-2
KDQ-ELC-00466,Electrical A15 - SKODA Kodiaq (Varroc Engineering),2026-01-06,,48,INR,KDQ,SKODA Kodiaq,SKODA,Full-size SUV (CKD),4200,0.35,VRC,Varroc Engineering,domestic,0.26,3,ELC,Electrical,Copper,A,3665,3.345,PO-KDQ-ELC-00466-202601-1
KDQ-ELC-00466,Electrical A15 - SKODA Kodiaq (Varroc Engineering),2026-01-13,,2,INR,KDQ,SKODA Kodiaq,SKODA,Full-size SUV (CKD),4200,0.35,VRC,Varroc Engineering,domestic,0.26,3,ELC,Electrical,Copper,A,3665,3.345,PO-KDQ-ELC-00466-202601-2
KDQ-ELC-00466,Electrical A15 - SKODA Kodiaq (Varroc Engineering),2026-02-06,1934.5188,50,INR,KDQ,SKODA Kodiaq,SKODA,Full-size SUV (CKD),4200,0.35,VRC,Varroc Engineering,domestic,0.26,3,ELC,Electrical,Copper,A,3665,3.345,PO-KDQ-ELC-00466-202602-1
KDQ-ELC-00466,Electrical A15 - SKODA Kodiaq (Varroc Engineering),2026-03-06,1874.8917,50,INR,KDQ,SKODA Kodiaq,SKODA,Full-size SUV (CKD),4200,0.35,VRC,Varroc Engineering,domestic,0.26,3,ELC,Electrical,Copper,A,3665,3.345,PO-KDQ-ELC-00466-202603-1
KDQ-ELC-00466,Electrical A15 - SKODA Kodiaq (Varroc Engineering),2026-04-06,1825.435,50,INR,KDQ,SKODA Kodiaq,SKODA,Full-size SUV (CKD),4200,0.35,VRC,Varroc Engineering,domestic,0.26,3,ELC,Electrical,Copper,A,3665,3.345,PO-KDQ-ELC-00466-202604-1
KDQ-ELC-00466,Electrical A15 - SKODA Kodiaq (Varroc Engineering),2026-05-06,1778.7046,6,INR,KDQ,SKODA Kodiaq,SKODA,Full-size SUV (CKD),4200,0.35,VRC,Varroc Engineering,domestic,0.26,3,ELC,Electrical,Copper,A,3665,3.345,PO-KDQ-ELC-00466-202605-1
KDQ-ELC-00466,Electrical A15 - SKODA Kodiaq (Varroc Engineering),2026-05-13,1777.3058,44,INR,KDQ,SKODA Kodiaq,SKODA,Full-size SUV (CKD),4200,0.35,VRC,Varroc Engineering,domestic,0.26,3,ELC,Electrical,Copper,A,3665,3.345,PO-KDQ-ELC-00466-202605-2
KDQ-ELC-00466,Electrical A15 - SKODA Kodiaq (Varroc Engineering),2026-06-06,1751.4136,7,INR,KDQ,SKODA Kodiaq,SKODA,Full-size SUV (CKD),4200,0.35,VRC,Varroc Engineering,domestic,0.26,3,ELC,Electrical,Copper,A,3665,3.345,PO-KDQ-ELC-00466-202606-1
KDQ-ELC-00466,Electrical A15 - SKODA Kodiaq (Varroc Engineering),2026-06-13,1744.6636,31,INR,KDQ,SKODA Kodiaq,SKODA,Full-size SUV (CKD),4200,0.35,VRC,Varroc Engineering,domestic,0.26,3,ELC,Electrical,Copper,A,3665,3.345,PO-KDQ-ELC-00466-202606-2
KDQ-ELC-00466,Electrical A15 - SKODA Kodiaq (Varroc Engineering),2026-06-20,1735.7888,12,INR,KDQ,SKODA Kodiaq,SKODA,Full-size SUV (CKD),4200,0.35,VRC,Varroc Engineering,domestic,0.26,3,ELC,Electrical,Copper,A,3665,3.345,PO-KDQ-ELC-00466-202606-3
